source_paper_id,target_paper_id
18,4544
18,4545
18,4546
18,2744
18,4547
18,2953
18,2988
18,2998
18,4548
18,4549
18,4550
18,4551
18,4552
18,4553
18,4554
18,3235
18,3237
18,4555
18,4556
18,4557
18,4558
18,4559
18,4560
18,4561
18,4562
18,4563
18,4564
18,4565
18,4566
18,4567
18,4568
18,4569
18,4570
18,4571
18,4572
18,4573
18,4574
18,4575
18,4576
18,4577
18,4578
18,4579
18,4580
18,4581
18,4582
18,4583
18,4584
18,4393
18,4585
18,4586
18,4439
18,4446
18,4587
18,4588
18,4589
18,4590
18,4591
18,4592
18,4593
18,4594
18,4595
18,4596
18,4597
18,4598
18,4599
18,4543
18,4600
18,4601
18,4602
18,4603
18,4604
81,4605
81,4606
81,4607
81,4608
81,4609
81,4610
81,4611
81,4612
81,4613
81,4614
81,4615
81,4616
81,4617
81,4618
81,4619
81,4620
81,4621
81,4622
81,4623
81,4624
81,4625
81,4626
81,4627
81,3498
81,4628
81,4629
81,3698
81,4630
81,4631
81,4632
81,4633
81,4013
81,4634
81,4635
81,4636
81,4637
81,4638
81,4639
81,4640
81,4641
81,4642
81,4643
81,4599
81,4644
81,4645
88,4646
88,4647
88,4648
88,4649
88,4650
88,1360
88,4651
88,4652
88,4653
88,4654
88,4655
88,4656
88,4657
88,4658
88,4659
88,4660
88,2002
88,4661
88,4662
88,4663
88,4664
88,4665
88,4666
88,4667
88,2791
88,4668
88,4669
88,2993
88,4670
88,4671
88,3276
88,3303
88,3424
88,3434
88,4564
88,4672
88,3550
88,4673
88,3893
88,3921
88,4674
88,4675
88,4349
88,4676
88,4587
88,4454
88,4458
88,4677
88,4678
88,4679
88,4680
88,4681
88,4599
88,4682
88,4683
88,4684
88,4685
165,4686
165,4687
165,4688
165,4689
165,4690
165,3424
165,4691
165,3522
165,4692
165,4693
165,4694
165,4695
165,4696
165,4437
165,4439
165,4697
165,4698
165,4699
165,4599
165,4543
165,4700
165,4701
165,4702
165,4703
223,4704
223,4705
223,4706
223,4707
223,4708
223,4709
223,4710
223,4711
223,4712
223,4713
223,4714
223,4715
223,4716
223,4717
223,4718
223,4719
223,4720
223,4721
223,4722
223,4723
223,4724
223,4725
223,4726
223,4727
223,4728
223,4729
223,4730
223,4731
228,4732
228,4733
228,4734
228,4735
228,4736
228,2926
228,4737
228,4738
228,4739
228,4740
228,4741
228,4742
228,4743
228,4744
228,4745
228,4746
228,4747
228,4748
228,4749
228,4750
228,4751
228,4752
228,4753
228,4754
228,4755
228,4756
228,4757
228,4758
228,4759
228,4760
228,4761
228,4762
228,4597
228,4763
228,4764
228,4765
228,4766
228,4767
228,4768
237,4769
237,4770
237,4771
237,2260
237,2304
237,2549
237,3060
237,4772
237,3365
237,3434
237,3571
237,3598
237,4773
237,4774
237,4775
237,4582
237,4776
237,4777
237,4778
237,4779
237,4780
237,4781
237,4782
237,4678
237,4783
237,4595
237,4784
237,4785
237,4786
237,4787
237,4599
237,4543
237,4788
237,4789
237,4790
237,4791
237,4792
237,4793
237,4794
237,4795
237,4796
237,4797
237,4798
237,4799
237,4800
237,4801
237,4802
237,4803
237,4804
237,4805
237,4806
241,4807
241,4808
241,4809
241,4810
241,4811
241,4705
241,4812
241,4813
241,4814
241,4815
241,4816
241,4817
241,4818
241,4819
241,4820
241,4821
241,4822
241,4823
241,4824
241,4825
241,4768
241,4826
251,4827
251,4828
251,4829
251,4830
251,4831
251,4832
251,4833
251,4834
251,4835
251,4836
251,4837
251,4838
251,4839
251,4840
251,4841
251,4842
251,4843
251,4844
251,4845
251,4846
251,4847
251,4848
251,4849
251,4850
251,4851
254,4852
254,4853
254,4854
254,4855
254,4856
254,4857
254,4858
254,4859
254,4860
254,4861
254,4862
254,4863
254,4864
254,4865
254,4866
254,4867
254,4868
254,4869
254,4870
254,4599
254,4871
254,4872
254,4873
254,4874
259,4875
259,4876
259,4877
259,4878
259,4879
259,4880
259,4881
259,4882
259,4883
259,4884
259,4885
259,4886
259,4887
259,4888
259,4889
259,4890
259,4891
259,4892
261,4893
261,1220
261,4894
261,1950
261,2260
261,4895
261,2345
261,4896
261,2677
261,3262
261,3306
261,3714
261,3859
261,4897
261,4898
261,4354
261,4439
261,4676
261,4899
261,4900
261,4901
261,4902
261,4903
261,4904
261,4868
261,4679
261,4905
261,4681
261,4906
261,4599
261,4543
261,4907
261,4908
261,4909
261,4601
261,4910
261,4768
261,4603
262,4911
262,4912
262,4913
262,4914
262,4915
262,4916
262,4917
262,4918
262,4919
262,4920
262,4921
262,4922
262,4716
262,4923
262,4720
262,4924
262,4925
262,4926
262,4927
262,4928
262,4677
262,4929
262,4930
262,4931
262,4932
262,4933
262,4934
262,4935
262,4936
262,4937
262,4938
264,4939
264,4940
264,4941
264,4942
264,4943
264,4944
264,4945
264,4946
264,4947
264,4948
264,4949
264,4189
264,4359
264,4681
264,4599
264,4543
265,4950
265,4698
265,4951
265,4599
265,4543
265,4952
267,4953
267,4954
267,4955
267,4956
267,4957
267,4958
267,4959
267,4960
267,4961
267,4962
267,4963
267,4964
267,4965
267,4966
267,4967
267,4968
267,4969
267,4970
267,4971
267,4736
267,4972
267,2926
267,4737
267,4973
267,3087
267,4741
267,4974
267,4745
267,4746
267,4748
267,4749
267,4750
267,4975
267,4976
267,4977
267,4753
267,4978
267,4979
267,4980
267,4981
267,4756
267,4757
267,4982
267,4720
267,4983
267,4758
267,4984
267,4985
267,4986
267,4987
267,4988
267,4759
267,4989
267,4990
267,4762
267,4991
267,4992
267,4993
267,4994
267,4995
267,4764
267,4996
267,4766
267,4997
267,4998
267,4999
267,5000
267,5001
267,5002
267,5003
267,5004
267,5005
267,5006
267,5007
267,5008
267,4768
267,5009
267,5010
267,5011
267,5012
268,5013
268,5014
268,5015
268,5016
268,5017
268,5018
268,5019
268,5020
268,5021
268,5022
268,5023
268,5024
268,5025
268,5026
268,5027
268,5028
268,5029
268,5030
268,5031
268,5032
268,4421
268,5033
268,5034
268,4508
268,4872
268,5035
268,4910
268,5036
268,5037
269,5038
269,5039
269,5040
269,5041
269,5042
269,5043
269,5044
269,5045
269,5046
269,5047
269,5048
269,5049
269,3406
269,5050
269,3654
269,5051
269,5052
269,5053
269,5054
269,5055
269,5056
269,5057
269,4681
269,5058
269,4910
269,5059
269,5060
269,5061
269,5062
269,5063
269,5064
270,5018
270,5065
270,1274
270,1313
270,5066
270,5067
270,5068
270,1562
270,1628
270,5069
270,5070
270,5071
270,5072
270,5073
270,5074
270,5075
270,5076
270,5077
270,5078
270,5079
270,2490
270,5080
270,5081
270,3381
270,5082
270,4716
270,5083
270,5084
270,5085
270,5086
270,4758
270,5087
270,4359
270,5088
270,4458
270,4599
270,5089
270,5090
271,5091
271,5092
271,5093
271,5094
271,5095
271,5096
271,5097
271,5098
271,4705
271,5099
271,5100
271,5069
271,5101
271,5102
271,5103
271,5104
271,5073
271,5105
271,5106
271,5107
271,5108
271,5109
271,5110
271,5111
271,5026
271,5112
271,5113
271,5114
271,5115
271,5116
271,4857
271,5117
271,5118
271,5119
271,5120
271,5121
271,5122
271,5123
271,5124
271,4753
271,4755
271,5125
271,5126
271,5127
271,5128
271,5129
272,5130
272,5131
272,5132
272,1689
272,5133
272,5134
272,5135
272,5136
272,1970
272,5137
272,5138
272,5139
272,5140
272,5141
272,5142
272,5143
272,5144
272,5145
272,5146
272,5147
272,5148
272,5149
272,5150
272,5151
272,4857
272,5152
272,5153
272,5154
272,5155
272,5156
272,5157
272,5158
272,5159
272,4973
272,5160
272,5161
272,5162
272,5163
272,5164
272,4748
272,5165
272,5166
272,5167
272,5168
272,5169
272,5170
272,5171
272,5172
272,5173
272,5174
272,4753
272,5175
272,5176
272,5177
272,5178
272,5179
272,5180
272,5181
272,4587
272,5182
272,5183
272,5184
272,4600
273,5185
273,5186
273,5187
273,5188
273,2218
273,5189
273,2490
273,2535
273,5190
273,5191
273,3362
273,3702
273,3727
273,5192
273,5193
273,5194
273,5195
273,5196
273,5197
273,5198
273,5199
273,5200
273,5201
273,5202
273,5203
273,4910
273,5204
273,5205
274,5206
274,5207
274,1327
274,5208
274,5209
274,5210
274,5211
274,5212
274,5213
274,5214
274,5215
274,5216
274,5217
274,5218
274,5219
274,5220
274,5221
274,5222
274,5223
274,5224
274,5225
274,5226
274,5227
274,5228
274,5229
274,3459
274,5230
274,3661
274,5231
274,5232
274,5233
274,5234
274,5235
274,5236
274,5237
274,5238
274,5239
274,5240
274,5241
274,5242
274,5243
274,5244
274,5245
274,5246
274,5247
274,5248
274,4599
274,5249
274,5250
274,5251
274,5252
274,5253
274,5254
274,5255
274,5256
275,5257
275,5258
275,5259
275,5260
275,5261
275,5262
275,4868
275,5263
275,5264
275,5265
275,5266
275,5267
275,5268
275,5269
275,5270
275,5271
276,5272
276,5273
276,5274
276,5275
276,5276
276,5277
276,1651
276,5278
276,5279
276,5280
276,5281
276,5282
276,5283
276,5284
276,5285
276,5286
276,4920
276,5287
276,5288
276,5289
276,5290
276,5291
276,5292
276,5293
276,5124
276,5294
276,4716
276,5295
276,5087
276,5296
276,5297
276,5298
276,5299
276,5300
276,5301
276,5263
276,5302
276,5303
276,5304
276,4599
276,5305
276,5306
276,5307
276,5308
277,5309
277,5310
277,5311
277,5312
277,5313
277,5314
277,5315
277,5316
277,5317
277,5318
277,5319
277,5320
277,5321
277,5322
277,5323
277,5324
277,5325
277,5326
277,5327
277,5328
277,5329
277,5330
277,5331
277,5332
278,5333
278,935
278,5334
278,4705
278,1651
278,5278
278,5279
278,5335
278,5336
278,5337
278,5280
278,5284
278,5338
278,5285
278,5339
278,5340
278,5341
278,5342
278,5289
278,5343
278,5344
278,5345
278,4720
279,2022
279,2072
279,2105
279,5346
279,5347
279,5348
279,5349
279,4250
279,5350
279,5301
279,5351
279,4593
279,5352
279,5353
279,5267
279,5354
279,5355
279,5356
279,5269
279,5304
279,4599
279,4543
279,5357
279,5063
279,5064
279,5358
280,5359
280,5360
280,5361
280,5362
280,5363
280,5364
280,5365
280,5366
280,5367
280,5368
280,5369
280,5370
280,5371
280,5372
280,5373
280,5374
280,5375
280,5376
280,5377
280,5378
280,5379
280,5380
280,4599
280,5381
280,5382
280,5383
280,5384
281,5385
281,5386
281,5387
281,5388
281,3422
281,5389
281,5390
281,5391
281,3823
281,5392
281,5393
281,5394
281,5395
281,5396
281,5397
281,5398
281,4356
281,5399
281,5400
281,5401
281,5402
281,5403
281,4681
281,5404
281,5405
281,5406
282,5407
282,5408
282,5409
282,5410
282,5411
282,5412
282,5413
282,5414
282,5415
282,5416
282,5417
282,5418
282,5419
282,4273
282,5420
282,4904
282,5421
282,5422
282,5423
282,5424
283,5425
283,5426
283,5427
283,5428
283,5429
283,5430
283,5431
283,5432
283,5433
283,5434
283,5435
283,1653
283,5436
283,5437
283,5438
283,5439
283,5440
283,5441
283,2177
283,5442
283,5443
283,5444
283,5445
283,5446
283,5447
283,5448
283,5449
283,5450
283,5080
283,5451
283,5452
283,5453
283,5454
283,5455
283,5152
283,5117
283,5456
283,4883
283,5457
283,5458
283,5459
283,4716
283,5460
283,5461
283,5462
283,5463
283,5464
283,4599
283,5465
283,5466
283,5467
283,5468
283,5469
283,5470
283,5471
283,5472
283,5473
283,5474
283,5475
284,321
284,5476
284,5477
284,1231
284,1360
284,5478
284,1998
284,2022
284,2090
284,2002
284,2446
284,5479
284,2761
284,2766
284,2837
284,4883
284,5480
284,3424
284,3758
284,5172
284,3859
284,5481
284,3947
284,5482
284,5483
284,4755
284,5484
284,4696
284,4349
284,4359
284,4368
284,4439
284,4676
284,4677
284,5485
284,4761
284,4698
284,4930
284,4681
284,4599
284,4543
284,5486
284,4910
284,5487
284,5488
284,5489
284,5490
285,5491
285,5492
285,4716
285,5493
285,5403
285,4599
286,5494
286,5495
286,5496
286,5497
286,5498
286,5499
286,5500
286,5501
286,5502
286,5503
286,5504
286,5505
286,5506
286,5507
286,5508
286,5464
286,4599
286,5509
286,5510
286,5511
286,5512
287,5513
287,5514
287,5515
287,5516
287,5517
287,5518
287,5519
287,5520
287,5521
287,5522
287,5523
287,5524
287,5525
287,5526
287,5527
287,5528
287,4755
287,5529
287,4758
287,5530
287,4415
287,5531
287,5532
287,5533
287,5534
287,5535
287,5056
287,4930
287,5536
287,5057
287,5537
287,5538
287,5539
287,5540
288,2022
288,2299
288,2310
288,2550
288,5541
288,5542
288,5543
288,3230
288,3305
288,3400
288,5544
288,3710
288,3997
288,4755
288,5545
288,4349
288,4393
288,5546
288,5547
288,5548
288,4439
288,5549
288,5550
288,4868
288,5551
288,4698
288,4681
288,5552
288,4599
288,4543
288,5553
288,5539
288,5554
288,5555
288,5556
288,5063
289,5557
289,5558
289,2027
289,2880
289,5559
289,5560
289,5561
289,5562
289,4716
289,5563
289,4508
289,5564
289,5565
289,5566
289,5567
292,5568
292,1313
292,5569
292,5570
292,5571
292,5572
292,5573
292,5574
292,2442
292,2549
292,5575
292,4857
292,5576
292,5577
292,3237
292,5578
292,5579
292,5580
292,5581
292,5582
292,5583
292,5584
292,5585
292,3934
292,5586
292,5587
292,5588
292,5589
292,5590
292,4582
292,5591
292,5592
292,5593
292,5594
292,4777
292,5595
292,5596
292,5597
292,4779
292,5598
292,5599
292,5600
292,5601
292,5602
292,5603
292,5604
292,4677
292,4678
292,5605
292,5606
292,5607
292,4681
292,4785
292,5608
292,4787
292,5609
292,5610
292,5611
292,5612
292,4805
292,5613
292,5614
292,5615
293,5616
293,5617
293,4706
293,5618
293,5619
293,5071
293,5620
293,5621
293,5622
293,5623
293,5624
293,5625
293,5626
293,5627
293,5628
293,4189
293,5629
293,5630
293,5631
293,5632
293,5633
293,5634
293,5635
293,5636
293,5637
293,5638
293,4768
293,5639
294,5640
294,5641
294,5642
294,5643
294,5644
294,5645
294,5646
294,5647
294,5648
294,5649
294,5650
294,5651
294,5652
294,5653
294,5654
294,5655
294,5656
294,5657
294,5658
294,5659
294,5660
294,5661
294,5662
294,5663
294,5664
294,5665
294,5666
294,5667
294,5668
294,5669
294,5670
294,5671
294,5672
294,5673
294,5674
294,5675
294,5676
294,5677
294,5678
294,5679
294,5680
294,5681
294,5682
294,5683
294,5684
294,5685
294,5686
294,5687
294,5688
294,5689
294,5690
294,5691
294,5692
294,5693
294,5694
294,5695
294,5696
294,5697
294,5698
294,5699
294,5464
294,5700
294,5701
294,5702
294,5703
294,5704
294,5705
294,5706
295,5707
295,5708
295,5709
295,5710
295,5711
295,5277
295,5712
295,5713
295,5714
295,5715
295,5716
295,4189
295,5717
295,5718
295,5719
295,5720
295,5721
295,4768
296,5722
296,1220
296,5723
296,5724
296,5725
296,5726
296,5727
296,5728
296,5729
296,5730
296,5731
296,5732
296,5733
296,2260
296,5734
296,5735
296,5289
296,5736
296,5737
296,5738
296,5739
296,5740
296,3306
296,5741
296,5625
296,5742
296,5743
296,5744
296,5745
296,5746
296,5747
296,5627
296,5483
296,5748
296,4755
296,5749
296,4720
296,5750
296,5751
296,4761
296,5752
296,5753
296,5754
296,4599
296,5539
296,5755
296,4805
296,4768
297,5756
297,5757
297,5758
297,5759
297,5760
297,5761
297,5762
297,5763
297,2515
297,5764
297,5765
297,5766
297,5767
297,5768
297,5769
297,5770
297,3851
297,5771
297,4755
297,4118
297,5772
297,5773
297,5774
297,5775
297,4354
297,5776
297,5777
297,4439
297,5778
297,5779
297,5780
297,4761
297,4698
297,4930
297,5781
297,4906
297,4599
297,4543
297,5782
297,5783
297,5784
297,5785
297,5786
298,5787
298,5788
298,5789
298,5790
298,5791
298,5792
298,5793
298,5794
298,5795
298,5796
298,5797
298,5798
298,5799
298,5800
298,5801
298,5802
298,5803
298,5804
298,5805
299,5806
299,5807
299,5808
299,5809
299,5810
299,5811
299,5812
299,4857
299,5813
299,5814
299,5815
299,4189
299,5816
299,5817
299,5818
299,5819
299,5820
299,5821
299,5822
299,5823
299,5824
299,5825
299,5826
299,5827
299,5828
299,5829
299,5830
299,5831
300,5832
300,5833
300,5834
300,5835
300,5836
300,5837
300,5838
300,5839
300,5840
300,5841
300,5842
300,5843
300,5844
300,5845
300,5846
300,5847
300,5848
300,5849
300,5850
300,5851
300,5852
300,5853
300,5854
300,5855
300,5856
300,5734
300,5857
300,5858
300,5859
300,5860
300,5861
300,5862
300,5863
300,5864
300,5865
300,5866
300,5738
300,5867
300,5868
300,5869
300,5870
300,3424
300,5871
300,5742
300,4884
300,5872
300,4753
300,5483
300,4775
300,5873
300,5874
300,5875
300,5876
300,5877
300,5878
300,5879
300,5880
300,5881
300,5696
300,5882
300,5883
300,5884
300,4677
300,5751
300,4678
300,5885
300,5886
300,5887
300,4681
300,5058
300,5888
300,5889
300,5890
300,5891
300,5892
300,5893
300,5894
300,5895
300,5896
300,5897
300,4805
300,5898
300,5899
301,5900
301,5901
301,5902
301,5903
301,5904
301,5291
301,5905
301,5906
301,5907
301,4099
301,5908
301,4189
301,4720
301,4359
301,5909
301,5301
301,5910
301,5485
301,4761
301,5911
301,5304
301,4599
301,4543
301,5912
301,5913
302,5914
302,5915
302,5916
302,5917
302,5918
302,5919
302,5920
302,5921
302,5922
302,5923
302,5924
302,5925
302,5926
302,5927
302,5928
302,5929
302,5930
302,5865
302,5931
302,5932
302,5933
302,5934
302,5483
302,4755
302,5935
302,5936
302,5937
302,5938
302,5939
302,5882
302,4761
302,5940
302,5941
303,452
303,5942
303,5943
303,900
303,5944
303,5945
303,5946
303,5947
303,5948
303,5949
303,5950
303,5951
303,5478
303,5952
303,5953
303,5954
303,5955
303,5956
303,5957
303,2553
303,5958
303,5959
303,5960
303,5961
303,5962
303,3306
303,5963
303,3400
303,5964
303,3947
303,5965
303,5966
303,4189
303,5967
303,5968
303,4359
303,4439
303,5969
303,5598
303,5970
303,4868
303,5971
303,5972
303,5973
303,4681
303,5269
303,4599
303,4543
303,5553
303,4910
303,5974
303,5975
303,5064
304,1721
304,5976
304,5977
304,2957
304,3306
304,5978
304,3424
304,5979
304,3475
304,3550
304,3864
304,5980
304,5483
304,4755
304,4368
304,5981
304,5982
304,4681
304,4599
304,5553
304,5539
304,5381
304,5983
304,4768
304,4729
304,5063
304,5064
305,628
305,661
305,952
305,5984
305,1194
305,1279
305,1482
305,1811
305,2070
305,2299
305,2505
305,2626
305,4857
305,2742
305,2761
305,3045
305,3085
305,5985
305,3306
305,3362
305,3571
305,5986
305,5483
305,4755
305,4349
305,4410
305,4439
305,4676
305,4446
305,5970
305,4868
305,5987
305,4698
305,4681
305,4599
305,4543
305,5553
305,5988
305,5785
305,5489
305,5989
305,5990
305,4805
305,5991
305,5064
306,441
306,5992
306,5836
306,5993
306,4912
306,5994
306,5995
306,5996
306,5277
306,5997
306,4705
306,5998
306,5999
306,2546
306,6000
306,6001
306,5976
306,5979
306,6002
306,4042
306,4220
306,5086
306,4368
306,4377
306,4821
306,6003
306,4539
306,6004
306,4599
306,6005
306,6006
306,6007
306,6008
306,5612
306,6009
306,6010
306,5898
306,6011
308,6012
308,5836
308,6013
308,6014
308,4912
308,6015
308,6016
308,6017
308,6018
308,6019
308,6020
308,6021
308,4705
308,6022
308,6023
308,6024
308,6025
308,6026
308,6027
308,6028
308,6029
308,6030
308,6031
308,6032
308,6033
308,5118
308,6034
308,6035
308,6036
308,6037
308,6038
308,6039
308,4359
308,4368
308,6040
308,6041
308,6042
308,4599
308,6043
308,6044
308,5612
308,6045
312,6046
312,6047
312,6048
312,6049
312,6050
312,6051
312,6052
312,6053
312,6054
312,6055
312,2893
312,6056
312,6057
312,6058
312,3424
312,6059
312,6060
312,6061
312,6062
312,6063
312,6064
312,6065
312,5748
312,6066
312,6067
312,5394
312,6068
312,6069
312,4356
312,6070
312,6071
312,5399
312,6072
312,6073
312,6074
312,6075
312,6076
312,6077
312,5403
312,6078
312,6079
312,6080
312,6081
312,6082
312,6083
312,5357
312,5064
316,6084
316,6085
316,6086
316,6087
316,2594
316,6088
316,6089
316,6090
316,6091
316,6092
316,6093
316,6094
316,6095
316,6096
316,6097
316,4755
316,6098
316,6099
316,6100
316,6101
316,6102
316,6103
316,5464
316,4599
317,6104
317,6105
317,6106
317,6107
317,6108
317,6109
317,6110
317,6111
317,6112
317,6113
317,6114
317,6115
317,6116
317,6117
317,6118
317,6119
317,6120
317,6121
317,6122
317,6123
317,6124
317,6125
317,6126
317,6127
317,6128
317,6129
317,6130
317,6131
317,6132
317,6133
317,6134
317,6135
317,6136
318,6137
318,6138
318,6139
318,6140
318,6141
318,6142
318,6143
318,6144
318,6145
318,6146
318,6147
318,6148
318,4753
318,6149
318,6150
318,6151
318,6152
318,6153
318,6154
318,6155
318,6156
318,6157
318,6158
318,6159
318,6160
318,5886
318,6161
318,4543
318,5553
318,6162
318,4729
319,6163
319,6164
319,6165
319,6166
319,6167
319,6168
319,6169
319,6170
319,6171
319,6172
319,5122
319,6173
319,5627
319,6174
319,6175
319,4189
319,4720
319,6176
319,5087
319,6177
319,4368
319,6178
319,6179
319,4761
319,5629
319,6180
319,6181
319,6182
319,4599
319,6183
319,4701
319,6184
319,6185
319,6186
319,6187
319,6188
319,6189
319,4703
319,6190
319,6191
319,6192
319,6193
319,6194
319,6195
319,6196
319,6197
319,4729
319,5357
319,6198
319,6199
319,6200
319,6201
319,6202
320,6203
320,6204
320,6205
320,6206
320,6207
320,6208
320,2093
320,6209
320,2709
320,6210
320,6211
320,6212
320,6213
320,6214
320,6215
320,6216
320,6217
320,6218
320,6219
320,6220
320,6221
320,6222
320,6223
320,6071
320,6224
320,6225
320,6226
320,6227
320,4698
320,6077
320,6228
320,4599
320,4910
320,6229
320,6230
320,6231
320,5357
320,5064
320,4603
321,6232
321,5476
321,6233
321,1360
321,5478
321,5479
321,2761
321,2766
321,2837
321,4750
321,3758
321,5172
321,3859
321,5481
321,3947
321,5483
321,4755
321,5484
321,4349
321,4439
321,4676
321,4761
321,4698
321,4681
321,4599
321,6234
321,4543
321,4910
321,5006
321,6235
321,4805
322,6236
322,6237
322,6238
322,6239
322,6240
322,6241
322,6242
322,6243
322,6244
322,6245
322,6246
322,6247
322,6248
322,6249
322,6250
322,5987
322,5353
322,5267
322,4681
322,5269
322,5304
322,4599
323,6251
323,6252
323,6253
323,6254
323,6255
323,6256
323,6257
323,6258
323,6259
323,6260
323,6261
323,6262
323,6263
323,6264
323,6265
323,6266
323,6267
323,2483
323,6268
323,6269
323,6270
323,6271
323,6272
323,6273
323,4753
323,6274
323,6275
323,6276
323,6277
323,6278
323,6279
323,6280
323,5827
324,6281
324,4705
324,6282
324,5286
324,6283
324,4818
324,6284
324,6285
324,5293
324,6286
324,5371
324,6287
324,5294
324,6288
324,5295
324,6289
324,4720
324,6290
324,5296
324,4368
324,6291
324,5297
324,5298
324,6292
324,6293
324,6294
324,5300
324,6295
324,6247
324,4761
324,6296
324,6297
324,4599
324,6298
324,6299
324,5307
325,2802
325,6300
325,3112
325,6301
325,6302
325,6303
325,6304
325,6305
325,6306
325,6307
325,6308
325,6309
325,6310
325,6311
325,1537
325,6312
325,6313
325,6314
325,6315
325,6316
325,4439
325,6317
325,4446
325,6318
325,6319
325,4475
325,6320
325,4508
325,6321
325,6322
325,6323
325,4679
325,4698
325,6324
325,6325
325,4681
325,6326
325,6327
325,6328
325,4599
325,6329
325,4543
325,6330
325,5553
325,6331
325,5486
325,6332
325,6333
325,6334
325,6335
325,6336
325,6337
326,6338
326,6339
326,6340
326,6341
326,6342
326,6343
326,6344
326,6345
326,6346
326,6347
326,6348
326,2262
326,6349
326,6350
326,6351
326,5341
326,6352
326,6353
326,5116
326,6354
326,6355
326,6356
326,2798
326,6357
326,6358
326,5119
326,6359
326,6360
326,6361
326,6362
326,3193
326,6363
326,6364
326,6365
326,6366
326,6367
326,6368
326,5581
326,6369
326,6370
326,6371
326,6372
326,6373
326,3846
326,4753
326,6374
326,5586
326,4720
326,4582
326,6375
326,6376
326,4439
326,5034
326,6377
326,6378
326,6379
326,4678
326,4761
326,6380
326,6381
326,6382
326,4787
326,6383
326,6384
326,4768
327,6385
327,6386
327,6387
327,6388
327,6389
327,6390
327,6391
327,6392
327,6393
327,6394
327,6395
327,6396
327,6397
327,6398
327,6399
327,6400
327,6401
327,6402
327,6403
327,6404
327,6405
328,6406
328,556
328,6407
328,6408
328,6409
328,6410
328,6411
328,1254
328,6412
328,6413
328,6414
328,6415
328,6416
328,6417
328,6418
328,6419
328,6420
328,6421
328,6422
328,6423
328,6424
328,6425
328,2446
328,2631
328,6426
328,6427
328,6428
328,6429
328,6430
328,6431
328,6432
328,6433
328,6434
328,6435
328,3588
328,3626
328,3683
328,6436
328,5294
328,6437
328,6438
328,6439
328,6243
328,4234
328,6440
328,6441
328,6442
328,6443
328,4289
328,6444
328,6445
328,4359
328,4368
328,6446
328,6447
328,4377
328,6448
328,6449
328,6450
328,6451
328,6452
328,6453
328,6454
328,6455
328,4761
328,6456
328,4599
328,6457
328,6458
328,4701
328,6459
328,6460
328,5249
328,6461
328,6462
328,5785
328,6463
328,6464
328,6465
328,4768
328,5357
328,6466
329,6467
329,1429
329,6468
329,6469
329,6470
329,6471
329,6472
329,2316
329,5341
329,6473
329,6474
329,6475
329,6476
329,6172
329,2923
329,2949
329,6477
329,6478
329,6479
329,6480
329,6481
329,4720
329,4599
329,4768
330,6482
330,6483
330,6484
330,6485
330,6486
330,6487
330,4857
330,6488
330,6489
330,6490
330,6491
330,6492
330,6493
330,6494
330,6495
330,5172
330,4753
330,5483
330,4755
330,6496
330,6497
330,6498
330,4599
330,6499
330,6500
331,4706
331,6501
331,6502
331,6503
331,6504
331,6505
331,6506
331,6507
331,6508
331,5620
331,6509
331,6510
331,6511
331,6512
331,6513
331,6514
331,6515
331,4920
331,5341
331,6516
331,6517
331,6518
331,6519
331,6520
331,6521
331,6522
331,6523
331,6524
331,6525
331,5976
331,6526
331,3223
331,6527
331,5344
331,6528
331,6529
331,6530
331,6531
331,6532
331,4924
331,6533
331,6534
331,6535
331,6291
331,6536
331,6537
331,4821
331,6296
331,6538
331,6539
332,6540
332,6541
332,6542
332,6543
332,6544
332,6545
332,6546
332,6547
332,6548
332,6549
332,6550
332,6551
332,6552
332,6553
332,6554
332,6555
332,6556
332,6557
332,6558
332,6559
332,6560
332,6561
332,6562
332,6563
332,6564
332,4286
332,4358
332,3813
332,6565
332,4677
332,6566
332,4761
332,6567
332,6568
332,6569
332,5064
333,6570
333,6571
333,6572
333,6573
333,6574
333,6575
333,6576
333,6577
333,6578
333,6579
333,6580
333,6581
333,4582
333,6582
333,6583
333,6584
333,6585
333,6377
333,6586
333,6587
333,6588
333,6589
333,6590
333,6591
333,6592
333,4677
333,6593
333,4678
333,6594
333,6595
333,6596
333,4596
333,6597
333,4930
333,6598
333,6599
333,6600
333,4951
333,6601
333,6602
333,6603
334,6604
334,6605
334,6606
334,6607
334,6608
334,6609
334,6610
334,6611
334,6612
334,6613
334,6614
334,6615
334,6616
334,6617
334,6591
334,6618
334,6619
334,6620
334,4951
335,6621
335,6622
335,6623
335,6624
335,6625
335,6626
335,4716
335,4720
335,4985
335,4359
335,4599
335,6627
335,6628
336,6629
336,5993
336,6630
336,6631
336,6632
336,6633
336,6634
336,6635
336,4943
336,6636
336,6637
336,6016
336,6018
336,6638
336,6639
336,1399
336,4704
336,1440
336,6640
336,4705
336,1619
336,6641
336,6642
336,6643
336,2070
336,6644
336,6645
336,6646
336,4920
336,6647
336,2636
336,6648
336,6649
336,2884
336,6650
336,6651
336,6652
336,6653
336,5124
336,3864
336,5345
336,6654
336,6655
336,6656
336,6657
336,5595
336,4458
336,5300
336,4677
336,6658
336,6659
336,4599
336,5827
336,6660
337,6661
337,6662
337,6663
337,5947
337,6664
337,6665
337,6666
337,6667
337,6668
337,6669
337,6670
337,6671
337,6672
337,5601
338,6673
338,6674
338,6675
338,6676
338,6677
338,6678
338,6679
338,6680
338,6681
338,6682
338,6683
338,6684
338,6685
338,6686
338,6687
338,4857
338,6688
338,2891
338,6689
338,6690
338,5931
338,6691
338,6692
338,4716
338,5172
338,6693
338,6694
338,4189
338,6695
338,6696
338,4844
338,6697
339,6698
339,6699
339,6700
339,6701
339,6702
339,6703
339,6704
339,6705
339,6706
339,6707
339,6016
339,1746
339,6708
339,6709
339,5280
339,6710
339,2089
339,6711
339,5285
339,2486
339,4818
339,5345
339,4003
339,6712
339,4359
339,4368
339,4599
339,6713
340,6714
340,6715
340,6716
340,6717
340,6718
340,6719
340,6720
340,6721
340,4755
340,5586
340,6722
340,6723
340,6724
340,6725
340,6726
340,6727
340,5464
340,6728
341,6729
341,6730
341,6731
341,6732
341,6733
341,6734
341,6735
341,6736
341,6737
341,6738
341,6739
341,6740
341,6741
341,6742
341,6743
341,6744
341,6745
341,6746
341,6747
341,6748
341,6749
341,6750
341,6751
341,6752
341,6753
341,6754
341,6755
341,6756
341,6757
341,6758
341,6759
341,6760
341,6761
341,6762
341,6763
341,5118
341,6764
341,6765
341,6766
341,6767
341,6768
341,6769
341,6770
341,6771
341,6772
341,6773
341,4411
341,6774
341,6775
341,5602
341,5246
341,5202
341,6776
341,4599
341,6777
341,6778
341,6779
341,6780
341,6781
341,6782
341,5010
341,6783
342,6784
342,6785
342,6786
342,6787
342,6788
342,6789
342,6790
342,6791
342,6792
342,6793
342,6794
342,4508
342,6795
342,6796
342,6797
342,6798
342,6619
342,6799
342,4599
342,6800
343,6801
343,6802
343,6803
343,6804
343,6805
343,6806
343,6807
343,6808
343,6809
343,6810
343,6811
343,5118
343,6812
343,6813
343,6814
343,6815
343,6816
343,6817
343,6059
343,6818
343,6819
343,5562
343,6820
343,6821
343,6822
343,6823
343,6824
343,6825
343,5873
343,6826
343,6827
343,6828
343,6829
343,6830
343,6831
343,6832
343,6833
343,6834
343,6835
343,6836
343,6837
343,6838
343,6839
343,5565
343,6840
343,5567
343,6841
343,6842
343,6843
343,6844
343,6845
343,6846
343,6847
343,4603
344,6848
344,6849
344,964
344,1028
344,1371
344,6850
344,1759
344,6851
344,1937
344,2056
344,2089
344,6472
344,6852
344,6853
344,6854
344,6855
344,6856
344,6857
344,6858
344,3422
344,3513
344,6859
344,6860
344,6861
344,6862
344,6863
344,5389
344,6864
344,6865
344,3823
344,6866
344,6867
344,6868
344,6869
344,6870
344,4185
344,6871
344,6872
344,6873
344,4985
344,4356
344,4368
344,6874
344,6875
344,6876
344,6877
344,6878
344,6879
344,4524
344,4698
344,6880
344,5403
344,4681
344,6881
344,6882
344,6883
344,4599
344,6884
344,6885
344,6886
344,6887
344,6888
344,6889
345,6890
345,6891
345,6892
345,6893
345,6894
345,6895
345,6896
345,6897
345,6898
345,6899
345,6900
345,6901
345,6902
345,6903
345,6904
345,5483
345,6905
345,6906
345,6907
345,4264
345,6908
345,6909
345,6910
345,5247
345,4681
345,5537
346,6911
346,6912
346,6913
346,6914
346,1028
346,6915
346,6916
346,6917
346,1284
346,6918
346,6919
346,6920
346,6921
346,6922
346,6923
346,6924
346,6925
346,6926
346,6927
346,6928
346,6929
346,6930
346,6931
346,6932
346,6933
346,6934
346,6935
346,6936
346,6937
346,6938
346,6939
346,6940
346,6941
346,6942
346,6943
346,6944
346,6945
346,6946
346,6947
346,6948
346,6949
346,6950
346,6951
346,6952
346,3271
346,6953
346,6954
346,6955
346,4750
346,6956
346,6957
346,6958
346,3848
346,6959
346,6960
346,6961
346,6962
346,6963
346,4755
346,6964
346,6965
346,4189
346,6966
346,6967
346,6968
346,6969
346,6970
346,4677
346,6971
346,6972
346,6973
346,6974
346,6975
347,4922
347,5976
347,5977
347,3237
347,3306
347,3668
347,6976
347,6977
347,6712
347,5086
347,4301
347,4359
347,6978
347,4368
347,4377
347,6448
347,5088
347,6979
347,5981
347,6980
347,6981
347,4729
347,4768
348,6982
348,6983
348,6984
348,5836
348,6985
348,4912
348,6986
348,6987
348,6988
348,5997
348,6989
348,6640
348,6990
348,6991
348,5998
348,6992
348,6993
348,6994
348,6995
348,6996
348,6997
348,6998
348,2326
348,2331
348,6999
348,7000
348,7001
348,4821
348,6005
348,7002
348,7003
349,7004
349,7005
349,7006
349,7007
349,7008
349,7009
349,7010
349,7011
349,7012
349,7013
349,7014
349,7015
349,7016
349,7017
349,7018
349,3256
349,7019
349,7020
349,7021
349,7022
349,7023
349,7024
349,7025
349,7026
349,7027
349,7028
349,7029
349,7030
349,7031
349,7032
349,7033
349,7034
349,7035
349,7036
349,7037
349,7038
349,7039
349,7040
350,5984
350,7041
350,7042
350,7043
350,7044
350,7045
350,3362
350,7046
350,7047
350,7048
350,7049
350,7050
350,4753
350,5084
350,7051
350,5085
350,4755
350,4225
350,6712
350,5086
350,7052
350,7053
350,4349
350,4359
350,4368
350,4439
350,7054
350,7055
350,7056
350,4599
350,4543
350,5609
350,7057
350,7058
350,7059
350,7060
350,7061
351,7062
351,7063
351,7064
351,7065
351,7066
351,7067
351,7068
351,7069
351,7070
351,7071
351,7072
351,7073
351,7074
351,7075
351,2882
351,7076
351,7077
351,7078
351,7079
351,3262
351,7080
351,7081
351,7082
351,7083
351,6957
351,3789
351,7084
351,7085
351,3997
351,7086
351,7087
351,4755
351,7088
351,7089
351,7090
351,4358
351,6978
351,7091
351,7092
351,7093
351,5088
351,7094
351,7095
351,7096
351,7097
351,7098
351,7099
351,4698
351,4681
351,7100
351,7101
351,4599
351,7102
351,4543
351,7103
351,7104
351,7105
351,7106
351,7107
351,7108
351,7109
351,7110
351,7111
351,7112
351,4768
351,7113
352,7114
352,7115
352,7116
352,7117
352,6121
352,7118
352,7119
352,7120
352,6126
352,7121
352,7122
352,7123
352,7124
352,7125
352,7126
352,7127
352,7128
352,6799
352,7129
352,4599
352,6130
352,7130
352,7131
352,6136
352,7132
352,7133
353,7134
353,7135
353,7136
353,7137
353,1284
353,7138
353,7139
353,7140
353,7141
353,7142
353,7143
353,5733
353,7144
353,7145
353,7146
353,7147
353,7148
353,7149
353,2554
353,7150
353,7151
353,2885
353,3306
353,7152
353,7153
353,7154
353,7155
353,7156
353,7157
353,7158
353,6310
353,7159
353,7160
353,7161
353,7162
353,7163
353,7164
353,7165
353,7166
353,3813
353,7167
353,4439
353,4446
353,7168
353,7169
353,7170
353,7171
353,7172
353,4677
353,6077
353,7173
353,5464
353,4599
353,7174
353,7175
353,5974
353,7176
353,7177
353,7178
353,4603
353,7179
354,955
354,7180
354,7181
354,7182
354,7183
354,6016
354,7184
354,7185
354,7186
354,7187
354,7188
354,7189
354,7190
354,7191
354,2289
354,5340
354,7192
354,7193
354,5341
354,7194
354,7195
354,7196
354,7197
354,7198
354,5344
354,5124
354,7199
354,7200
354,7201
354,4189
354,7202
354,4696
354,7203
354,7204
354,7205
354,4677
354,7206
354,7207
354,7208
354,7209
354,7210
354,7211
354,7212
354,7213
354,7214
355,7215
355,7216
355,7217
355,7218
355,7219
355,6268
355,7220
355,7221
355,7222
355,7223
355,7224
355,7225
355,7226
355,7227
355,7228
355,7229
355,7230
355,7231
355,7232
355,7233
355,7234
355,7235
355,4768
355,7236
355,7237
355,7238
356,7239
356,7240
356,7241
356,7242
356,7243
356,7244
356,7245
356,7246
356,7247
356,4272
356,7248
356,7249
356,7250
356,7251
356,7252
356,7253
356,5971
356,7254
356,7255
356,7256
356,7257
356,7258
356,7259
356,7260
356,7261
356,7262
356,5269
356,7263
356,4599
356,7264
356,7265
356,7266
356,7267
356,7268
356,7269
356,7270
356,7271
356,7272
356,7273
356,7274
356,7275
357,1399
357,7276
357,2057
357,2065
357,7277
357,7278
357,6711
357,7279
357,7280
357,7281
357,7282
357,7283
357,7284
357,7285
357,7286
357,7287
357,7288
357,7289
357,5976
357,7290
357,5977
357,7291
357,4599
357,7292
357,7213
357,4603
358,1138
358,1412
358,7293
358,7294
358,7295
358,1879
358,2002
358,2260
358,2299
358,5902
358,7296
358,2505
358,2541
358,7297
358,7298
358,3112
358,3230
358,7299
358,3305
358,3306
358,3400
358,3424
358,7300
358,5123
358,3554
358,5906
358,7301
358,7302
358,5986
358,3859
358,5483
358,7303
358,4755
358,7304
358,4099
358,7305
358,4189
358,4191
358,4898
358,4349
358,6070
358,7167
358,4439
358,4676
358,4446
358,7096
358,4506
358,4508
358,4903
358,4868
358,4677
358,5246
358,7306
358,5247
358,5485
358,4679
358,4698
358,4681
358,4599
358,4543
358,7307
358,4910
358,7308
358,7309
358,4805
358,5064
359,371
359,7310
359,834
359,4912
359,7311
359,5477
359,7312
359,7313
359,1166
359,6018
359,7314
359,1420
359,7315
359,7316
359,1673
359,7317
359,7318
359,1881
359,7319
359,7320
359,7321
359,1930
359,2056
359,2059
359,2065
359,7322
359,2090
359,7323
359,7324
359,2326
359,7325
359,7326
359,7327
359,7328
359,2486
359,2546
359,6000
359,7329
359,7330
359,7287
359,7000
359,7001
359,6652
359,7331
359,3424
359,5124
359,5345
359,4105
359,5087
359,6295
359,7332
359,7333
359,4599
359,7334
359,7335
359,7336
359,7337
360,7338
360,7339
360,7340
360,7341
360,7342
360,7343
360,7344
360,7345
360,7346
360,7347
360,7348
360,7349
360,7350
360,7351
360,7352
360,7353
360,7354
360,7355
360,7356
360,7357
360,7358
360,7359
360,4761
360,7360
360,7361
360,4599
360,7362
360,7363
360,7364
360,7365
360,7366
360,4703
360,7367
361,7368
361,7369
361,7370
361,7371
361,7372
361,7373
361,7374
361,7375
361,7376
361,7377
361,7378
361,7379
361,7380
361,7381
361,7382
361,7383
361,7384
361,7385
361,7386
361,7387
361,7388
361,3689
361,7389
361,7390
361,7391
361,6064
361,7392
361,7393
361,6065
361,7394
361,5393
361,6066
361,7395
361,6067
361,7396
361,7397
361,7398
361,7399
361,7400
361,7401
361,5398
361,7402
361,7403
361,7404
361,5399
361,6794
361,7405
361,7406
361,5493
361,5403
361,4599
361,7407
361,7408
361,7409
361,7410
361,7411
361,7412
363,1637
363,2022
363,7413
363,7414
363,7415
363,2672
363,2687
363,2957
363,3305
363,3400
363,3424
363,3609
363,7416
363,3859
363,3927
363,3981
363,7417
363,4081
363,4099
363,7418
363,7419
363,7420
363,7421
363,4349
363,3813
363,7422
363,4437
363,4439
363,4676
363,4446
363,4454
363,7423
363,4458
363,6616
363,7424
363,6278
363,7425
363,7426
363,5485
363,4679
363,7427
363,4596
363,4950
363,4698
363,7428
363,4643
363,4681
363,4599
363,4543
363,7429
363,7430
363,4910
363,7431
363,7432
363,7433
363,7434
363,7435
363,6569
363,7436
363,5064
363,7437
365,7438
365,890
365,926
365,7439
365,6016
365,5277
365,1357
365,7440
365,7314
365,7441
365,1643
365,7442
365,6708
365,7443
365,7444
365,7445
365,2056
365,7446
365,7447
365,2289
365,7448
365,7449
365,7450
365,7451
365,7452
365,5118
365,7453
365,7454
365,7455
365,7456
365,4715
365,7457
365,7458
365,7459
365,7460
365,7461
365,4121
365,7462
365,7463
365,4189
365,4720
365,5087
365,7464
365,4359
365,7465
365,4368
365,7466
365,4377
365,4387
365,7467
365,7468
365,7469
365,4761
365,4870
365,7470
365,7471
365,7472
365,7473
365,4599
365,4543
365,7474
365,7475
365,7476
365,7477
365,7478
365,7479
365,7480
365,7481
365,7482
366,7483
366,6664
366,7484
366,7485
366,7486
366,7487
366,7488
366,7489
366,7490
366,7491
366,3004
366,7492
366,7493
366,7494
366,7495
366,5771
366,7496
366,7497
366,7498
366,3982
366,7499
366,4189
366,7500
366,7501
366,7502
366,7503
366,7504
366,7505
366,7506
366,7507
366,7508
366,7509
366,7510
366,7511
366,5246
366,4761
366,7512
366,7513
366,5267
366,7514
366,4599
366,7515
366,7516
366,7517
366,7518
367,7519
367,7520
367,7521
367,7522
367,7523
367,7524
367,7525
367,7526
367,7527
367,7528
367,7529
367,7530
367,7531
367,7532
367,7533
367,7534
367,7535
367,7536
367,7537
367,7538
367,7539
367,7540
367,5625
367,7541
367,7542
367,7543
367,7544
367,7545
367,7546
367,4700
367,7547
367,7548
367,7549
367,4703
367,7550
367,7551
367,7552
367,7553
367,7554
367,7555
367,7556
368,863
368,7557
368,7558
368,7559
368,7560
368,7561
368,1684
368,7562
368,7563
368,7564
368,7565
368,7566
368,7567
368,7568
368,7569
368,7570
368,7571
368,2602
368,7572
368,7573
368,7574
368,7575
368,7576
368,5123
368,7577
368,7578
368,7579
368,4755
368,7580
368,5987
368,5973
368,4681
368,7100
368,5553
368,7581
369,7582
369,7583
369,7584
369,7585
369,7586
369,7587
369,7588
369,2876
369,7589
369,7590
369,7591
369,7592
369,7593
369,7594
369,7595
369,7596
369,4036
369,7597
369,7598
369,7599
369,7600
369,7601
369,7602
369,7603
369,7604
369,7605
369,7606
370,7607
370,7608
370,7609
370,7610
370,7611
370,4411
370,7612
370,7613
371,6990
371,7614
371,6994
371,6995
371,7615
371,2326
371,2331
371,4920
371,2486
371,6000
371,7330
371,7616
371,7000
371,7001
371,7617
371,7618
371,5124
371,6287
371,5345
371,7052
371,7619
371,7620
371,7621
371,4599
373,7622
373,7623
373,7624
373,7625
373,7626
373,7627
373,7628
373,7629
373,7630
373,7631
373,7632
373,7633
373,7634
373,7635
373,7636
373,7637
373,7638
373,7639
373,7640
373,7641
373,7642
373,7643
373,7644
373,7645
373,7646
373,3852
373,7647
373,7648
373,7649
373,7650
373,7651
373,7652
373,4758
373,7653
373,4303
373,7654
373,7655
373,7656
373,7657
373,6070
373,7658
373,7659
373,7660
373,7661
373,7404
373,7662
373,6320
373,7663
373,7664
373,7665
373,7666
373,7667
373,7668
373,7669
373,4761
373,4870
373,7670
373,4681
373,7671
373,4910
373,5249
374,7319
374,7672
374,2566
374,7673
374,7674
374,7675
374,7676
374,7677
374,7678
374,7679
374,7680
374,7681
374,3310
374,7682
374,7683
374,7684
374,7685
374,7686
374,7687
374,7688
374,7689
374,7690
374,7691
374,7421
374,7692
374,4359
374,6448
374,5261
374,7693
374,7694
374,5696
374,7695
374,5981
374,7696
374,7697
374,7425
374,7698
374,4950
374,4643
374,7699
374,4681
374,4951
374,4599
374,7700
374,7701
374,7702
374,7703
374,7704
374,7705
374,7706
374,7707
374,7708
374,5063
374,7709
374,5064
374,7710
374,7711
374,7712
375,7713
375,7714
375,7715
375,7716
375,979
375,7717
375,7718
375,7719
375,1875
375,7720
375,1943
375,1998
375,2022
375,2206
375,2299
375,7721
375,7722
375,7723
375,7724
375,7725
375,7726
375,7727
375,5123
375,7728
375,7729
375,7730
375,7731
375,7732
375,4189
375,4984
375,7422
375,7733
375,7734
375,7735
375,7736
375,7737
375,4681
375,7738
375,7739
375,7740
375,7741
375,7742
376,7743
376,7744
376,1092
376,7745
376,7746
376,7747
376,7748
376,7749
376,5335
376,7750
376,7751
376,7752
376,7753
376,7754
376,3230
376,7755
376,7756
376,7757
376,7758
376,5483
376,4755
376,7759
376,7760
376,7761
376,6120
376,4202
376,6712
376,6871
376,5086
376,5087
376,7762
376,4985
376,7763
376,4377
376,7764
376,7765
376,7766
376,7767
376,4698
376,7768
376,4599
376,4543
376,6079
376,4910
376,7769
377,7770
377,7771
377,7772
377,7773
377,7774
377,7775
377,7776
377,7777
377,7778
377,7779
377,7780
377,3072
377,7781
377,3622
377,3710
377,3829
377,3922
377,7782
377,6121
377,7783
377,5088
377,6126
377,7784
377,7785
377,7786
377,5351
377,7787
377,7788
377,7789
377,7126
377,4679
377,7790
377,7791
377,6799
377,7100
377,7792
377,7793
377,7794
377,4599
377,5827
377,6130
377,7795
377,7796
377,7797
377,7798
377,7799
377,7800
379,7801
379,7802
379,7803
379,7804
379,7805
379,7806
379,5367
379,5976
379,2949
379,7807
379,6040
380,7808
380,7809
380,7810
380,5277
380,7811
380,7812
380,7813
380,5948
380,4705
380,7814
380,7815
380,7816
380,7817
380,7818
380,7325
380,7819
380,7820
380,7821
380,5341
380,7822
380,7823
380,7824
380,5958
380,7825
380,5979
380,5964
380,7826
380,7827
380,5295
380,7828
380,7829
380,4359
380,7830
380,5300
380,7831
380,5972
380,4599
380,7832
381,5019
381,7833
381,7834
381,7835
381,7836
381,7837
381,7838
381,7839
381,7840
381,7841
381,7842
381,7843
381,7844
381,7845
381,7846
381,7847
381,7848
381,7849
381,7850
381,7851
381,7852
381,7853
381,7854
381,7855
381,7856
381,7857
381,7858
381,7859
381,7860
381,7861
381,7862
381,7863
381,7864
381,7865
381,7866
381,7867
381,7868
381,7869
381,7870
381,7871
381,7872
381,7873
381,7874
381,7875
381,7876
381,7877
381,7878
381,7879
381,7880
381,7881
381,7882
381,7883
381,7884
381,7885
381,7886
381,7887
381,7888
381,7889
381,7890
381,7891
381,7892
381,7893
381,7894
381,7895
381,7896
381,7897
381,7898
381,4761
381,7899
381,6799
381,4599
381,7900
381,7208
381,7901
381,7902
381,7903
381,7904
381,7905
381,4768
381,7906
381,7907
381,7908
382,7909
382,7910
382,4857
382,7911
382,7912
382,7913
382,7914
382,7915
382,7916
382,7917
382,7918
382,5172
382,7919
382,7920
382,7921
382,7922
382,4755
382,7923
382,7924
382,4757
382,7925
382,4758
382,7926
382,4984
382,7927
382,7928
382,7929
382,7930
382,7931
382,7932
382,4677
382,6103
382,7933
382,4643
382,4681
382,5464
382,4599
382,6728
382,7934
382,7935
382,7936
382,4910
382,7937
382,7938
382,7939
382,7940
383,7941
383,7942
383,5335
383,7943
383,7944
383,5338
383,2498
383,7945
383,7946
383,7947
383,7948
383,7949
383,7950
383,7951
383,7952
383,7953
383,7954
383,7757
383,7955
383,7956
383,7957
383,4753
383,7305
383,7958
383,4720
383,7959
383,7960
383,4696
383,7961
383,6794
383,7962
383,7963
383,7964
383,7965
383,4761
383,7966
383,7967
383,4768
383,7968
383,7969
383,7970
384,7971
384,7972
384,7973
384,7974
384,7975
384,6680
384,7976
384,7977
384,5216
384,2346
384,7978
384,7979
384,7980
384,7981
384,7982
384,7983
384,7984
384,7081
384,7985
384,7986
384,7987
384,7988
384,5231
384,7989
384,7990
384,5873
384,7089
384,7991
384,7992
384,4865
384,6070
384,7465
384,7167
384,7993
384,7994
384,7995
384,5243
384,7996
384,5055
384,7997
384,5246
384,6226
384,7998
384,7103
384,7999
384,8000
385,8001
385,8002
385,8003
385,8004
385,8005
385,8006
385,8007
385,8008
385,8009
385,8010
385,8011
385,8012
385,8013
385,8014
385,8015
385,8016
385,8017
385,8018
385,8019
385,5172
385,8020
385,8021
385,4753
385,8022
385,8023
385,4582
385,8024
385,7885
385,8025
385,8026
385,7893
385,8027
385,8028
385,8029
385,8030
385,8031
385,8032
385,8033
385,8034
385,8035
385,4595
385,8036
385,8037
385,8038
385,8039
385,6228
385,8040
385,8041
385,8042
385,8043
385,8044
385,8045
385,8046
387,820
387,8047
387,4912
387,896
387,8048
387,8049
387,5995
387,8050
387,6016
387,8051
387,1712
387,8052
387,2056
387,8053
387,8054
387,8055
387,8056
387,5290
387,8057
387,7455
387,8058
387,8059
387,8060
387,8061
387,8062
387,8063
387,3830
387,8064
387,5627
387,8065
387,5563
387,4189
387,4234
387,6655
387,8066
387,4359
387,5629
387,4599
387,8067
387,8068
387,8069
387,8070
388,8071
388,8072
388,2090
388,8073
388,8074
388,8075
388,2546
388,8076
388,8077
388,8078
388,8079
388,8080
388,8081
388,8082
388,5297
388,5298
388,4479
388,8083
388,5981
388,5300
388,8084
388,7214
388,8085
389,8086
389,8087
389,8088
389,8089
389,8090
389,8091
389,5872
389,8092
389,8093
389,4189
389,8094
389,8095
389,8096
389,4234
389,8097
389,8098
389,8099
389,7668
389,8100
389,8101
389,5057
389,8102
389,8103
389,5464
389,4599
389,8104
389,4543
389,8105
389,8106
389,8107
389,4701
389,8108
389,8109
389,8110
389,8111
389,8112
389,8113
390,8114
390,8115
390,8116
390,8117
390,8118
390,8119
390,8120
390,8121
390,8122
390,8123
390,8124
390,8125
390,8126
390,8127
390,8128
390,8129
390,8130
390,8131
390,8132
390,8133
390,8134
390,8135
390,6492
390,8136
390,8137
390,8138
390,8139
390,8140
390,8141
390,4755
390,8142
390,8143
390,8144
390,8145
390,8146
390,8147
390,8148
390,8149
390,8150
390,8151
390,8152
390,8153
390,8154
390,8155
390,8156
390,8157
390,8158
390,8159
390,8160
390,8161
390,8162
390,8163
390,8164
390,8165
390,8166
390,8167
390,8168
390,8169
390,8170
390,5464
390,8171
390,6500
390,8172
390,8173
390,8174
390,8175
391,8176
391,8177
391,5947
391,2173
391,2285
391,8178
391,8179
391,5290
391,8180
391,2880
391,3424
391,3789
391,3791
391,5172
391,3950
391,5483
391,3981
391,8181
391,4755
391,4058
391,5545
391,6562
391,8182
391,4280
391,4286
391,8183
391,4349
391,8184
391,4393
391,4411
391,3813
391,5088
391,4439
391,8185
391,4458
391,8186
391,8187
391,4508
391,8188
391,5485
391,4698
391,4994
391,4681
391,7100
391,8189
391,4599
391,7104
391,4910
391,5249
391,8190
391,8191
391,8192
391,6569
391,8193
391,5064
392,8194
392,8195
392,8196
392,8197
392,8198
392,8199
392,8200
392,8201
392,7311
392,8202
392,8203
392,8204
392,8205
392,8206
392,8207
392,8208
392,8209
392,8210
392,8211
392,8212
392,7845
392,6032
392,6034
392,8213
392,8214
392,7608
392,5238
392,5242
392,8215
392,8216
393,8217
393,8218
393,8219
393,8220
393,8221
393,8222
393,8223
393,1684
393,8224
393,8225
393,8226
393,8227
393,8228
393,8229
393,8230
393,8231
393,8232
393,8233
393,8234
393,8235
393,8236
393,8237
393,8238
393,8239
393,3698
393,8240
393,8241
393,8242
393,4017
393,4755
393,8243
393,8244
393,4302
393,8245
393,8246
393,4599
393,8247
393,8248
393,8249
393,8250
393,8251
393,8252
393,8253
393,8254
394,8255
394,8256
394,1239
394,8257
394,8258
394,8259
394,8260
394,8261
394,2093
394,8262
394,8263
394,8264
394,8265
394,8266
394,8267
394,8268
394,3584
394,8269
394,8270
394,4587
394,8271
394,4868
394,6077
394,5355
394,4681
394,4599
395,8272
395,8273
395,8274
395,8275
395,8276
395,8277
395,8278
395,8279
395,8280
395,8281
395,8282
395,8283
395,8284
395,8285
395,8286
395,8287
395,8288
395,8289
395,8290
395,3747
395,4753
395,8291
395,8292
395,8293
395,8294
395,8295
395,8296
395,8297
395,8298
395,8299
395,8300
395,8301
395,8302
395,8303
395,8304
395,8305
395,4599
395,8306
395,8307
395,8308
395,8309
395,4768
395,8310
395,8311
396,8312
396,8313
396,8314
396,8315
396,8316
396,8317
396,8318
396,8319
396,8320
396,8321
396,8322
396,8323
396,4657
396,8324
396,5105
396,4664
396,5451
396,8325
396,4667
396,8326
396,4668
396,4669
396,8327
396,4670
396,8328
396,8329
396,8330
396,4673
396,8331
396,4674
396,4675
396,5586
396,8332
396,4582
396,8333
396,8334
396,8335
396,5181
396,8160
396,8336
396,8169
396,4681
396,8337
396,8338
397,1390
397,1548
397,8339
397,8340
397,8341
397,8342
397,4894
397,8226
397,1878
397,1950
397,8343
397,2345
397,8344
397,2455
397,8345
397,8346
397,8347
397,6787
397,2968
397,3007
397,3086
397,3262
397,3306
397,3601
397,3714
397,8348
397,8349
397,3851
397,8350
397,4578
397,8351
397,4189
397,4267
397,4286
397,4354
397,4437
397,8352
397,6795
397,4520
397,8353
397,8189
397,4906
397,4599
397,4871
397,8354
397,8355
397,8356
397,8357
397,8358
397,8359
397,8360
397,8361
397,8362
399,8363
399,8364
399,8365
399,8366
399,8367
399,8368
399,8369
399,8370
399,8371
399,8372
399,8373
399,5119
399,3056
399,8374
399,8375
399,8376
399,8377
399,5579
399,8378
399,8379
399,8380
399,3416
399,8381
399,8382
399,8383
399,8384
399,8385
399,8386
399,8387
399,3859
399,8388
399,8350
399,8389
399,8390
399,4753
399,8391
399,8392
399,8393
399,8394
399,8395
399,8396
399,8397
399,8398
399,8399
399,8400
399,8401
399,8402
399,8403
399,8404
399,8405
399,8406
399,6448
399,8407
399,8408
399,4458
399,8409
399,8410
399,8411
399,8412
399,8413
399,8414
399,8415
399,8416
399,8417
399,4599
399,8418
399,8419
399,8420
399,8421
400,8422
400,5476
400,8423
400,8424
400,8425
400,8426
400,8427
400,8428
400,8429
400,8430
400,5066
400,1562
400,8431
400,1628
400,8432
400,8433
400,8434
400,8435
400,8436
400,8437
400,5074
400,8438
400,5106
400,5107
400,8439
400,5077
400,8440
400,8441
400,8442
400,8443
400,6488
400,5028
400,8444
400,8445
400,8446
400,4753
400,5086
400,4368
400,8447
400,4377
400,8448
400,8449
400,5034
400,6042
400,8450
400,4677
400,8451
400,4761
400,5126
400,8452
400,8453
400,6381
400,4599
400,7057
400,8454
401,8455
401,4918
401,8456
401,8457
401,5288
401,8458
401,5290
401,4720
401,8459
402,881
402,4647
402,8460
402,1503
402,4706
402,1673
402,8461
402,8462
402,1930
402,2022
402,2090
402,8463
402,8464
402,2475
402,2546
402,8465
402,2653
402,5290
402,5118
402,5976
402,6172
402,5977
402,2957
402,7455
402,8466
402,3815
402,3864
402,5086
402,5087
402,4377
402,4599
402,8467
402,8468
402,5381
402,8469
402,7334
402,4729
402,4952
402,7337
403,2073
403,8470
403,2829
403,5046
403,8471
403,8472
403,8473
403,8474
403,8475
403,8476
403,8477
403,8478
403,8479
403,8480
403,8481
403,8482
403,8483
403,5372
403,4985
403,8484
403,8485
403,8486
403,8487
403,8488
403,8489
403,8490
403,8491
403,8492
403,4700
403,8493
403,8494
403,8495
403,8496
403,8497
404,447
404,881
404,5477
404,1110
404,1166
404,1420
404,4706
404,1930
404,8498
404,2090
404,7327
404,7328
404,5341
404,2546
404,8499
404,6000
404,8500
404,2636
404,7287
404,5118
404,5976
404,5977
404,8501
404,8502
404,8466
404,5979
404,5124
404,6287
404,5294
404,8503
404,4105
404,4458
404,8504
404,8505
404,4539
404,4599
404,8506
404,8507
404,8508
404,5381
404,8509
404,8510
404,8511
404,8512
404,8513
404,4729
404,8514
405,8515
405,8516
405,8517
405,8518
405,8519
405,8520
405,6680
405,4857
405,2766
405,8521
405,6494
405,4750
405,8522
405,8523
405,5172
405,4755
405,4758
405,5088
405,8524
405,8525
405,8526
405,8527
405,5827
405,8528
405,8529
406,8530
406,8531
406,8532
406,8533
406,8534
406,8535
406,8536
406,2483
406,8537
406,8538
406,8539
406,8540
406,8541
406,8542
406,8543
406,8544
406,8545
406,8546
406,8547
406,8548
406,8549
406,8550
406,8551
406,8552
406,8553
406,4868
406,8554
406,4677
406,8555
406,8556
406,8557
406,8558
406,4681
406,8559
406,8560
406,8561
406,8562
406,8563
406,8564
406,8565
407,8566
407,8567
407,8568
407,8569
407,8570
407,1111
407,8571
407,8572
407,8573
407,8574
407,8575
407,8576
407,8577
407,6746
407,8578
407,8579
407,8580
407,8581
407,8582
407,8583
407,8584
408,8585
408,8586
408,8587
408,8588
408,5277
408,8589
408,8590
408,8591
408,4705
408,8592
408,8593
408,8594
408,8595
408,8596
408,2086
408,5620
408,2236
408,8597
408,8598
408,8599
408,8600
408,7414
408,8601
408,8602
408,8603
408,8604
408,6110
408,3072
408,8605
408,7590
408,8606
408,8607
408,8608
408,8609
408,8610
408,6119
408,8611
408,8612
408,8613
408,6121
408,4696
408,8614
408,8615
408,8616
408,8617
408,7785
408,8618
408,7787
408,4677
408,7788
408,4821
408,6799
408,7129
408,4599
408,8619
408,8620
408,8621
408,8622
408,8623
408,7798
408,4603
409,8624
409,8625
409,8626
409,8627
409,8628
409,8629
409,8630
409,8631
409,8632
409,8633
409,8634
409,8635
409,8636
409,8637
409,8638
409,8639
409,8640
409,8641
409,8642
409,8643
409,8644
409,8645
409,8646
409,8647
409,8648
409,8649
409,8650
409,8651
409,8652
409,8653
409,8654
409,8655
409,8656
409,8125
409,8657
409,8658
409,8659
409,8660
409,5117
409,2727
409,6554
409,8661
409,8662
409,8663
409,8664
409,8665
409,8666
409,6492
409,4750
409,8667
409,8668
409,8669
409,8670
409,8671
409,4753
409,8672
409,8673
409,4755
409,8674
409,8675
409,8676
409,8677
409,8678
409,8679
409,8680
409,7052
409,8681
409,8682
409,8683
409,8684
409,8685
409,8686
409,8687
409,8688
409,5821
409,8689
409,8690
409,8691
409,6103
409,8692
409,6799
409,6498
409,4681
409,4951
409,4599
409,8693
409,5609
409,4998
409,8694
409,8695
409,8696
409,4805
409,4768
409,4729
409,8697
409,8698
410,8699
410,5277
410,8700
410,1651
410,8701
410,8702
410,8703
410,8704
410,8705
410,8706
410,1898
410,6572
410,8707
410,8708
410,2150
410,8709
410,2223
410,8710
410,8711
410,8712
410,8713
410,8714
410,8715
410,5738
410,8716
410,7043
410,8717
410,5742
410,4753
410,6274
410,5749
410,5873
410,6672
410,5629
411,8718
411,8719
411,8720
411,8721
411,8722
411,8723
411,8724
411,8725
411,3005
411,3689
411,8726
411,8727
411,8728
411,7394
411,6067
411,5086
411,4679
411,5403
411,4543
411,8729
411,8730
411,8731
411,8310
412,8732
412,8733
412,8734
412,1190
412,8735
412,1211
412,1283
412,8736
412,8737
412,8738
412,8739
412,8740
412,8741
412,2869
412,8742
412,8743
412,8744
412,8745
412,3028
412,8746
412,8747
412,8748
412,3341
412,8749
412,8750
412,8751
412,8752
412,8753
412,8754
412,3830
412,8755
412,8756
412,8757
412,8758
412,8759
412,4149
412,8760
412,4189
412,4236
412,8761
412,8762
412,8763
412,8764
412,8765
412,8766
412,8767
412,8768
412,8769
412,4524
412,8770
412,8771
412,8772
412,4599
412,8773
412,8774
412,8775
412,8776
412,8777
412,8778
412,8779
412,8780
413,8781
413,8782
413,8783
413,8784
413,8785
413,8786
413,8787
413,8788
413,8789
413,6355
413,8790
413,5159
413,8791
413,8792
413,8793
413,8794
413,8795
413,3846
413,4753
413,7051
413,8796
413,8797
413,8798
413,8799
413,8800
413,8801
413,8802
413,8803
413,8804
413,8805
414,8806
414,8807
414,8808
414,8809
414,8810
414,8811
414,8812
414,8813
414,8814
414,5742
414,8815
414,8816
414,8817
414,8818
414,8819
414,8820
414,8821
414,8822
414,6330
414,8823
414,8824
414,8825
415,8826
415,8827
415,8828
415,8829
415,1767
415,8830
415,8831
415,8832
415,8833
415,8834
415,8835
415,2022
415,8836
415,8837
415,8838
415,6209
415,8839
415,8840
415,8841
415,8842
415,8843
415,8844
415,8845
415,7414
415,8846
415,2709
415,6210
415,8847
415,2761
415,8848
415,8849
415,8850
415,6212
415,3265
415,8851
415,6213
415,8852
415,8853
415,8854
415,8855
415,6219
415,8856
415,8857
415,6562
415,4217
415,8858
415,6222
415,6223
415,4421
415,8859
415,5202
415,7698
415,8860
415,6227
415,8861
415,8862
415,4599
415,4543
415,5058
415,8863
415,6231
415,8864
415,8865
415,8866
415,8867
415,5974
415,8868
415,8869
415,8870
415,8871
415,5064
416,1429
416,4705
416,8872
416,8873
416,6503
416,6282
416,7806
416,8874
416,6512
416,8875
416,8876
416,6518
416,5290
416,6524
416,6525
416,8877
416,7854
416,6526
416,6529
416,8878
416,8879
416,4924
416,8880
416,8881
416,6535
416,4359
416,6537
416,8882
416,8883
416,6619
416,8884
416,8885
416,8886
418,7311
418,8887
418,8888
418,8889
418,1619
418,1651
418,8890
418,8891
418,2056
418,8892
418,5340
418,5289
418,7616
418,8893
418,5291
418,8894
418,8895
418,8896
418,8897
418,8898
418,6242
418,8899
418,8900
418,8901
418,8902
418,5086
418,8903
418,8904
418,4359
418,8905
418,4368
418,8906
418,8907
418,8908
418,6672
418,8909
418,8910
418,8911
418,8912
418,8913
418,8914
418,8915
418,8916
418,5301
418,8917
418,7768
418,5267
418,4539
418,5269
418,5304
418,4599
418,4543
418,8918
418,5358
418,8919
419,8920
419,8921
419,8922
419,8923
419,8924
419,8925
419,8926
419,8927
419,8928
419,8929
419,8930
419,8062
419,8931
419,8932
419,6447
419,4761
419,4599
419,8933
419,8934
419,8935
419,8936
419,8937
419,8938
419,8939
420,8940
420,8941
420,2232
420,8942
420,5339
420,5340
420,2887
420,5122
420,8943
420,8944
420,8945
420,8946
420,4049
420,4096
420,4985
420,4359
420,4368
420,8947
420,6294
420,5301
420,6247
420,4761
420,5265
420,4599
420,4543
421,8948
421,8949
421,8950
421,8951
421,4753
421,8952
421,8953
421,4720
421,4247
421,8954
421,8955
421,8956
421,8957
421,8958
421,8959
421,8960
421,8961
421,8962
421,8963
421,8964
421,8965
421,8966
421,8967
421,8968
421,8969
421,8970
421,8971
421,8972
421,8973
421,8974
421,8975
421,8976
421,8977
421,8978
421,8979
421,8980
421,8981
421,8982
421,8983
421,8984
421,8985
421,8986
421,8987
421,8988
421,4910
421,8989
422,8990
422,693
422,5993
422,8991
422,8992
422,8993
422,8994
422,8995
422,8996
422,8997
422,8998
422,5994
422,5995
422,6016
422,8999
422,4705
422,9000
422,5280
422,8053
422,9001
422,4677
423,9002
423,9003
423,9004
423,9005
423,9006
423,9007
423,9008
423,9009
423,9010
423,9011
423,9012
423,9013
423,9014
423,9015
423,9016
423,9017
423,9018
423,5116
423,9019
423,9020
423,9021
423,9022
423,9023
423,9024
423,9025
423,4753
423,9026
423,4720
423,9027
423,9028
423,9029
423,9030
423,9031
423,9032
423,9033
424,9034
424,9035
424,9036
424,9037
424,9038
424,9039
424,9040
424,9041
424,9042
424,1792
424,9043
424,9044
424,9045
424,9046
424,7527
424,9047
424,9048
424,9049
424,7531
424,9050
424,9051
424,4687
424,9052
424,9053
424,7537
424,9054
424,9055
424,9056
424,9057
424,9058
424,9059
424,7542
424,9060
424,9061
424,9062
424,9063
424,9064
424,9065
424,9066
424,4601
424,8511
424,7553
424,9067
424,9068
424,9069
424,5308
424,4603
425,4912
425,9070
425,8051
425,9071
425,1643
425,9072
425,9073
425,9074
425,9075
425,9076
425,5366
425,9077
425,5864
425,9078
425,9079
425,9080
425,9081
425,9082
425,9083
425,9084
425,5381
425,9085
425,7335
425,9086
426,9087
426,9088
426,909
426,9089
426,9090
426,9091
426,9092
426,4742
426,5742
426,6059
426,9093
426,5873
426,6971
426,9094
426,9095
426,9096
427,9097
427,9098
427,2624
427,9099
427,9100
427,9101
427,9102
427,9103
427,9104
427,9105
427,9106
427,9107
427,9108
427,9109
427,9110
427,5202
427,4679
427,8861
427,5058
427,4910
427,9111
427,5064
428,9112
428,9113
428,9114
428,9115
428,9116
428,9117
428,5123
428,9118
428,9119
428,9120
428,9121
428,9122
428,9123
428,9124
428,9125
428,9126
428,9127
428,6592
428,9128
428,9129
428,9130
428,6599
428,9131
428,5269
428,4599
428,9132
428,9133
428,9134
428,9135
428,9136
429,9137
429,818
429,9138
429,1386
429,9139
429,9140
429,1766
429,9141
429,9142
429,9143
429,9144
429,7845
429,5976
429,6477
429,4716
429,5295
429,4720
429,9145
429,9146
429,4420
429,7882
429,9147
429,4599
429,6384
429,5308
429,9148
430,1650
430,1697
430,9149
430,5902
430,9150
430,2633
430,9151
430,9152
430,9153
430,9154
430,3074
430,9155
430,9156
430,3217
430,9157
430,9158
430,9159
430,9160
430,5742
430,9161
430,3622
430,9162
430,9163
430,9164
430,9165
430,6824
430,6118
430,6274
430,9166
430,5873
430,4757
430,9167
430,9168
430,4198
430,9169
430,4349
430,4393
430,4458
430,7785
430,6127
430,7788
430,9170
430,4599
430,4543
430,8620
430,9171
430,9172
431,9173
431,5942
431,5836
431,5476
431,804
431,9174
431,9175
431,9176
431,9177
431,5019
431,9178
431,6016
431,9179
431,1220
431,9180
431,9181
431,9182
431,9183
431,1562
431,9184
431,9185
431,9186
431,9187
431,9188
431,9189
431,5998
431,9190
431,9191
431,9192
431,9193
431,9194
431,9195
431,9196
431,9197
431,9198
431,2546
431,2562
431,4818
431,9018
431,9199
431,5116
431,9200
431,9201
431,9202
431,5119
431,9203
431,9204
431,5976
431,9205
431,9206
431,9207
431,9208
431,9209
431,9210
431,9211
431,9212
431,9213
431,9214
431,5979
431,9215
431,9216
431,7046
431,9217
431,3631
431,9218
431,3784
431,9219
431,9220
431,4753
431,3988
431,3918
431,9221
431,4099
431,9222
431,5238
431,9223
431,4359
431,4368
431,4377
431,5242
431,9224
431,9225
431,7426
431,9226
431,8215
431,4599
431,9227
431,6007
431,9228
431,9229
431,9230
431,9231
432,9232
432,9233
432,9234
432,5947
432,9235
432,2759
432,2910
432,3337
432,9236
432,9237
432,3434
432,6059
432,9238
432,9239
432,9240
432,3859
432,3921
432,9241
432,4010
432,9242
432,9243
432,4184
432,4189
432,9244
432,9245
432,9246
432,5883
432,9247
432,9248
432,9249
432,9250
432,9251
432,9252
432,9253
432,8770
432,9254
432,9255
432,9256
432,9257
432,9258
432,9259
432,9260
432,4543
432,9261
432,5898
432,9262
433,9263
433,9264
433,9265
433,9266
433,9267
433,9268
433,9269
433,9270
434,9271
434,9272
434,9273
434,9274
434,9275
434,9276
434,9277
434,9278
434,9279
434,9280
434,9281
434,9282
434,9283
434,9284
434,2804
434,9285
434,9286
434,9287
434,9288
434,3639
434,7048
434,9289
434,9290
434,9291
434,9292
434,9293
434,9294
434,4755
434,9295
434,4189
434,9296
434,9297
434,9298
434,9299
434,9300
434,9301
434,9302
434,7580
434,9303
434,4458
434,9304
434,9305
434,9306
434,9307
434,5353
434,9308
434,9309
434,4681
434,9310
434,4599
434,9311
434,9312
434,9313
434,9314
434,9315
434,9316
434,9317
434,8362
435,9318
435,9319
435,9320
435,6709
435,9321
435,7445
435,9322
435,9323
435,9324
435,9325
435,9326
435,9327
435,9328
435,9329
435,9330
435,9331
436,9332
436,3367
436,9333
436,9334
436,9335
436,9336
436,8754
436,3826
436,9337
436,9338
436,3918
436,4084
436,4211
436,5874
436,9244
436,4268
436,9339
436,4758
436,4306
436,5054
436,4984
436,9340
436,9341
436,9342
436,4439
436,9343
436,9344
436,9345
436,6724
436,9346
436,9347
436,7665
436,9348
436,4868
436,9349
436,6249
436,9254
436,9256
436,9257
436,4698
436,4643
436,4681
436,9350
436,4787
436,4599
436,5827
436,9351
436,4543
436,5553
436,9352
436,5486
436,4910
436,5898
436,5063
436,5064
436,9353
437,9354
437,9355
437,9356
437,9357
437,9358
437,7720
437,9359
437,9360
437,9361
437,5117
437,9362
437,9363
437,9364
437,9365
437,9366
437,9367
437,9368
437,9369
437,9370
437,9371
437,9372
437,9373
437,5123
437,9374
437,9375
437,9376
437,3791
437,9377
437,5349
437,9378
437,4755
437,9379
437,5968
437,9380
437,9381
437,6070
437,9382
437,9383
437,9384
437,4677
437,5246
437,5247
437,4821
437,4761
437,4681
437,4599
437,9385
437,9386
437,6011
437,9387
437,9388
438,9389
438,9390
438,8572
438,9391
438,8705
438,9392
438,8706
438,9393
438,9394
438,9395
438,9396
438,2299
438,9397
438,9398
438,9399
438,9400
438,9401
438,6765
438,5976
438,9402
438,3400
438,3424
438,9403
438,9404
438,3514
438,5560
438,9405
438,5172
438,4753
438,3967
438,4015
438,4863
438,9406
438,9339
438,9407
438,5054
438,9408
438,4393
438,4421
438,5088
438,4439
438,9409
438,4499
438,5971
438,5246
438,4524
438,9410
438,9411
438,9412
438,9413
438,5606
438,5973
438,9414
438,4681
438,4599
438,4543
438,4910
438,9415
438,5249
438,9416
439,9417
439,9418
439,9419
439,9420
439,4944
439,9421
439,9422
439,9423
439,9424
439,5947
439,4946
439,9425
439,4947
439,9426
439,9427
439,9428
439,9429
439,9430
439,9431
439,9432
439,9433
439,9434
439,9435
439,9436
439,5118
439,9437
439,9438
439,9439
439,9440
439,9441
439,9442
439,9443
439,6059
439,5082
439,9444
439,9445
439,3895
439,4755
439,9446
439,4189
439,9447
439,9448
439,4349
439,9449
439,9450
439,9451
439,5088
439,9452
439,9453
439,5779
439,9454
439,9455
439,9456
439,4994
439,9457
439,9458
439,4906
439,4599
439,9459
439,9460
439,9461
439,8511
439,9462
439,9463
440,9464
440,9465
440,9466
440,9467
440,9468
440,9469
440,9470
440,9471
440,9472
440,5993
440,9473
440,9474
440,9475
440,9476
440,9477
440,9478
440,9479
440,9480
440,5276
440,6987
440,9481
440,5996
440,6016
440,9482
440,5997
440,6640
440,9483
440,4705
440,5279
440,4918
440,9484
440,2089
440,5998
440,5285
440,9485
440,5371
440,3791
440,5345
440,5300
440,4821
440,6006
440,9229
440,9486
441,306
441,9487
441,788
441,9488
441,9489
441,9490
441,9491
441,9492
441,9493
441,9494
441,5998
441,9197
441,5342
441,4818
441,8876
441,9495
441,4922
441,9496
441,6036
441,5124
441,4716
441,6039
441,9497
441,9498
441,9499
441,4677
441,9500
441,7789
441,9501
441,9226
441,9502
441,6004
441,4599
441,9503
441,9504
441,9505
441,9506
442,9507
442,9508
442,9509
442,9510
442,713
442,9511
442,9512
442,9513
442,9514
442,9515
442,9516
442,9517
442,9518
442,9519
442,9520
442,9521
442,9522
442,9523
442,9524
442,9525
442,9526
442,2100
442,9527
442,9528
442,2192
442,9529
442,9530
442,8843
442,2500
442,9531
442,9532
442,9533
442,9534
442,9535
442,9536
442,9537
442,9538
442,2890
442,9539
442,9540
442,3105
442,9541
442,9542
442,9543
442,9544
442,9545
442,9546
442,9547
442,9548
442,9549
442,8793
442,9550
442,9551
442,9552
442,9553
442,9554
442,9555
442,3846
442,9556
442,4753
442,9557
442,9558
442,9559
442,9560
442,9561
442,9562
442,9563
442,9564
442,9565
442,9566
442,6320
442,9567
442,9568
442,7668
442,4595
442,9569
442,9570
442,9571
443,9572
443,9573
443,9574
443,1746
443,9575
443,9576
443,9577
443,9578
443,9579
443,9580
443,2434
443,9581
443,9582
443,2735
443,5118
443,9583
443,9584
443,9585
443,9586
443,9587
443,9588
443,6867
443,9589
443,6065
443,9590
443,9591
443,9592
443,5295
443,9593
443,4189
443,4241
443,9594
443,9595
443,9596
443,9597
443,7401
443,6069
443,9598
443,3813
443,5374
443,5399
443,9599
443,9600
443,4677
443,6074
443,5126
443,9601
443,4995
443,5403
443,9602
443,9603
443,9604
443,5785
443,9605
443,9606
443,6384
443,7411
443,5063
443,5064
444,9607
444,6013
444,4912
444,9608
444,5277
444,9609
444,4705
444,9610
444,9611
444,6282
444,9612
444,9613
444,9614
444,9191
444,6472
444,7278
444,9615
444,5285
444,5286
444,6350
444,9616
444,2546
444,9617
444,9618
444,5118
444,4922
444,9619
444,5978
444,5124
444,6287
444,5294
444,5345
444,4105
444,5295
444,9620
444,4359
444,9621
444,4539
444,4599
444,7902
444,5612
445,5018
445,9622
445,9623
445,9624
445,9625
445,9626
445,9627
445,1651
445,9628
445,9629
445,9630
445,9631
445,9632
445,9633
445,2274
445,9634
445,9635
445,9636
445,9637
445,9638
445,9639
445,9640
445,9641
445,9642
445,9643
445,9644
445,9645
445,9646
445,9647
445,9648
445,9649
445,9650
445,9651
445,4755
445,9652
445,9653
445,9654
445,4393
445,9655
445,5301
445,4761
445,9656
445,4698
445,5304
445,4599
445,4543
445,4805
445,9657
446,9658
446,9659
446,4705
446,1623
446,9660
446,5340
446,5341
446,5287
446,9661
446,9662
446,9663
446,5291
446,9664
446,9665
446,9666
446,9667
446,5978
446,4715
446,5124
446,9668
446,5345
446,9669
446,6242
446,5907
446,5295
446,4720
446,9670
446,9671
446,7052
446,9672
446,5296
446,6245
446,6291
446,6672
446,5297
446,5298
446,6246
446,6293
446,5300
446,5301
446,5302
446,6248
446,5303
446,6296
446,9673
446,7259
446,5269
446,5304
446,5305
446,5785
446,9674
446,9675
446,9676
446,9677
446,5307
446,7214
446,9678
446,5358
447,404
447,5836
447,9679
447,9680
447,881
447,9681
447,5477
447,1166
447,1420
447,4705
447,1718
447,9682
447,1930
447,8498
447,2022
447,2090
447,9683
447,9684
447,2486
447,2546
447,6000
447,9077
447,5118
447,5976
447,5977
447,8501
447,8502
447,8466
447,5124
447,3825
447,9685
447,4105
447,9686
447,5087
447,8505
447,4539
447,9687
447,9688
447,4599
447,4701
447,9689
447,5381
447,8511
447,5612
447,9690
447,8513
447,4729
448,9691
448,9692
448,9693
448,7319
448,9694
448,9695
448,7845
448,9696
448,9697
448,9698
448,9699
448,9700
448,4720
448,9701
448,9702
448,9703
448,9704
448,9705
448,9706
448,9707
448,9708
448,9709
448,9710
448,9711
448,9712
449,9713
449,9714
449,9715
449,9716
449,9717
449,9718
449,9719
449,9720
449,9721
449,9722
449,9723
449,9724
449,9725
449,4716
449,9726
449,9727
449,4415
449,9728
449,5629
449,6971
449,5056
449,5057
449,9729
449,9134
449,9730
449,9731
449,9732
449,9733
449,9734
449,4768
449,9735
449,9736
449,5406
450,9737
450,1603
450,9738
450,9739
450,9740
450,9741
450,9742
450,9743
450,9744
450,2103
450,9745
450,9746
450,9747
450,9748
450,2524
450,9749
450,9750
450,9751
450,9752
450,4620
450,9753
450,9754
450,9755
450,9756
450,9757
450,9758
450,9759
450,9760
450,3498
450,9761
450,9762
450,9763
450,6957
450,9764
450,4631
450,9765
450,9766
450,4753
450,4013
450,4634
450,4755
450,9767
450,9768
450,9769
450,4638
450,9770
450,6074
450,9771
450,9772
450,9773
450,9774
450,9775
450,9776
450,4603
451,9777
451,9778
451,9779
451,9780
451,9781
451,9782
451,9783
451,9784
451,9785
451,9786
451,9787
451,9788
451,9789
451,9790
451,9791
451,9792
451,9793
451,9794
451,9795
451,9796
451,9797
451,9798
451,9799
451,9800
451,9801
451,9802
451,9803
451,9804
451,9805
451,6824
451,9806
451,5873
451,9807
451,9808
451,9809
451,9810
451,9811
451,9812
451,9813
451,9814
451,9815
451,9816
451,9817
451,9818
451,9819
451,9820
451,9821
451,9822
451,9823
451,9824
451,9825
451,9826
451,9827
451,9828
451,8775
451,9829
451,9830
451,9831
451,9832
452,9833
452,1028
452,9834
452,9835
452,5947
452,5948
452,5950
452,9836
452,9837
452,9838
452,9839
452,9840
452,9841
452,9842
452,9843
452,9844
452,9845
452,9846
452,9847
452,9848
452,2553
452,9849
452,9850
452,9851
452,9852
452,9853
452,9854
452,9855
452,9856
452,5961
452,3306
452,3400
452,9857
452,9858
452,9859
452,5964
452,9860
452,9861
452,9862
452,9863
452,9864
452,9865
452,9866
452,4755
452,5965
452,5966
452,9867
452,9868
452,4189
452,9869
452,9870
452,4358
452,4393
452,4439
452,9871
452,5970
452,9872
452,4868
452,7831
452,4698
452,9873
452,4681
452,4599
452,4543
452,5553
452,9874
452,4910
452,9875
452,9876
452,9877
452,9878
452,9879
452,9880
452,9881
452,9882
452,9883
452,9884
452,9885
452,9886
452,5064
453,9887
453,9888
453,9889
453,9890
453,9891
453,9892
453,9893
453,9894
453,9895
453,9896
453,9897
453,9898
453,5338
453,9899
453,9900
453,9901
453,9902
453,9903
453,9904
453,9905
453,9906
453,9907
453,9908
453,9909
453,8241
453,9910
453,9093
453,9911
453,5460
453,9912
453,9913
453,9914
453,9915
453,9916
453,9917
453,7428
453,9918
453,9919
453,9920
453,9921
454,9922
454,9923
454,846
454,8887
454,4705
454,9924
454,9925
454,5998
454,4815
454,9926
454,9927
454,4818
454,8465
454,9928
454,9929
454,9930
454,9931
454,5979
454,9932
454,9933
454,4696
454,9497
454,4359
454,9934
454,9935
454,4821
454,9226
455,9936
455,9937
455,9938
455,9939
455,9940
455,9941
455,9942
455,9943
455,9944
455,4189
455,9945
455,9946
455,9947
455,9948
455,9949
455,9950
455,4593
455,9951
455,9952
455,9953
455,9954
455,4599
455,9955
455,9956
455,9957
455,9958
455,9959
455,9960
455,6081
455,9961
456,9962
456,9963
456,1122
456,9964
456,9965
456,9966
456,9967
456,9968
456,9969
456,9970
456,9971
456,9972
456,9973
456,9974
456,9975
456,9976
456,9977
456,9978
456,9979
456,9980
456,9981
456,9982
456,9983
456,9984
456,9985
456,9986
456,9987
456,9988
456,6145
456,9989
456,9990
456,9991
456,3305
456,9992
456,9993
456,9994
456,8751
456,9995
456,9996
456,9997
456,9998
456,9999
456,10000
456,5483
456,10001
456,10002
456,10003
456,5086
456,10004
456,10005
456,4368
456,10006
456,10007
456,10008
456,4676
456,10009
456,8768
456,10010
456,10011
456,10012
456,10013
456,10014
456,4698
456,10015
456,10016
456,10017
456,4599
456,4543
456,10018
456,10019
456,10020
456,10021
456,6080
456,10022
456,10023
456,10024
456,10025
457,10026
457,1657
457,10027
457,10028
457,10029
457,10030
457,10031
457,10032
457,10033
457,10034
457,10035
457,3235
457,10036
457,10037
457,10038
457,10039
457,10040
457,10041
457,10042
457,3997
457,4010
457,10043
457,10044
457,10045
457,10046
457,10047
457,10048
457,4452
457,4458
457,10049
457,10050
457,4762
457,4597
457,4766
457,10051
457,10052
457,10053
458,10054
458,10055
458,10056
458,10057
458,4818
458,5343
458,10058
458,8877
458,10059
458,10060
458,10061
458,6479
458,10062
458,5979
458,5344
458,9226
458,10063
459,10064
459,10065
459,10066
459,10067
459,10068
459,10069
459,10070
459,1998
459,10071
459,2123
459,10072
459,10073
459,10074
459,7448
459,10075
459,2546
459,10076
459,10077
459,10078
459,5976
459,5977
459,10079
459,3032
459,7455
459,9440
459,10080
459,5978
459,8466
459,3381
459,5979
459,10081
459,6002
459,10082
459,4235
459,4359
459,4368
459,4377
459,5088
459,10083
459,7468
459,5981
459,10084
459,10085
459,4539
459,4599
459,5381
459,10086
459,10087
459,10088
459,10089
459,10090
459,10091
459,5090
459,4768
459,10092
459,10093
459,7113
459,7132
460,10094
460,10095
460,10096
460,1345
460,10097
460,10098
460,10099
460,10100
460,10101
460,10102
460,10103
460,2437
460,10104
460,2734
460,5047
460,10105
460,10106
460,10107
460,10108
460,10109
460,10110
460,10111
460,10112
460,6955
460,5390
460,10113
460,6960
460,10114
460,9164
460,10115
460,10116
460,4755
460,4757
460,4231
460,10117
460,4758
460,10118
460,6565
460,10119
460,10120
460,10121
460,10122
460,4761
460,6971
460,5056
460,5057
460,10123
460,5059
460,10124
460,10125
460,10126
460,10127
460,5012
461,10128
461,10129
461,10130
461,776
461,10131
461,10132
461,10133
461,10134
461,10135
461,10136
461,10137
461,10138
461,10139
461,10140
461,10141
461,10142
461,10143
461,10144
461,4704
461,10145
461,10146
461,10147
461,6502
461,10148
461,10149
461,10150
461,10151
461,10152
461,10153
461,10154
461,10155
461,1995
461,10156
461,10157
461,10158
461,10159
461,10160
461,10161
461,10162
461,2002
461,10163
461,10164
461,7328
461,10165
461,10166
461,10167
461,10168
461,10169
461,10170
461,10171
461,10172
461,7001
461,10173
461,6477
461,3179
461,10174
461,10175
461,10176
461,3587
461,5345
461,10177
461,4924
461,5087
461,7203
461,10178
461,10179
461,10180
461,9130
461,10181
461,4599
461,4543
461,10182
461,10183
461,10184
461,10185
461,10186
461,10187
461,10188
462,10189
462,10190
462,5293
462,10191
462,3859
462,3947
462,4755
462,4189
462,6712
462,5087
462,10192
462,4368
462,4393
462,10193
462,10194
462,5261
462,7580
462,6292
462,10010
462,4868
462,7698
462,5987
462,5266
462,4698
462,5353
462,10195
462,10196
462,4681
462,5269
462,4599
462,4543
462,6330
462,5553
462,5486
462,10197
462,5249
462,5064
462,7968
462,8362
462,10198
463,8198
463,5836
463,5018
463,10199
463,10200
463,10201
463,10202
463,10203
463,7314
463,10204
463,10205
463,10206
463,5070
463,10207
463,10208
463,10209
463,5073
463,10210
463,5107
463,5108
463,10211
463,10212
463,10213
463,4920
463,10214
463,8212
463,10215
463,10216
463,10217
463,10218
463,10219
463,9404
463,10220
463,5084
463,9221
463,10221
463,10222
463,10223
463,10224
463,10225
463,10226
463,9229
463,10227
463,10228
463,10229
464,10230
464,10231
464,4739
464,10232
464,4740
464,10233
464,10234
464,3391
464,3482
464,10235
464,10236
464,10237
464,10238
464,10239
464,3859
464,10240
464,10241
464,10242
464,10243
464,10244
464,10245
464,10246
464,4696
464,10247
464,10248
464,10249
464,10250
464,10251
464,10252
464,4759
464,4762
464,10253
464,4597
464,10254
464,10255
464,4599
464,4766
464,10256
464,10257
464,4952
465,7414
465,2687
465,10258
465,10259
465,3433
465,10260
465,3859
465,10261
465,3921
465,3950
465,3970
465,3981
465,3985
465,3988
465,4058
465,6562
465,10262
465,4271
465,4280
465,4314
465,4984
465,4349
465,10263
465,10264
465,3813
465,4421
465,4437
465,4439
465,4676
465,10265
465,6794
465,4499
465,10266
465,10267
465,10268
465,4593
465,7426
465,4679
465,10269
465,4698
465,4599
465,4543
465,7209
465,10270
465,4910
465,5249
465,10271
465,10272
465,10273
465,6569
465,10274
465,5063
465,10275
465,5064
466,10276
466,4912
466,10277
466,10278
466,10279
466,10280
466,10281
466,10282
466,10283
466,10284
466,10285
466,10286
466,2010
466,10287
466,10288
466,10289
466,10290
466,10291
466,10292
466,10293
466,10294
466,10295
466,10296
466,10297
466,6000
466,10298
466,5290
466,10299
466,10300
466,10301
466,10302
466,10303
466,10304
466,10305
466,7203
466,5329
466,5377
466,10306
466,10307
466,10308
466,8885
466,10309
466,10310
466,10311
466,10312
466,10313
466,10314
467,1347
467,10315
467,10316
467,10317
467,10318
467,10319
467,10320
467,10321
467,2624
467,10322
467,2814
467,2964
467,10323
467,3306
467,10324
467,10325
467,3682
467,3780
467,10326
467,4753
467,3995
467,7783
467,4330
467,10327
467,7203
467,5377
467,4486
467,10328
467,10329
467,4599
467,10330
467,10331
467,10332
467,10333
467,10334
467,8511
467,10335
467,4768
467,5308
467,10336
467,10337
468,5835
468,10338
468,1524
468,10339
468,6485
468,5478
468,10340
468,2022
468,5138
468,10341
468,4857
468,7754
468,6491
468,10342
468,9376
468,5348
468,3852
468,4753
468,4755
468,5692
468,5088
468,4439
468,10343
468,7669
468,5987
468,6497
468,4681
468,4599
468,4543
468,4872
468,5988
468,4910
468,10344
468,8511
468,10345
468,9387
469,10346
469,10347
469,5018
469,10348
469,10349
469,10350
469,10351
469,10352
469,10353
469,10354
469,10355
469,5022
469,10356
469,9483
469,10357
469,10358
469,10359
469,10360
469,10361
469,10362
469,4919
469,10363
469,10364
469,6350
469,10365
469,4967
469,5341
469,5027
469,8212
469,5116
469,5117
469,4922
469,10366
469,5028
469,10367
469,10368
469,10369
469,10370
469,10371
469,10372
469,4753
469,10373
469,10374
469,10375
469,10376
469,9933
469,4761
469,10377
469,10378
469,10379
469,10380
469,10381
469,10382
469,10383
469,10384
469,9604
469,5381
469,8509
469,10385
469,4768
469,10386
469,10387
470,10388
470,10389
470,10390
470,2064
470,1972
470,2497
470,3036
470,3523
470,10391
470,3655
470,10392
470,3950
470,10393
470,4010
470,3918
470,4084
470,5968
470,10394
470,10395
470,6294
470,4520
470,10396
470,5485
470,4698
470,6077
470,10397
470,10398
470,4599
470,5609
470,4805
471,10399
471,10400
471,10401
471,3424
471,10402
471,9118
471,10403
471,8900
471,10404
471,10405
471,10406
471,10407
471,8907
471,10408
471,5261
471,6979
471,10409
471,10410
471,10411
471,10412
471,10413
471,8917
471,5304
471,4599
471,4543
471,10414
472,7496
472,5483
472,4755
472,10415
472,10416
472,10417
472,7167
472,4761
472,4681
472,4910
472,5488
474,10418
474,10419
474,10280
474,5998
474,10420
474,6000
474,4818
474,7845
474,6624
474,10421
474,5118
474,10422
474,5976
474,9698
474,7854
474,10423
474,5979
474,5344
474,10424
474,4716
474,10425
474,4359
474,10426
474,10427
474,4821
474,9226
474,4599
474,10428
474,10429
475,10430
475,10431
475,6679
475,10432
475,10433
475,10434
475,10435
475,10436
475,6268
475,10437
475,10438
475,7228
475,4753
475,7230
475,10439
476,10440
476,10441
476,5018
476,10442
476,5019
476,10443
476,10444
476,10445
476,4706
476,10446
476,10447
476,10448
476,10449
476,10450
476,10451
476,10452
476,10453
476,10454
476,10455
476,10456
476,7324
476,10457
476,10458
476,10459
476,10460
476,10461
476,10462
476,10463
476,10464
476,10465
476,5116
476,10466
476,5118
476,10467
476,10468
476,10469
476,10470
476,10471
476,10472
476,10473
476,10474
476,10475
476,10476
476,10477
476,8329
476,10478
476,10479
476,10480
476,10481
476,5482
476,10482
476,10483
476,10484
476,10485
476,10486
476,10487
476,4587
476,10488
476,4761
476,10489
476,10490
476,10491
476,10492
476,10493
477,10494
477,10495
477,10496
477,10497
477,10498
477,10499
477,10500
477,10501
477,10502
477,10503
477,8599
477,10504
477,5341
477,10505
477,8600
477,10506
477,10507
477,8601
477,10508
477,10509
477,10510
477,4921
477,10511
477,10512
477,10513
477,10514
477,10515
477,10516
477,4750
477,10517
477,10518
477,10519
477,10520
477,4720
477,6121
477,4225
477,8617
477,7784
477,10521
477,7788
477,6799
477,10522
477,10523
478,10524
478,10525
478,10526
478,10527
478,10528
478,10529
478,9419
478,1094
478,10530
478,4944
478,10531
478,4946
478,10532
478,10533
478,10534
478,10535
478,9432
478,4687
478,10536
478,10537
478,7537
478,10538
478,4692
478,10539
478,10540
478,10541
478,4189
478,4696
478,10542
478,4439
478,9453
478,6794
478,10543
478,10544
478,4599
478,4543
478,10545
478,10546
479,10547
479,10548
479,8427
479,10549
479,10550
479,10551
479,10552
479,10553
479,10554
479,10555
479,10556
479,10557
479,10558
479,10559
479,5852
479,10560
479,10561
479,10562
479,10563
479,10564
479,10565
479,5734
479,10566
479,10567
479,10568
479,5118
479,10569
479,10570
479,5738
479,10571
479,10572
479,10573
479,10574
479,10575
479,10576
479,9646
479,10577
479,10578
479,10579
479,4884
479,10580
479,10581
479,10582
479,10583
479,4716
479,10584
479,7989
479,4753
479,5748
479,10585
479,10586
479,10587
479,6274
479,10588
479,10589
479,5873
479,10590
479,10591
479,5883
479,5971
479,10592
479,10593
479,10594
479,10595
479,10596
479,10597
479,9257
479,9260
479,10598
479,10599
479,10600
479,10601
479,10602
479,10603
479,10604
479,10605
480,10606
480,4912
480,10607
480,10608
480,10609
480,5477
480,10610
480,10611
480,10612
480,10613
480,1643
480,10614
480,10615
480,2090
480,10616
480,10617
480,2486
480,2631
480,10618
480,5290
480,4377
480,10619
480,10620
481,10621
481,10452
481,10622
481,10623
481,10466
481,2809
481,2995
481,4671
481,4557
481,8329
481,10624
481,4571
481,10625
481,10626
481,10482
481,10627
481,10628
481,10629
481,10487
481,4587
481,10630
481,10631
481,10632
481,10633
481,5269
481,4600
481,10634
481,10635
482,10636
482,8701
482,10637
482,10638
482,6285
482,5738
482,7989
482,10639
482,4359
482,6247
482,9256
482,5267
482,5269
482,4599
483,10640
483,10641
483,10642
483,10643
483,10644
483,10645
483,10646
483,1536
483,1950
483,10647
483,10648
483,2007
483,10649
483,10650
483,2360
483,10651
483,10652
483,10653
483,10654
483,2744
483,2809
483,2988
483,2998
483,10655
483,10656
483,10657
483,4671
483,10658
483,10659
483,4557
483,8329
483,10660
483,4564
483,5123
483,4672
483,10478
483,10661
483,10482
483,10662
483,10663
483,4587
483,4590
483,10664
483,8271
483,4681
483,10635
483,10665
484,10666
484,10667
484,10668
484,10669
484,10670
484,10671
484,10672
484,10673
484,10674
484,10675
484,10676
484,10677
484,10678
484,10679
484,10680
484,10681
484,10682
484,10683
484,10684
484,10685
484,10686
485,1079
485,10687
485,10688
485,4705
485,10689
485,1718
485,10690
485,1787
485,10691
485,9682
485,10692
485,10693
485,7321
485,10694
485,7278
485,10695
485,2546
485,6000
485,4818
485,9931
485,5979
485,10696
485,4821
485,4539
485,4599
485,10697
485,9503
485,9504
485,10698
485,10699
485,10700
486,1395
486,10701
486,10702
486,1648
486,2350
486,2630
486,10703
486,6857
486,10704
486,3826
486,4015
486,4863
486,5692
486,5054
486,10264
486,10705
486,9343
486,10343
486,10706
486,4868
486,4681
486,4599
486,5539
486,10707
487,10708
487,10709
487,10710
487,10711
487,10712
487,3179
487,10713
487,10714
487,10715
487,10716
487,10717
487,10718
487,10719
487,10720
487,10721
487,10722
487,10723
487,10724
487,10725
487,10726
487,10727
487,10728
487,10729
487,10730
487,7132
488,5066
488,6468
488,5098
488,1628
488,8434
488,2089
488,6472
488,5077
488,10731
488,7845
488,9018
488,5290
488,10732
488,10733
488,10734
488,10735
488,10736
488,8446
488,10737
488,7047
488,10738
488,10739
488,4039
488,4720
488,10740
488,10221
488,10741
488,4359
488,9655
488,8448
488,8449
488,10742
488,9147
488,10743
488,10744
488,10745
488,10746
488,10747
488,10748
488,10749
488,10750
488,10751
488,4599
488,10752
488,9416
488,10753
488,10754
488,4768
489,10755
489,10756
489,10757
489,10758
489,10759
489,10760
489,10761
489,10762
489,10763
489,10764
489,10765
489,5483
489,10766
489,10767
489,4755
489,5261
489,7580
489,10768
489,10769
489,10770
489,5987
489,10771
489,6077
489,5973
489,4681
489,4599
489,10772
489,10773
489,4805
489,10774
489,5357
489,10775
490,10776
490,10777
490,10778
490,10779
490,10780
490,2056
490,10781
490,10782
490,10783
490,10784
490,10785
490,3285
490,10786
490,5163
490,10787
490,10788
490,3791
490,10789
490,10790
490,10791
490,10792
490,4189
490,10793
490,10794
490,10795
490,4377
490,4387
490,10796
490,10797
490,10798
490,10799
490,10800
490,8689
490,10801
490,10802
490,10803
490,4681
490,10804
490,5827
490,10805
490,10806
490,10807
491,9419
491,4944
491,4946
491,10808
491,7528
491,10809
491,10810
491,9432
491,10811
491,10812
491,10813
491,7149
491,10814
491,4687
491,7537
491,10815
491,10816
491,9588
491,10817
491,10818
491,4189
491,10819
491,4985
491,10820
491,10821
491,10822
491,10823
491,9462
492,10824
492,5852
492,10825
492,8710
492,8711
492,10826
492,10827
492,3433
492,10828
492,4753
492,5748
492,5883
492,10829
493,10830
493,10831
493,10832
493,10833
493,10834
493,10835
493,10836
493,10837
493,10838
493,10839
493,10840
493,5338
493,10841
493,10842
493,10843
493,10844
493,10845
493,4857
493,10846
493,10847
493,10848
493,10849
493,10850
493,10851
493,10852
493,4755
493,10853
493,10854
493,10855
493,10856
493,4681
493,10857
493,4910
493,10858
493,10859
493,10860
494,10861
494,10862
494,4716
494,4359
494,8907
494,10194
494,10863
494,10864
494,10865
494,4681
494,5269
494,4599
494,10866
494,10867
494,10868
494,10869
494,10870
494,10871
494,4768
494,10872
495,10873
495,10874
495,10875
495,5441
495,5455
495,5117
495,2853
495,4716
495,8728
495,5393
495,6067
495,7398
495,10876
495,6069
495,10877
495,5403
495,5464
495,10878
495,10879
495,10880
495,10881
495,10882
496,625
496,10883
496,10884
496,10885
496,10886
496,10887
496,9966
496,10888
496,10889
496,10890
496,10891
496,10892
496,10893
496,10894
496,2345
496,8344
496,10895
496,10896
496,10897
496,10898
496,10899
496,10900
496,6059
496,10901
496,10902
496,10903
496,10904
496,10905
496,10906
496,7788
496,9919
496,10907
496,9094
496,10908
496,10909
496,10910
496,10911
496,10605
497,10912
497,10913
497,10914
497,10915
497,10916
497,10917
497,10918
497,10608
497,10919
497,10920
497,5277
497,10921
497,10922
497,10923
497,10924
497,10925
497,4894
497,10926
497,5118
497,10927
497,8359
497,5406
498,10928
498,10929
498,10930
498,10931
498,10932
498,10933
498,9400
498,10934
498,10935
498,5867
498,9987
498,10936
498,10937
498,10938
498,6824
498,10939
498,5873
498,10940
498,10941
498,10942
498,10943
498,4761
498,10944
498,10945
498,10946
498,5827
498,10947
498,10948
498,10949
498,10950
498,10951
499,10952
499,9077
499,4539
499,4599
499,5381
500,10953
500,1371
500,10954
500,6643
500,10955
500,2805
500,10956
500,10957
500,10958
500,3763
500,10959
500,10960
500,10961
500,10962
500,10963
500,4359
500,4368
500,10964
500,6452
500,10965
500,4761
500,9328
500,10966
500,4599
500,7208
500,10967
500,7209
500,10968
500,10969
500,10970
500,10971
500,10972
500,10973
500,10974
500,10975
500,10976
500,10977
500,10978
677,10979
677,10980
677,10981
677,10982
677,8946
677,10983
677,10984
677,4358
677,10985
677,10986
677,10987
677,10988
677,5265
677,10989
677,4599
677,10990
677,10991
677,10992
677,10993
728,10994
728,2360
728,10995
728,10996
728,10997
728,10998
728,10999
728,11000
728,11001
728,11002
728,11003
728,11004
728,11005
728,11006
728,11007
728,11008
728,11009
728,11010
728,11011
728,11012
728,11013
728,11014
728,4761
728,11015
728,11016
728,11017
728,11018
728,11019
728,11020
728,11021
728,11022
728,11023
728,11024
728,11025
741,11026
741,11027
741,11028
741,11029
741,11030
741,11031
741,11032
741,11033
741,4883
741,11034
741,11035
741,11036
741,11037
741,4753
741,11038
741,5539
741,11039
779,11040
779,11041
779,11042
779,11043
779,11044
779,11045
779,2605
779,9203
779,11046
779,11047
779,11048
779,3551
779,4750
779,3698
779,3747
779,3859
779,3878
779,4753
779,11049
779,11050
779,11051
779,11052
779,4698
779,4599
779,11053
779,11054
779,4910
779,4768
779,11055
796,11056
796,11057
796,11058
796,11059
796,11060
796,11061
796,11062
796,11063
796,11064
796,4818
796,9018
796,11065
796,2923
796,2949
796,11066
796,11067
796,11068
796,4753
796,11069
796,5295
796,11070
796,11071
796,11072
796,11073
797,11074
797,11075
797,11076
797,11077
797,11078
797,11079
797,11080
797,10897
797,11081
797,11082
797,3057
797,11083
797,11084
797,10899
797,11085
797,11086
797,11087
797,10477
797,11088
797,6059
797,11089
797,11090
797,11091
797,11092
797,11093
797,9591
797,11094
797,11095
797,11096
797,11097
797,4302
797,10741
797,11098
797,4349
797,11099
797,11100
797,11101
797,6793
797,11102
797,11103
797,11104
797,11105
797,11106
797,11107
797,11108
797,4909
797,11109
797,11110
797,8362
797,11111
798,11112
798,7744
798,1166
798,11113
798,11114
798,1311
798,7748
799,4943
799,11115
799,11116
799,11117
799,11118
799,11119
799,11120
799,11121
799,2761
799,11122
799,11123
799,11124
799,11125
799,11126
799,11127
799,11128
799,5771
799,3950
799,11129
799,11130
799,11131
799,4189
799,4234
799,7500
799,5261
799,11132
799,11133
799,7513
799,4681
799,4599
799,4910
802,11134
802,11135
802,11136
802,11137
802,1761
802,11138
802,11139
802,1900
802,11140
802,11141
802,5281
802,11142
802,11143
802,11144
802,6241
802,5288
802,11145
802,11146
802,5291
802,11147
802,11148
802,11149
802,11150
802,11151
802,11152
802,3814
802,11153
802,11154
802,4755
802,7759
802,11155
802,9243
802,9407
802,11156
802,9384
802,9345
802,11157
802,11158
802,11159
802,5064
802,11160
803,11161
803,11162
803,11163
803,11164
803,11165
803,11166
803,11167
803,4894
803,11168
803,11169
803,11170
803,11171
803,11172
803,6680
803,11173
803,11174
803,11175
803,11176
803,11177
803,11178
803,11179
803,11180
803,5078
803,2490
803,11181
803,11182
803,6488
803,11183
803,11184
803,2968
803,11185
803,11186
803,3306
803,11187
803,11188
803,11189
803,11190
803,11191
803,5544
803,11192
803,11193
803,11194
803,3878
803,3895
803,4753
803,11195
803,11196
803,4439
803,11197
803,11198
803,11199
803,11200
803,11201
803,11202
803,11203
803,4906
803,4599
803,11204
803,11205
803,11206
803,5990
804,6698
804,6701
804,11207
804,11208
804,6016
804,11209
804,11210
804,6708
804,11211
804,5998
804,9191
804,11212
804,4920
804,11213
804,4818
804,9205
804,9933
804,4821
804,11214
805,11215
805,11216
805,11217
805,11218
805,11219
805,11220
805,11221
805,11222
805,5123
805,11223
805,11224
805,4755
805,11225
805,5261
805,11226
805,11227
805,11228
805,6077
805,11229
805,4681
805,11230
805,4599
805,11231
805,11232
805,11233
805,11234
805,11235
805,11236
805,11237
805,11238
805,11239
805,11240
805,11241
805,11242
805,11243
805,11244
805,11245
805,11246
805,11247
805,11248
806,11249
806,1362
806,11250
806,11251
806,11252
806,2296
806,11253
806,2600
806,11254
806,11255
806,11256
806,4716
806,11257
806,11258
806,4241
806,11259
806,11260
806,4761
806,4535
806,4539
806,8509
806,11261
806,11262
806,11263
806,11264
806,11265
807,11266
807,11267
807,11268
807,11269
807,5541
807,7297
807,11270
807,9437
807,11271
807,9438
807,9440
807,11272
807,11273
807,11274
807,5082
807,3483
807,9445
807,3947
807,3997
807,7087
807,11275
807,11276
807,5237
807,11277
807,5088
807,11278
807,11279
807,5202
807,11280
807,4698
807,4681
807,5827
807,4543
807,5058
807,9459
807,11281
807,11282
807,5486
807,5000
807,4910
807,11283
807,11284
807,5991
807,11285
808,11286
808,11287
808,11288
808,11289
808,6346
808,11290
808,11291
808,11292
808,11293
808,2262
808,6349
808,6351
808,2500
808,9531
808,11294
808,6352
808,11295
808,5118
808,6357
808,6358
808,11296
808,6361
808,6362
808,11297
808,11298
808,11299
808,6368
808,11300
808,6370
808,11301
808,8793
808,6371
808,11302
808,11303
808,6372
808,11304
808,6373
808,3846
808,11305
808,11306
808,4753
808,11307
808,11308
808,11309
808,5586
808,11310
808,6375
808,11311
808,6376
808,11312
808,11313
808,11314
808,11315
808,5034
808,6377
808,11316
808,6378
808,11317
808,6379
808,4677
808,4678
808,11318
808,6380
808,11319
808,6381
808,4787
808,6383
808,11320
808,4805
808,4768
808,4603
809,8890
809,11321
809,11322
809,8898
809,11323
809,11324
809,11325
809,10410
809,5987
809,8917
809,5827
809,11326
809,11327
810,11328
810,11329
810,11330
810,11331
810,11332
810,7320
810,6643
810,7446
810,11333
810,6644
810,11334
810,11335
810,11336
810,11337
810,11338
810,11339
810,11340
810,5578
810,7331
810,11341
810,5585
810,4720
810,5087
810,4696
810,5296
810,11342
810,11343
810,11344
810,11345
810,5594
810,7693
810,5298
810,11346
810,11347
810,11348
810,6293
810,5300
810,10965
810,5303
810,6296
810,4539
810,11349
810,11350
810,5608
810,11351
810,11352
810,4599
810,5249
810,11353
810,11354
810,11355
810,11356
810,4729
810,4952
810,11357
811,11358
811,11359
811,11360
811,11361
811,11362
811,11363
811,11364
811,11365
811,1529
811,11366
811,11367
811,11368
811,11369
811,11370
811,11371
811,1887
811,1937
811,1949
811,2066
811,11372
811,11373
811,436
811,11374
811,1894
811,11375
811,2350
811,2369
811,2384
811,11376
811,7778
811,11377
811,11378
811,11379
811,11380
811,9398
811,11381
811,5388
811,11382
811,11383
811,7382
811,11384
811,11385
811,11386
811,11387
811,11388
811,11389
811,11390
811,11391
811,11392
811,11393
811,11394
811,11395
811,3422
811,11396
811,11397
811,3514
811,3513
811,11398
811,11399
811,11400
811,11401
811,11402
811,5389
811,3689
811,11403
811,11404
811,11405
811,3823
811,6064
811,11406
811,5392
811,11407
811,4753
811,8728
811,11408
811,11409
811,11410
811,5873
811,11411
811,4189
811,10904
811,11412
811,11413
811,11414
811,4758
811,4305
811,5054
811,7401
811,11415
811,11416
811,5398
811,4356
811,11417
811,11418
811,11419
811,5399
811,11420
811,11421
811,9600
811,5971
811,6074
811,11422
811,9256
811,4761
811,11423
811,11424
811,11425
811,5403
811,4681
811,4786
811,4599
811,5538
811,6728
811,4872
811,5553
811,5486
811,11426
811,4910
811,7432
811,9134
811,11427
811,11428
811,11429
811,11430
811,11431
811,11432
811,11433
811,11434
811,10605
811,11435
811,5898
811,11436
811,11437
811,5064
811,8362
812,11438
812,6631
812,11439
812,11440
812,1246
812,11441
812,11442
812,11443
812,11444
812,11445
812,11446
812,11447
812,11448
812,11449
812,11450
812,11451
812,11452
812,11292
812,11453
812,2056
812,11454
812,11455
812,5189
812,11456
812,5341
812,6000
812,11457
812,11458
812,6765
812,11459
812,11460
812,9001
812,11461
812,11462
812,5124
812,5964
812,3631
812,3830
812,3859
812,11463
812,5345
812,11464
812,11465
812,11466
812,4189
812,4720
812,11467
812,4458
812,11468
812,11469
812,5300
812,4593
812,11470
812,11471
812,11472
812,4539
812,4599
812,4543
812,5058
812,4701
812,11473
812,11474
812,11475
812,7214
813,11476
813,11477
813,11478
813,11479
813,11480
813,11481
813,11482
813,11483
813,11484
813,11485
813,11486
813,4755
813,11487
813,11488
813,4696
813,11489
813,11490
813,6228
813,4681
813,4910
813,10806
813,11491
815,11492
815,11493
815,11494
815,11495
815,11496
815,11497
815,11498
815,11499
815,11500
815,11501
815,11502
815,11503
815,11504
815,11505
815,11506
815,11507
815,11508
815,11509
815,11510
815,11511
815,11512
815,11513
815,11514
815,11515
815,11516
815,11517
815,11518
815,11519
815,11520
815,11521
815,7491
815,11522
815,11523
815,11524
815,11525
815,11526
815,11527
815,11528
815,11529
815,11530
815,11531
815,11532
815,11533
815,11534
815,11535
815,11536
815,11537
815,11538
815,11539
815,11540
815,11541
815,11542
815,11543
815,11544
815,11545
815,11546
815,11547
815,3587
815,11548
815,11549
815,11550
815,11551
815,11552
815,11553
815,11554
815,11555
815,11556
815,11557
815,11558
815,11559
815,11560
815,11561
815,11562
815,11563
815,11564
815,11565
815,11566
815,11567
815,11568
815,11569
815,11570
815,11571
815,11572
815,11573
815,11574
815,11575
815,11576
815,11577
815,11578
815,4802
815,11579
816,11580
816,11581
816,11582
816,11583
816,11584
816,11585
816,11586
816,11587
816,11588
816,11589
816,11590
816,11591
816,11592
816,11593
816,11594
816,11595
816,11596
816,11597
816,11598
816,11599
816,11600
816,11601
816,11602
816,11603
816,11604
816,11605
816,9158
816,11606
816,5741
816,11607
816,11608
816,7224
816,11609
816,4750
816,5743
816,11610
816,11611
816,11612
816,11613
816,5748
816,11614
816,4755
816,11615
816,11616
816,11617
816,7598
816,11618
816,10684
816,11619
816,11620
816,11621
816,7601
816,7127
816,11622
816,4599
816,11623
816,11624
816,5305
816,11625
816,11626
816,11627
816,11628
816,11629
816,11630
816,11631
816,11632
816,11633
816,10686
816,11634
816,7605
816,7798
816,11635
817,4706
817,1718
817,1786
817,1787
817,11636
817,11637
817,11638
817,11639
817,2090
817,6472
817,11640
817,11641
817,7327
817,2486
817,5341
817,2546
817,6000
817,10926
817,11642
817,8465
817,5290
817,11643
817,5976
817,5977
817,2955
817,6477
817,11644
817,8466
817,5979
817,5124
817,3815
817,11645
817,4105
817,5295
817,9932
817,5086
817,11646
817,4368
817,9934
817,4377
817,11647
817,5300
817,4821
817,9226
817,4539
817,4599
817,11648
817,11649
817,5381
817,11650
818,11651
818,11652
818,11163
818,11653
818,11169
818,11170
818,11654
818,11171
818,11655
818,11656
818,11657
818,11176
818,11658
818,11659
818,11660
818,5452
818,11661
818,4857
818,11662
818,11663
818,11664
818,11665
818,11666
818,11667
818,11668
818,5123
818,11669
818,11670
818,11671
818,6494
818,4750
818,5172
818,11672
818,4755
818,4758
818,11673
818,11674
818,4677
818,4678
818,11675
818,11676
818,11677
818,11678
818,5827
818,5539
818,11679
818,4952
819,11680
819,11681
819,11682
819,11683
819,11684
819,11685
819,11686
819,1214
819,5277
819,11687
819,11688
819,11689
819,11690
819,11691
819,11692
819,11693
819,11694
819,6640
819,11695
819,11696
819,11697
819,4705
819,11698
819,11699
819,11700
819,11701
819,11702
819,11703
819,11704
819,5279
819,11705
819,11706
819,11707
819,11708
819,9717
819,7321
819,11709
819,11710
819,4918
819,11711
819,11141
819,11712
819,11713
819,11714
819,11715
819,9142
819,5620
819,11716
819,11250
819,11143
819,5285
819,11717
819,8942
819,11718
819,8054
819,6350
819,11719
819,7328
819,11720
819,11721
819,11722
819,11723
819,11724
819,8499
819,6000
819,10926
819,11725
819,5288
819,4818
819,7288
819,4921
819,11726
819,9437
819,11727
819,5293
819,9438
819,11728
819,9648
819,11729
819,5124
819,11730
819,6287
819,5294
819,5345
819,4677
819,11731
819,4599
819,8511
820,1272
820,11732
820,11733
820,11734
820,11735
820,5313
820,11736
820,11737
820,11738
820,11739
820,11740
820,11741
820,11742
820,7953
820,11743
820,11744
820,10303
820,4189
820,11745
820,11746
820,5329
820,7096
820,5377
820,11747
820,5485
820,11748
820,11749
820,10329
820,4599
820,5827
820,4543
820,11750
820,11751
820,11752
820,11753
820,11754
821,11755
821,11756
821,11757
821,11758
821,11759
821,11760
821,11761
821,11762
821,11763
821,11764
821,11765
821,11766
821,11767
821,11768
821,11769
821,11770
821,11771
821,11772
821,11773
821,11774
821,11775
821,11776
821,8614
821,11777
821,11778
821,5598
821,11779
821,6970
821,11780
821,11781
821,7790
821,4870
821,5493
821,6971
821,5057
821,7471
821,4599
821,11782
821,11783
821,11784
821,11785
821,11786
822,11787
822,11788
822,11789
822,11790
822,11791
822,11792
822,11793
822,11794
822,11795
822,11796
822,1945
822,11797
822,11798
822,11799
822,11800
822,2033
822,11801
822,11802
822,11803
822,11804
822,11805
822,11806
822,11807
822,11808
822,2435
822,11809
822,11810
822,11811
822,11812
822,11813
822,11814
822,11815
822,11816
822,11817
822,11818
822,11819
822,11820
822,3285
822,3286
822,3303
822,11821
822,11822
822,11823
822,5164
822,11824
822,11825
822,11826
822,11827
822,11828
822,11829
822,11830
822,11831
822,11832
822,11833
822,11834
822,11835
822,11836
822,10662
822,11837
822,9672
822,11838
822,11839
822,11840
822,4590
822,4591
822,10664
822,11841
822,11842
822,11843
822,11844
822,11845
824,1182
824,11846
824,1735
824,11847
824,11848
824,11849
824,11850
824,11851
824,11852
824,11853
824,11854
824,11855
824,8502
824,3517
824,11856
824,3825
824,4046
824,11857
824,11858
824,11859
824,11860
824,11861
824,11862
824,7053
824,11863
824,11864
824,4359
824,4377
824,4599
824,11865
824,11866
824,4768
824,11867
824,11868
824,11869
825,11870
825,11871
825,11872
825,11792
825,11793
825,11873
825,11874
825,11875
825,11876
825,11877
825,11878
825,11879
825,11880
825,11881
825,11827
825,11882
825,11883
825,11884
825,11885
825,5180
825,10253
825,11886
825,11887
825,11888
827,11889
827,5434
827,11890
827,11891
827,5444
827,11892
827,11893
827,11894
827,11895
827,5452
827,11896
827,5117
827,5118
827,11897
827,4922
827,11898
827,11899
827,11900
827,3154
827,11901
827,11902
827,3337
827,5122
827,11903
827,6371
827,6492
827,8751
827,4750
827,11904
827,4716
827,11905
827,4753
827,7051
827,11906
827,4755
827,11907
827,11908
827,4582
827,4234
827,11909
827,11910
827,11911
827,11912
827,11913
827,4777
827,11914
827,8157
827,4676
827,11915
827,9147
827,10009
827,11916
827,11917
827,7788
827,11918
827,4761
827,4595
827,11919
827,10015
827,11920
827,4599
827,5609
827,11921
827,11922
827,11923
828,4705
828,1872
828,2065
828,2089
828,2546
828,5977
828,8466
828,3584
828,5124
828,4716
828,3789
828,7200
828,6671
828,5296
828,7203
828,5297
828,5298
828,4458
828,6293
828,4508
828,5300
828,7426
828,5911
828,7207
828,4539
828,11924
828,11925
828,4599
828,4543
828,11926
828,8509
828,9416
828,11927
828,5307
828,11928
829,11929
829,11930
829,11931
829,11932
829,11933
829,6995
829,11934
829,11935
829,2331
829,11936
829,11937
829,2546
829,11938
829,7330
829,11939
829,4922
829,11940
829,7001
829,11941
829,3012
829,11942
829,11943
829,11944
829,5124
829,11945
829,11946
829,11947
829,11948
829,6533
829,11863
829,11949
829,4985
829,9497
829,6446
829,11950
829,11951
829,4761
829,11952
829,11953
829,11954
829,11955
829,11956
829,11957
829,11958
829,11959
829,11960
829,11961
829,11962
829,11159
830,11963
830,11964
830,11965
830,6016
830,11966
830,11967
830,4914
830,11968
830,11969
830,11970
830,11971
830,11972
830,11973
830,11974
830,11975
830,11976
830,11977
830,11978
830,11979
830,4815
830,11980
830,11981
830,11982
830,11983
830,11984
830,11985
830,11986
830,11987
830,11988
830,11989
830,11990
830,11991
830,11992
830,11993
830,4716
830,11994
830,4923
830,11995
830,4929
830,11996
830,11997
830,11998
830,11999
830,4937
830,12000
831,12001
831,1090
831,12002
831,1236
831,1434
831,1593
831,12003
831,12004
831,1922
831,12005
831,2022
831,12006
831,12007
831,2507
831,2566
831,7414
831,2687
831,2761
831,2957
831,12008
831,3237
831,3362
831,3400
831,3424
831,3859
831,5483
831,4001
831,7417
831,4189
831,6562
831,12009
831,4349
831,4439
831,4676
831,6295
831,12010
831,7332
831,4698
831,12011
831,4787
831,4599
831,5827
831,4543
831,5539
831,5609
831,11053
831,11071
831,12012
831,7434
831,12013
831,5064
831,4603
832,12014
832,12015
832,12016
832,12017
832,12018
832,12019
832,12020
832,12021
832,12022
832,12023
832,12024
832,12025
832,12026
832,12027
832,6534
832,12028
832,4696
832,12029
832,4985
832,4397
832,4411
832,12030
832,12031
832,12032
832,12033
832,12034
832,5821
832,12035
832,12036
832,4761
832,12037
832,7100
832,12038
832,12039
832,12040
832,8885
832,12041
832,12042
832,5785
832,12043
832,12044
832,12045
832,4768
832,4952
833,5947
833,3007
833,2822
833,3177
833,12046
833,12047
833,3391
833,12048
833,12049
833,3757
833,12050
833,12051
833,7920
833,12052
833,12053
833,6721
833,7610
833,4189
833,6562
833,12054
833,4250
833,4326
833,12055
833,4349
833,12056
833,12057
833,4393
833,12058
833,4410
833,4421
833,7167
833,4439
833,12059
833,12060
833,12061
833,6724
833,12062
833,5970
833,12063
833,4904
833,4868
833,12064
833,5246
833,6226
833,4679
833,12065
833,5493
833,7791
833,12066
833,12067
833,4698
833,6077
833,12011
833,12068
833,6498
833,4681
833,4785
833,7100
833,4599
833,12069
833,4543
833,6728
833,5553
833,4910
833,11071
833,12070
833,12071
833,12072
833,5064
834,6016
834,5291
834,5304
834,4599
835,12073
835,903
835,12074
835,6016
835,1712
835,12075
835,12076
835,12077
835,2089
835,4920
835,7845
835,12078
835,12079
835,2923
835,2949
835,12080
835,5028
835,5344
835,12081
835,12082
835,12083
835,12084
835,12085
835,12086
836,5098
836,5434
836,5099
836,12087
836,12088
836,5105
836,5106
836,12089
836,12090
836,12091
836,12092
836,12093
836,5077
836,12094
836,6647
836,5079
836,12095
836,12096
836,5027
836,12097
836,12098
836,5113
836,9018
836,5115
836,5116
836,5152
836,5117
836,12099
836,12100
836,6357
836,12101
836,5119
836,12102
836,5976
836,11942
836,5028
836,12103
836,12104
836,12105
836,6492
836,12106
836,12107
836,12108
836,4753
836,4720
836,12109
836,5778
836,12110
836,12111
836,4677
836,12112
836,6497
836,12113
836,8452
836,12114
836,5609
836,4805
837,8051
837,12115
837,12116
837,12117
837,12118
837,12119
837,12120
837,12121
837,12122
837,4768
837,12123
839,12124
839,7314
839,12125
839,12126
839,12127
839,12128
839,12129
839,12130
839,12131
839,12132
839,12133
839,12134
839,12135
839,12136
839,12137
839,12138
839,12139
839,10216
839,6554
839,12140
839,12141
839,12142
839,12143
839,7043
839,12144
839,12145
839,12146
839,12147
839,12148
839,4742
839,12149
839,12150
839,12151
839,12152
839,12153
839,12154
839,8289
839,12155
839,8385
839,4716
839,12156
839,4753
839,12157
839,7051
839,5692
839,12158
839,12159
839,12160
839,10705
839,5696
839,12161
839,10343
839,12162
839,6794
839,4677
839,12163
839,6383
839,9132
839,12164
839,12165
839,4910
839,4873
839,12166
839,12167
839,12168
839,12169
839,12170
839,12171
840,12172
840,12173
840,12174
840,12175
840,12176
840,5338
840,2365
840,12177
840,11338
840,12178
840,9536
840,12179
840,12180
840,12181
840,12182
840,9544
840,12183
840,12184
840,12185
840,12186
840,12187
840,12188
840,12189
840,12190
840,9264
840,12191
840,12192
840,12193
840,12194
840,7731
840,4755
840,12195
840,12196
840,12197
840,12198
840,4696
840,12199
840,12200
840,12201
840,9564
840,9265
840,12202
840,9267
840,12203
840,12204
840,4677
840,12205
840,12206
840,8362
841,918
841,12207
841,12208
841,12209
841,12210
841,12211
841,2535
841,2704
841,12212
841,2777
841,12213
841,6788
841,12214
841,12215
841,9548
841,12216
841,12217
841,12218
841,12050
841,12219
841,12051
841,3851
841,12220
841,6721
841,12221
841,4439
841,4446
841,8188
841,4904
841,11919
841,12222
841,12223
841,12224
841,4599
841,12225
841,6728
841,4701
841,12226
841,12227
842,12228
842,8887
842,1166
842,6016
842,5277
842,6018
842,1396
842,4705
842,1651
842,12229
842,12230
842,12231
842,12232
842,12233
842,8436
842,11709
842,4918
842,5281
842,12234
842,6282
842,2069
842,12235
842,12236
842,5284
842,5286
842,9143
842,5340
842,12237
842,4920
842,5341
842,5287
842,9077
842,5289
842,5290
842,6001
842,5118
842,5291
842,5292
842,7455
842,12238
842,12239
842,6574
842,12240
842,12241
842,7826
842,4716
842,12242
842,5295
842,5086
842,12243
842,5296
842,12244
842,9497
842,4359
842,11344
842,4368
842,12245
842,4377
842,5297
842,5300
842,5303
842,4539
842,4599
842,12246
842,12247
842,12248
842,5307
842,7214
843,12249
843,937
843,12250
843,12251
843,12252
843,5019
843,12253
843,6016
843,12254
843,5277
843,12255
843,7186
843,12256
843,12257
843,8116
843,12258
843,12259
843,4706
843,5069
843,12260
843,12261
843,4654
843,12262
843,12263
843,12264
843,12265
843,12266
843,12267
843,12268
843,12269
843,12270
843,11292
843,12271
843,5074
843,12272
843,4659
843,12273
843,12274
843,5338
843,12275
843,10362
843,12276
843,12093
843,12277
843,5077
843,6350
843,12278
843,10365
843,12279
843,5341
843,5027
843,8443
843,12280
843,5113
843,12281
843,5115
843,5116
843,5117
843,6488
843,12282
843,4922
843,12283
843,5119
843,12284
843,5028
843,12285
843,12286
843,8444
843,12287
843,5121
843,8446
843,5979
843,5344
843,5124
843,4716
843,4753
843,12288
843,4755
843,6274
843,9652
843,5873
843,4720
843,12289
843,12290
843,12291
843,8449
843,5034
843,4677
843,12292
843,5126
843,8453
843,12293
843,7056
843,5035
843,12294
843,12295
843,12296
843,8454
843,4729
843,12297
844,12298
844,12299
844,12300
844,12301
844,12302
844,12303
844,12304
844,12305
844,12306
844,12307
844,12308
844,12309
844,12310
844,12311
844,12312
844,12313
844,12314
844,12315
844,12316
844,12317
844,12318
844,12319
844,12320
844,12321
844,12322
844,12323
844,12324
844,11031
844,4818
844,12325
844,12326
844,12327
844,4715
844,6376
844,7203
844,12328
844,12329
844,12330
844,12331
844,12332
844,12333
844,12334
844,12335
845,12336
845,4654
845,12337
845,1903
845,12338
845,12339
845,12340
845,12341
845,12342
845,12343
845,10997
845,10569
845,12344
845,12345
845,12346
845,8129
845,12347
845,12348
845,12349
845,12350
845,12351
845,12352
845,12353
845,4716
845,7920
845,12354
845,12355
845,12356
845,12357
845,12358
845,10004
845,8153
845,12359
845,12360
845,12361
845,4587
845,8160
845,5601
845,12362
845,8691
845,12363
845,8169
845,12364
845,4681
845,4599
845,12365
845,12366
845,12367
845,12368
845,12369
845,12370
846,12371
846,12372
846,12373
846,12374
846,12375
846,12376
846,12377
846,12378
846,12379
846,12380
846,2091
846,12381
846,12382
846,12383
846,12384
846,12385
846,12386
846,5976
846,12387
846,3089
846,12388
846,12389
846,12390
846,12391
846,12392
846,12393
846,12394
846,12395
846,12396
846,12397
846,8292
846,12398
846,10741
846,12399
846,12400
846,12401
846,12402
846,12403
846,12404
846,12405
846,5607
846,4681
846,12406
846,4910
846,12407
848,12408
848,661
848,12409
848,1593
848,2245
848,2250
848,2260
848,12410
848,12411
848,7414
848,2615
848,2687
848,12412
848,12413
848,3306
848,3424
848,3434
848,6668
848,3859
848,10480
848,4755
848,6670
848,4189
848,6310
848,4898
848,12414
848,4349
848,4393
848,12415
848,10797
848,4437
848,4439
848,4676
848,4458
848,5970
848,12416
848,4868
848,12417
848,12418
848,12419
848,4679
848,12066
848,4698
848,5355
848,4643
848,4681
848,4786
848,4787
848,4599
848,4543
848,6728
848,5553
848,5539
848,12420
848,5035
848,12421
848,7434
848,12422
848,12072
848,5064
848,12423
848,12424
849,12425
849,12426
849,12427
849,7748
849,1619
849,12428
849,12429
849,12430
849,12431
849,12432
849,11936
849,12433
849,8840
849,2467
849,2806
849,4922
849,9401
849,5560
849,12434
849,3596
849,12435
849,12436
849,12437
849,5563
849,4042
849,4189
849,6712
849,4359
849,12438
849,4368
849,4377
849,9410
849,5564
849,5463
849,6981
849,4599
849,4543
849,12439
849,5249
849,4768
849,4729
849,12440
850,12441
850,12442
850,6145
850,12443
850,4753
850,5261
850,12444
850,10021
850,12445
851,12446
851,12447
851,12448
851,12449
851,12450
851,12451
851,12452
851,12453
851,12454
851,12455
851,12456
851,12457
851,9480
851,6987
851,12458
851,12459
851,12460
851,6636
851,12461
851,5994
851,9482
851,12462
851,9179
851,12463
851,5711
851,7184
851,12464
851,7186
851,12465
851,12466
851,12467
851,12468
851,12469
851,5997
851,12470
851,12471
851,12472
851,12473
851,12474
851,12475
851,12476
851,12477
851,12478
851,12479
851,9682
851,12480
851,11637
851,12481
851,10692
851,12482
851,12483
851,12484
851,12485
851,12486
851,12487
851,5280
851,12488
851,12489
851,12490
851,9484
851,12491
851,12492
851,12493
851,9494
851,12494
851,12495
851,5998
851,12496
851,4815
851,12497
851,7615
851,11640
851,12498
851,12499
851,12500
851,12501
851,9926
851,12502
851,7328
851,12503
851,12504
851,11213
851,10057
851,9197
851,12505
851,5342
851,12506
851,4818
851,8876
851,12507
851,12508
851,12509
851,5343
851,12510
851,12511
851,9928
851,12512
851,5118
851,11146
851,4922
851,12513
851,7290
851,9205
851,9496
851,9929
851,10060
851,12514
851,12515
851,10062
851,5122
851,12516
851,5979
851,5344
851,5124
851,12517
851,5345
851,9932
851,4720
851,12518
851,9934
851,12519
851,6537
851,4821
851,9226
851,4761
851,4723
851,6005
851,12520
851,12521
851,6008
851,12522
851,12523
851,9229
851,12524
851,12525
851,4825
851,12526
851,6011
851,12527
852,12528
852,12529
852,12530
852,12531
852,12532
852,12533
852,12534
852,12535
852,12536
852,12537
852,12538
852,12539
852,12540
852,12541
852,12542
852,12543
852,12544
852,12545
852,12546
852,12547
852,12548
852,12549
852,12550
852,12551
852,12552
852,12553
852,12554
852,12555
852,12556
852,12557
852,5605
852,4821
852,12558
852,6971
852,12559
852,12560
852,12561
852,12562
852,4599
852,12563
852,12564
852,4910
852,12565
852,12566
852,12567
852,12568
852,12569
852,5357
853,12570
853,12571
853,12572
853,12573
853,6469
853,4705
853,1712
853,9632
853,12574
853,2056
853,12575
853,12576
853,12577
853,2653
853,9640
853,9641
853,2778
853,6556
853,9643
853,12578
853,12579
853,9648
853,6561
853,3789
853,12580
853,12581
853,4349
853,4355
853,4359
853,4358
853,4368
853,3813
853,5088
853,12582
853,10864
853,4761
853,4599
853,12583
853,12584
853,4768
853,4729
853,5307
854,12585
854,12586
854,12587
854,12382
854,12588
854,12589
854,5047
854,12590
854,12391
854,12395
854,11154
854,10116
854,8292
854,4231
854,6565
854,7994
854,12591
854,12592
854,12401
854,12402
854,6970
854,12593
854,11781
854,6971
854,5057
854,12594
854,12595
854,12596
854,12597
855,5478
855,9272
855,12598
855,7568
855,9899
855,2566
855,2687
855,12599
855,12600
855,12601
855,12602
855,12603
855,3291
855,12604
855,3698
855,3747
855,3947
855,12605
855,4189
855,12606
855,12607
855,12608
855,12609
855,12058
855,5261
855,4421
855,12610
855,4439
855,12611
855,4458
855,12612
855,7425
855,5987
855,4698
855,6077
855,4681
855,4599
855,4543
855,6330
855,5553
855,12613
855,12614
855,12615
855,12616
855,12617
856,12618
856,12619
856,12620
856,6241
856,12621
856,5047
856,5048
856,12622
856,12623
856,12624
856,12625
856,5049
856,12626
856,9725
856,5052
856,12627
856,12628
856,12629
856,5528
856,4252
856,12630
856,4327
856,5530
856,5301
856,6248
856,11422
856,6971
856,5056
856,5353
856,5057
856,4599
856,5538
856,5404
856,12631
856,12632
856,12633
856,12634
857,1998
857,2070
857,2174
857,2549
857,12635
857,2615
857,2761
857,2766
857,3032
857,3265
857,3343
857,6491
857,3424
857,3509
857,12636
857,12637
857,3727
857,3758
857,7301
857,3859
857,5481
857,5483
857,3985
857,12638
857,4186
857,4201
857,5968
857,10407
857,4676
857,12639
857,12640
857,12641
857,4677
857,6796
857,7789
857,5485
857,4679
857,6619
857,4599
857,4543
857,5609
857,12642
857,12643
857,12644
857,12645
857,12646
858,12647
858,9179
858,1308
858,12648
858,12649
859,12650
859,12651
859,12652
859,12653
859,12654
859,12655
859,12656
859,12657
859,9046
859,12658
859,12659
859,12660
859,12661
859,12662
859,12663
859,12664
859,9049
859,12665
859,12666
859,12667
859,12668
859,12669
859,12670
859,12671
859,7537
859,9054
859,12672
859,12673
859,9056
859,12674
859,9058
859,7542
859,12675
859,12676
859,12677
859,4189
859,12678
859,12679
859,12680
859,4761
859,7360
859,4599
859,12681
859,12682
859,12683
859,12684
859,12685
862,1284
862,1313
862,1316
862,1351
862,12686
862,12687
862,1496
862,1588
862,1602
862,1703
862,12688
862,1766
862,1836
862,12129
862,1949
862,2059
862,12689
862,12690
862,12691
862,12692
862,12693
862,5076
862,10212
862,6350
862,5078
862,12694
862,12695
862,12696
862,2490
862,12697
862,12698
862,12699
862,9398
862,2672
862,5116
862,2727
862,12700
862,6488
862,12701
862,5118
862,2821
862,12180
862,9364
862,12702
862,12141
862,12703
862,12704
862,12705
862,5739
862,12706
862,12145
862,3102
862,11048
862,12707
862,3195
862,12708
862,3306
862,3318
862,7045
862,12709
862,12710
862,12711
862,5458
862,3424
862,12151
862,12712
862,3509
862,12713
862,12714
862,12715
862,12636
862,12716
862,5544
862,5371
862,8289
862,3712
862,5906
862,3826
862,5172
862,12717
862,6867
862,4753
862,7051
862,5085
862,12718
862,4755
862,5545
862,5692
862,7924
862,12719
862,10407
862,5054
862,4358
862,12720
862,12160
862,4420
862,10705
862,9343
862,10343
862,4458
862,4511
862,4868
862,4524
862,10427
862,5264
862,6659
862,5463
862,4681
862,4599
862,4872
862,5539
862,12721
862,12722
862,5988
862,12723
862,12724
862,4873
862,12725
862,9134
862,7436
862,4603
862,9387
863,12726
863,12727
863,12728
863,2755
863,12729
863,5047
863,5520
863,12730
863,12731
863,12732
863,12733
863,12734
863,12735
863,12736
863,12737
863,12738
863,12739
863,12740
863,12741
863,12742
863,12743
863,4189
863,12744
863,12745
863,4439
863,12746
863,12747
863,12748
863,12749
863,12593
863,5822
863,12750
863,12751
863,12363
863,6971
863,4597
863,5056
863,5057
863,12752
863,5825
863,4998
863,12753
863,5785
864,12754
864,12755
864,12756
864,12757
864,12758
864,12759
864,12760
864,12761
864,12762
864,1898
864,5283
864,12763
864,12764
864,12765
864,12766
864,12767
864,12768
864,12769
864,12770
864,8714
864,12771
864,12772
864,12773
864,12774
864,12775
864,12776
864,12777
864,5742
864,12778
864,12779
864,12780
864,12781
864,12782
864,9944
864,5873
864,12783
864,12784
864,12785
864,12786
864,12787
864,12418
864,12788
864,4761
864,12789
864,9259
864,4681
864,12790
864,10605
865,12791
865,12792
865,1489
865,12793
865,2042
865,12794
865,12795
865,12796
865,12797
865,12798
865,12799
865,12800
865,4189
865,12801
865,4359
865,12438
865,4368
865,6448
865,4439
865,12802
865,12803
865,12804
865,12805
865,4599
865,4543
865,12806
865,12807
865,10728
865,12808
865,4768
865,12809
866,12810
866,12811
866,12812
866,12813
866,12814
866,12815
866,4816
866,12816
866,12817
866,4922
866,6787
866,12818
866,12819
866,12820
866,12821
866,12822
866,4819
866,12823
866,12824
866,12825
866,9497
866,12826
866,5547
866,12827
866,4599
866,12828
866,8885
866,12829
866,4768
866,12830
867,12831
867,1543
867,1554
867,12832
867,1798
867,12833
867,12834
867,12835
867,2150
867,12836
867,12837
867,12838
867,12839
867,12840
867,12841
867,12842
867,12843
867,2761
867,12844
867,12845
867,12846
867,12847
867,3075
867,12848
867,12849
867,6145
867,12850
867,12851
867,12852
867,12853
867,12854
867,3791
867,12855
867,12856
867,12857
867,4359
867,4681
868,12858
868,12859
868,12860
868,12861
868,12862
868,12863
868,12864
868,12174
868,12865
868,12866
868,12867
868,12868
868,12869
868,12870
868,12871
868,12872
868,12873
868,11405
868,3825
868,12874
868,5483
868,12875
868,12876
868,12877
868,12878
869,12879
869,12880
869,12881
869,12882
869,12883
869,12884
869,12885
869,12886
869,12887
869,12888
869,12889
869,12890
869,12891
869,12892
869,12893
869,12894
869,12895
869,1943
869,12896
869,12897
869,12898
869,12899
869,12900
869,12901
869,12902
869,12903
869,12904
869,2642
869,2766
869,12905
869,12906
869,12907
869,12908
869,12909
869,12910
869,12911
869,12912
869,12913
869,12914
869,12915
869,12916
869,12917
869,12918
869,12919
869,5973
869,9131
869,12920
869,12921
869,12922
869,12923
869,12924
869,5974
869,12925
869,12926
869,12927
870,12928
870,12929
870,12930
870,12931
870,12932
870,12933
870,12934
870,12935
870,12936
870,12937
870,12938
870,12939
870,12940
870,12941
870,12942
870,12943
870,4696
870,12944
870,12945
870,12946
870,12947
870,7995
870,12948
870,11674
870,12081
870,12949
870,12950
870,12951
870,12952
870,10966
870,12953
870,12954
870,4599
870,12955
870,12956
870,12957
870,12958
870,12959
870,12960
870,12961
870,12962
870,5357
870,5064
870,4603
870,12963
871,12964
871,12129
871,12965
871,12966
871,12967
871,12968
871,10219
871,12145
871,12147
871,12969
871,12708
871,5458
871,12151
871,12970
871,12716
871,8289
871,12971
871,4753
871,7051
871,4755
871,12972
871,12973
871,7052
871,12974
871,5242
871,12975
871,4761
871,6077
871,12976
871,5248
871,4681
871,12977
871,12978
871,12979
872,12980
872,911
872,12981
872,12982
872,978
872,12983
872,12984
872,12985
872,12986
872,12987
872,12988
872,12989
872,12990
872,12991
872,12992
872,12993
872,8720
872,12994
872,12995
872,12996
872,12997
872,12998
872,12999
872,13000
872,13001
872,13002
872,2369
872,13003
872,13004
872,13005
872,13006
872,11381
872,13007
872,6357
872,13008
872,6056
872,13009
872,13010
872,13011
872,13012
872,13013
872,13014
872,13015
872,13016
872,6061
872,7083
872,5392
872,13017
872,13018
872,7401
872,13019
872,5399
872,6077
872,5403
872,4681
872,13020
872,13021
872,13022
872,13023
872,13024
872,13025
872,13026
872,13027
872,13028
872,13029
872,4603
873,13030
873,13031
873,4912
873,13032
873,1284
873,1396
873,12466
873,13033
873,13034
873,12481
873,1930
873,2022
873,2059
873,2070
873,2090
873,13035
873,13036
873,2486
873,12697
873,2546
873,7414
873,4818
873,4922
873,2840
873,5976
873,5977
873,13037
873,3085
873,7455
873,3179
873,3306
873,8466
873,3400
873,12151
873,5979
873,3711
873,13038
873,4753
873,13039
873,3950
873,6002
873,4755
873,6712
873,5086
873,4349
873,4358
873,4377
873,4458
873,8505
873,5264
873,9254
873,4761
873,4698
873,13040
873,4539
873,4643
873,4681
873,4599
873,4543
873,4872
873,5553
873,12721
873,5988
873,12723
873,8507
873,12724
873,4910
873,4873
873,5381
873,12725
873,13041
873,5785
873,13042
873,5489
873,9387
873,13043
874,13044
874,13045
874,13046
874,13047
874,13048
874,2387
874,13049
874,13050
874,7491
874,5904
874,13051
874,13052
874,13053
874,13054
874,13055
874,13056
874,10939
874,5350
874,13057
874,13058
874,10941
874,13059
874,4868
874,13060
874,13061
874,13062
874,5464
874,4599
874,13063
874,5001
874,13064
874,13065
875,13066
875,13067
875,13068
875,13069
875,13070
875,13071
875,13072
875,13073
875,13074
875,13075
875,13076
875,13077
875,13078
875,13079
875,13080
875,13081
875,12282
875,13082
875,13083
875,13084
875,13085
875,13086
875,13087
875,13088
875,13089
875,12874
875,4753
875,7731
875,13090
875,13091
875,13092
875,7424
875,6278
875,13093
875,7427
875,13094
875,13095
876,13096
876,13097
876,13098
876,13099
876,13100
876,13101
876,13102
876,13103
876,13104
876,13105
876,13106
876,13107
876,13108
876,13109
876,5118
876,13110
876,13111
876,13112
876,4922
876,13113
876,13114
876,13115
876,6268
876,13116
876,13117
876,13118
876,13119
876,5344
876,13120
876,13121
876,13122
876,13123
876,13124
876,13125
876,13126
876,13127
876,13128
876,13129
876,10941
876,10942
876,13130
876,13131
876,13132
876,13133
876,13134
876,13135
877,1274
877,13136
877,2601
877,5117
877,3933
877,6824
877,4755
877,4189
877,10407
877,3813
877,13137
877,13138
877,4599
878,8312
878,8313
878,8314
878,8315
878,899
878,8316
878,8317
878,13139
878,13140
878,13141
878,1434
878,13142
878,1543
878,13143
878,13144
878,13145
878,5478
878,12003
878,13146
878,13147
878,13148
878,8321
878,8322
878,13149
878,13150
878,1900
878,13151
878,13152
878,13153
878,13154
878,13155
878,2070
878,13156
878,13157
878,13158
878,13159
878,5338
878,13160
878,2299
878,13161
878,13162
878,13163
878,2350
878,13164
878,2407
878,13165
878,13166
878,13167
878,10638
878,2475
878,2505
878,13168
878,13169
878,13170
878,2549
878,13171
878,2566
878,13172
878,13173
878,13174
878,13175
878,5452
878,13176
878,2644
878,13177
878,9849
878,2672
878,13178
878,13179
878,13180
878,13181
878,13182
878,13183
878,13184
878,2761
878,13185
878,13186
878,13187
878,5736
878,13188
878,13189
878,13190
878,9365
878,13191
878,13192
878,13193
878,5739
878,3102
878,4883
878,13194
878,13195
878,13196
878,13197
878,13198
878,13199
878,3307
878,6490
878,13200
878,3343
878,13201
878,13202
878,13203
878,13204
878,13205
878,13206
878,13207
878,13208
878,13209
878,13210
878,3550
878,13211
878,13212
878,13213
878,13214
878,13215
878,7757
878,13216
878,13217
878,13218
878,7048
878,13219
878,13220
878,13221
878,13222
878,13223
878,13224
878,13225
878,13226
878,13227
878,13228
878,13229
878,13230
878,13231
878,13232
878,13233
878,13234
878,13235
878,7302
878,5986
878,13236
878,5980
878,13237
878,13238
878,10114
878,3891
878,13239
878,13240
878,13241
878,13242
878,3947
878,7732
878,9911
878,4755
878,7759
878,4189
878,13243
878,13244
878,13245
878,13246
878,9408
878,13247
878,13248
878,13249
878,4599
878,9351
878,4910
878,13250
878,13251
878,13252
878,13253
878,13254
878,13255
878,13256
878,13257
878,4805
879,13258
879,13259
879,5620
879,13260
879,4818
879,13261
879,7001
879,5120
879,6287
879,5294
879,13262
879,12118
879,13263
879,4359
879,9246
879,9147
879,4821
879,4599
879,13264
879,13265
879,13266
880,13267
880,13268
880,13269
880,13270
880,13271
880,13272
880,13273
880,13274
880,13275
880,13276
880,13277
880,13278
880,13279
880,13280
880,5350
880,13281
880,13282
880,13283
880,13284
880,13285
880,6226
880,13286
880,5304
880,5305
880,7430
880,7272
881,13287
881,13288
881,13289
881,12984
881,13290
881,13291
881,13292
881,13293
881,13294
881,13295
881,13296
881,13297
881,13298
881,13299
881,13300
881,13301
881,13302
881,13303
881,13304
881,13305
881,13306
881,13307
881,13308
881,13309
881,13310
881,11381
881,13311
881,13312
881,13313
881,13314
881,7382
881,13315
881,13316
881,12145
881,13011
881,13317
881,13318
881,13319
881,13320
881,13321
881,13322
881,13017
881,4862
881,13323
881,6870
881,13324
881,9147
881,5399
881,6967
881,13325
881,13326
881,5403
881,13327
881,13328
881,13329
881,13330
881,4603
882,4705
882,13331
882,13332
882,2090
882,2094
882,13333
882,2446
882,2546
882,5288
882,7845
882,5290
882,13334
882,4922
882,6172
882,5292
882,5293
882,13335
882,13336
882,3278
882,5978
882,13337
882,13338
882,13339
882,13340
882,5349
882,9378
882,7498
882,13341
882,4189
882,4720
882,4924
882,6243
882,9379
882,4421
882,4439
882,9383
882,6294
882,4508
882,7895
882,5301
882,5351
882,13342
882,6247
882,7426
882,5629
882,9130
882,13343
882,13344
882,7262
882,5304
882,4599
882,4543
882,4701
882,5305
882,5249
882,9674
882,9134
882,11159
882,13345
883,13346
883,13347
883,13348
883,13349
883,13350
883,13351
883,13352
883,13353
883,1789
883,9043
883,13354
883,13355
883,13356
883,13357
883,13358
883,13359
883,13360
883,13361
883,7527
883,13362
883,8596
883,13363
883,6806
883,2114
883,13364
883,13365
883,2267
883,11737
883,9048
883,13366
883,13367
883,7531
883,13368
883,13369
883,13370
883,8876
883,4922
883,4687
883,12669
883,7537
883,9054
883,13371
883,13372
883,9056
883,13373
883,13374
883,13375
883,13376
883,7542
883,13377
883,13378
883,13379
883,4189
883,7958
883,13380
883,9066
883,8189
883,13381
883,13382
883,13383
883,13384
884,13385
884,13386
884,12208
884,13387
884,13388
884,13389
884,13390
884,13391
884,13392
884,5434
884,13393
884,13394
884,13395
884,13396
884,13397
884,13398
884,13399
884,13400
884,13401
884,13402
884,13403
884,13404
884,2330
884,13405
884,13406
884,5449
884,13407
884,10844
884,11894
884,13408
884,13409
884,9018
884,13410
884,13411
884,13412
884,5117
884,12212
884,13413
884,5118
884,13414
884,13415
884,13416
884,13417
884,10573
884,13418
884,13419
884,9548
884,13420
884,12107
884,13421
884,13422
884,13423
884,13424
884,4753
884,13425
884,13426
884,13427
884,13428
884,13429
884,4677
884,13430
884,13431
884,13432
884,5469
884,5470
884,13433
884,13434
884,13435
884,13436
884,13437
884,13438
884,13439
884,13440
885,13441
885,13442
885,13443
885,13444
885,13445
885,13446
885,13447
885,13448
885,13449
885,13450
885,6033
885,13451
885,13452
885,5122
885,13337
885,5371
885,10520
885,4720
885,13453
885,5087
885,5238
885,5242
885,4761
885,13454
885,13455
885,13456
885,13457
885,4768
885,13458
886,7069
886,13459
886,7099
886,4599
887,13460
887,13461
887,13462
887,13463
887,2236
887,13464
887,8598
887,13465
887,8603
887,13466
887,13467
887,13468
887,13469
887,6110
887,13470
887,13471
887,13472
887,13473
887,13474
887,13475
887,13476
887,3261
887,13477
887,13478
887,13479
887,13480
887,13481
887,13482
887,13483
887,13484
887,11256
887,13485
887,3732
887,13486
887,13487
887,13488
887,13489
887,4036
887,13490
887,6119
887,8611
887,11617
887,6121
887,13491
887,13492
887,13493
887,13494
887,13495
887,8245
887,13496
887,7120
887,6126
887,7785
887,6127
887,13497
887,13498
887,13499
887,7788
887,13500
887,6799
887,13501
887,7208
887,8619
887,13502
887,13503
887,13504
887,13505
887,13506
887,13507
887,13508
887,13509
887,13510
887,13511
887,13512
887,13513
887,5898
887,13514
887,13515
887,4952
888,10952
888,8993
888,13516
888,5995
888,13517
888,7812
888,4705
888,13518
888,13519
888,5280
888,5998
888,8053
888,6998
888,5285
888,5286
888,13520
888,4920
888,5342
888,6285
888,8060
888,6287
888,5294
888,8063
888,12245
888,7882
889,13521
889,13522
889,13523
889,2299
889,13524
889,13525
889,13526
889,13527
889,12870
889,3424
889,13528
889,13529
889,13530
889,13531
889,13532
889,4439
889,4642
889,4681
889,4599
889,4543
889,13533
890,13534
890,13535
890,13536
890,13537
890,13538
890,13539
890,13540
890,13541
890,13542
890,13543
890,13544
890,13545
890,13546
890,13547
890,13548
890,7510
890,13549
890,13550
890,13551
890,13552
890,13553
890,13554
890,13555
890,13556
890,13557
890,13558
890,13559
890,13560
890,13561
890,13562
891,1395
891,13563
891,1766
891,13564
891,1949
891,2007
891,2318
891,2350
891,13565
891,2479
891,2549
891,9398
891,13566
891,2687
891,2821
891,13567
891,3118
891,13568
891,3145
891,13569
891,13570
891,13571
891,13572
891,6857
891,3299
891,13573
891,3514
891,13574
891,3711
891,3826
891,4211
891,5054
891,9342
891,9343
891,4524
891,6496
891,4681
891,5553
891,5609
891,13575
892,13576
892,13577
892,2579
892,11391
892,13578
892,11399
892,13579
892,3825
892,13580
892,13581
892,4189
892,4356
892,13582
892,13583
892,4458
892,4479
892,13584
892,13585
892,13586
892,13587
892,13588
892,5202
892,4679
892,13589
892,5203
892,11471
892,8861
892,8862
892,4681
892,13590
892,4599
892,5058
892,13591
892,4910
892,5249
892,5064
893,13592
893,13593
893,1937
893,13594
893,13595
893,13596
893,13597
893,13598
893,13599
893,13600
893,11377
893,13601
893,13602
893,13603
893,13604
893,2539
893,13009
893,13605
893,13606
893,13607
893,13608
893,13609
893,13610
893,13611
893,13612
893,13613
893,13614
893,13615
893,13616
893,13617
893,13618
893,3918
893,13619
893,13620
893,13621
893,4185
893,13622
893,13623
893,13624
893,13625
893,13626
893,13627
893,7401
893,13628
893,13629
893,13630
893,13631
893,13632
893,13633
893,4435
893,13634
893,13635
893,13636
893,13637
893,13638
893,13639
893,13640
893,13641
893,13642
893,13643
893,13644
893,13645
893,13646
893,13647
893,13648
893,5403
893,9602
893,4599
893,7475
893,13649
893,13650
893,13651
893,13652
893,13653
893,13654
893,13655
893,13656
893,13657
893,13658
894,13659
894,13660
894,13661
894,13662
894,5123
894,13663
894,13664
894,13665
894,6577
894,13666
894,13667
894,5261
894,13668
894,13669
895,9321
895,13670
895,13671
895,13672
895,13673
895,13674
895,13675
895,13676
895,13677
895,13678
895,11212
895,13679
895,7287
895,13680
895,2949
895,8877
895,10060
895,3163
895,6479
895,10062
895,13681
895,12516
895,5124
895,4720
895,5300
895,4599
895,8362
895,13682
896,5916
896,13683
896,13684
896,1728
896,13685
896,13686
896,13687
896,7498
896,13688
896,13689
896,5879
896,13690
896,13691
896,13692
896,13693
896,5553
896,4601
896,13694
896,13695
897,1653
897,5437
897,13696
897,13697
897,13698
897,5444
897,13699
897,5080
897,5453
897,5455
897,5117
897,13700
897,13701
897,13702
897,13703
897,13704
897,13705
897,13706
897,13707
897,13708
897,13709
897,5473
897,13710
897,13711
898,13712
898,4539
898,4599
898,13713
899,13714
899,13715
899,13716
899,13717
899,13718
899,13719
899,13720
899,13721
899,13722
899,10106
899,13723
899,13724
899,4037
899,4189
899,13725
899,13726
899,13727
899,13728
899,13729
899,13730
899,13731
899,13732
899,13733
899,13734
899,12749
899,4678
899,13735
899,12751
899,6971
899,5056
899,5057
899,13736
899,13737
899,7100
899,6182
899,13738
899,13739
899,4599
899,13740
899,13741
899,5000
899,13742
899,13743
899,13744
899,13745
899,13746
899,13747
900,13748
900,1059
900,13749
900,13750
900,13751
900,13752
900,13753
900,13754
900,13755
900,8828
900,13756
900,1930
900,13757
900,8835
900,2022
900,13758
900,13759
900,13760
900,13761
900,13762
900,2702
900,2709
900,8847
900,8849
900,13763
900,6212
900,13764
900,13765
900,13766
900,3306
900,3424
900,6214
900,8852
900,3859
900,6219
900,13767
900,13768
900,6562
900,4217
900,13769
900,13770
900,8860
900,13771
900,13063
900,13772
900,13773
900,13774
900,13775
900,5063
900,13776
901,13777
901,13778
901,13779
901,13780
901,13781
901,13782
901,13783
901,13784
901,13785
901,13786
901,3376
901,13787
901,13788
901,13789
901,13790
901,13791
901,13792
901,13793
901,13794
901,3919
901,9164
901,13795
901,13796
901,11275
901,13797
901,13798
901,4189
901,13799
901,5530
901,13800
901,9342
901,6452
901,13801
901,13802
901,13803
901,13804
901,13805
901,13733
901,13806
901,13807
901,10122
901,5532
901,13808
901,5485
901,12750
901,4642
901,6971
901,6076
901,5057
901,12594
901,13809
901,4543
901,13810
901,13811
901,13812
901,5059
901,13813
901,13814
901,5064
901,5406
902,13815
902,13816
902,1732
902,13817
902,13818
902,13819
902,2056
902,13820
902,13821
902,11030
902,13822
902,13823
902,5289
902,3334
902,13824
902,4716
902,13825
902,4189
902,4225
902,4355
902,5374
902,4761
902,4599
902,5381
902,13826
902,13827
903,12981
903,13828
903,12989
903,12991
903,12992
903,13829
903,13830
903,8720
903,1804
903,12994
903,13831
903,12998
903,13832
903,13833
903,13834
903,13835
903,13000
903,13836
903,13837
903,13001
903,13004
903,13838
903,13839
903,13840
903,13005
903,11381
903,13841
903,13007
903,11386
903,13010
903,13011
903,13012
903,13842
903,13014
903,13843
903,13844
903,7083
903,5392
903,13017
903,13845
903,6070
903,11417
903,13846
903,5399
903,6077
903,5403
903,13847
903,4681
903,13848
903,13023
903,13025
903,13026
903,13028
903,13849
903,13850
903,13851
903,13329
903,13852
904,13853
904,13150
904,13854
904,2022
904,2070
904,7414
904,2687
904,13855
904,3424
904,3859
904,4755
904,13856
904,13857
904,13858
904,4349
904,13859
904,4393
904,4439
904,4676
904,4458
904,7096
904,13860
904,5970
904,4868
904,12419
904,4679
904,5987
904,13861
904,4698
904,4643
904,4681
904,7100
904,4787
904,4599
904,4543
904,5553
904,5539
904,13862
904,5064
904,13863
905,13864
905,13865
905,13866
905,13867
905,13868
905,13869
905,13870
905,13871
905,13872
905,13873
905,13874
905,13875
905,13876
905,13877
905,13878
905,13879
905,2092
905,13880
905,13881
905,13882
905,13883
905,13884
905,13885
905,6512
905,13886
905,13821
905,13887
905,13888
905,13889
905,13890
905,13891
905,13892
905,13893
905,13894
905,13895
905,13896
905,13897
905,13898
905,13899
905,13900
905,3216
905,13901
905,4715
905,8059
905,13902
905,6529
905,6060
905,13903
905,3689
905,9588
905,7199
905,5393
905,13904
905,13905
905,5563
905,13906
905,13907
905,6869
905,13908
905,6532
905,4185
905,4924
905,6533
905,11413
905,4758
905,6535
905,6872
905,13909
905,4984
905,13910
905,9599
905,6794
905,13911
905,13912
905,13913
905,6839
905,9601
905,5403
905,13914
905,11282
905,9604
905,5381
905,13915
905,8509
905,13916
905,13917
905,13918
905,13919
905,13920
905,4768
905,4729
905,12297
905,11264
905,13921
905,13922
906,13923
906,1635
906,12474
906,13924
906,1507
906,2059
906,13448
906,13925
906,2486
906,5341
906,2546
906,13926
906,2638
906,13927
906,6624
906,2923
906,9929
906,13928
906,5979
906,13929
906,5124
906,13930
906,6002
906,5087
906,13931
906,4985
906,4368
906,4377
906,4378
906,13932
906,12550
906,13933
906,7619
906,13934
906,13935
906,13936
906,13937
906,4677
906,13938
906,4821
906,4539
906,13939
906,13940
906,13914
906,13941
906,4599
906,6005
906,13942
906,5249
906,5381
906,8509
906,13943
906,13944
906,13945
906,13946
906,13947
906,13948
906,13949
906,13950
906,6011
906,13951
906,13952
906,13953
906,6200
907,13954
907,13955
907,13956
907,13957
907,13958
907,13959
907,13960
907,13961
907,13962
907,13963
907,6869
907,13964
907,13965
907,13966
907,13967
907,13968
907,13969
907,13970
907,13971
907,13972
907,6073
907,9410
907,13973
907,7793
907,13974
907,13975
908,13976
908,13977
908,13978
908,13979
908,13980
908,13981
908,13982
908,13983
908,13984
908,13985
908,13986
908,13987
908,13988
908,13989
908,13990
908,13991
908,13992
908,2957
908,13993
908,13994
908,13995
908,13996
908,13997
908,3362
908,13998
908,13999
908,14000
908,14001
908,14002
908,14003
908,4716
908,14004
908,14005
908,8241
908,14006
908,14007
908,3997
908,14008
908,14009
908,8900
908,14010
908,14011
908,14012
908,4189
908,4216
908,14013
908,14014
908,14015
908,4316
908,4317
908,14016
908,14017
908,14018
908,13058
908,8909
908,5261
908,14019
908,14020
908,4439
908,4676
908,14021
908,11572
908,14022
908,4593
908,7332
908,6247
908,14023
908,5485
908,14024
908,6249
908,4698
908,6077
908,10195
908,14025
908,4599
908,4543
908,14026
908,14027
908,14028
909,820
909,14029
909,14030
909,1111
909,14031
909,14032
909,14033
909,14034
909,5277
909,8572
909,4705
909,14035
909,14036
909,14037
909,14038
909,14039
909,14040
909,14041
909,14042
909,6739
909,14043
909,14044
909,14045
909,14046
909,14047
909,14048
909,14049
909,6745
909,14050
909,14051
909,14052
909,14053
909,14054
909,14055
909,14056
909,8578
909,6753
909,14057
909,14058
909,14059
909,6762
909,6763
909,6765
909,14060
909,14061
909,14062
909,7826
909,14063
909,7052
909,14064
909,8931
909,4985
909,5300
909,14065
909,14066
909,14067
909,4729
909,4768
909,14068
910,14069
910,14070
910,14071
910,4956
910,5277
910,14072
910,14073
910,14074
910,1588
910,5022
910,14075
910,9483
910,14076
910,7319
910,14041
910,14077
910,14078
910,14079
910,12689
910,5107
910,14080
910,14081
910,10362
910,6514
910,14082
910,12097
910,8442
910,14083
910,14084
910,7845
910,13891
910,14085
910,4922
910,12141
910,14086
910,7199
910,14087
910,14088
910,14089
910,14090
910,14091
910,9933
910,6533
910,6794
910,5609
910,14092
910,14093
911,14094
911,14095
911,14096
911,1917
911,14097
911,2010
911,14098
911,11736
911,14099
911,14100
911,14101
911,14102
911,11739
911,14103
911,5320
911,14104
911,14105
911,14106
911,9076
911,5366
911,7845
911,14107
911,14108
911,14109
911,5323
911,14110
911,14111
911,14112
911,14113
911,14114
911,12516
911,14115
911,14116
911,14117
911,14118
911,3946
911,14119
911,14120
911,14121
911,14122
911,14123
911,14124
911,14125
911,14126
911,14127
911,14128
911,14129
911,14130
911,14131
911,10328
911,4599
911,14132
911,14133
911,14134
911,14135
911,14136
911,14137
911,10332
911,14138
911,14139
911,14140
911,14141
912,14142
912,14143
912,14144
912,14145
912,14146
912,14147
912,14148
912,14149
912,14150
912,14151
912,14152
912,14153
912,14154
912,5372
912,7203
912,6448
912,14155
912,14156
912,14157
912,10619
912,6131
912,14158
912,14159
912,14160
912,14161
912,14162
912,4768
913,11794
913,10647
913,14163
913,14164
913,14165
913,14166
913,14167
913,14168
913,14169
913,14170
913,14171
913,10653
913,14172
913,14173
913,14174
913,14175
913,14176
913,10470
913,14177
913,10656
913,14178
913,10657
913,4671
913,14179
913,10658
913,14180
913,8329
913,14181
913,10624
913,10660
913,14182
913,4672
913,10478
913,14183
913,14184
913,14185
913,4571
913,14186
913,4753
913,14187
913,5586
913,10482
913,4758
913,4984
913,10663
913,14188
913,4586
913,4587
913,4590
913,4677
913,4762
913,11919
913,4681
913,4599
913,5538
913,12439
913,4910
913,10271
913,14189
913,14190
914,1502
914,14191
914,14192
914,14193
914,14194
914,14195
914,1843
914,14196
914,14197
914,2056
914,14198
914,14199
914,2250
914,14200
914,14201
914,2446
914,2454
914,14202
914,5341
914,11045
914,14203
914,10926
914,5343
914,5290
914,2679
914,14204
914,6476
914,6172
914,2923
914,9205
914,14205
914,3163
914,14206
914,14207
914,5122
914,12516
914,5344
914,14208
914,4716
914,14209
914,3801
914,6867
914,14210
914,14211
914,14212
914,14213
914,14214
914,4720
914,11859
914,4259
914,14215
914,4985
914,14216
914,7465
914,4368
914,14217
914,14218
914,14219
914,14220
914,6452
914,14221
914,10488
914,14222
914,8412
914,14223
914,14224
914,14225
914,4599
914,14226
914,14227
914,14228
914,11214
914,7214
914,4729
915,1281
915,14229
915,1469
915,14230
915,14231
915,14232
915,5518
915,14233
915,14234
915,9716
915,14235
915,14236
915,14237
915,14238
915,14239
915,8438
915,14240
915,14241
915,14242
915,14243
915,14244
915,5520
915,14245
915,14246
915,14247
915,14248
915,5522
915,14249
915,12625
915,9725
915,14250
915,5526
915,5527
915,4753
915,4193
915,14251
915,4393
915,14252
915,14253
915,14254
915,5057
915,14255
915,5537
915,14256
915,14257
915,14258
915,14259
915,14260
915,14261
915,14262
915,14263
915,14264
915,14265
915,14266
916,14267
916,14268
916,5478
916,14269
916,14270
916,2002
916,14271
916,14272
916,14273
916,2869
916,14274
916,3230
916,14275
916,13216
916,3719
916,13240
916,3947
916,9911
916,5483
916,4755
916,14276
916,14277
916,6562
916,14278
916,4582
916,14279
916,14280
916,5261
916,7580
916,14281
916,14282
916,14283
916,14284
916,14285
916,14286
916,5485
916,4761
916,5987
916,14287
916,4698
916,14288
916,14289
916,4599
916,5553
916,5486
916,14290
916,4805
917,14291
917,14292
917,8260
917,4656
917,14293
917,14294
917,4659
917,14295
917,8652
917,14296
917,14297
917,8264
917,14298
917,14299
917,14300
917,14301
917,4857
917,10997
917,14302
917,14303
917,14304
917,14305
917,14306
917,14307
917,14308
917,14309
917,13425
917,14310
917,14311
917,13428
917,8270
917,12359
917,14312
917,4453
917,14313
917,8160
917,8271
917,4599
917,8693
917,14314
917,14315
918,14316
918,14317
918,14318
918,14319
918,8050
918,1276
918,14320
918,14321
918,7802
918,14322
918,14323
918,14324
918,14325
918,14326
918,14327
918,14328
918,14329
918,14330
918,14331
918,14332
918,14333
918,2089
918,14334
918,4919
918,9143
918,14335
918,9899
918,10506
918,14336
918,14337
918,5367
918,14338
918,5290
918,7286
918,14339
918,14340
918,14341
918,5976
918,14342
918,14343
918,14344
918,13340
918,3787
918,14345
918,14346
918,14347
918,14348
918,4189
918,14349
918,14350
918,4368
918,7426
918,6971
918,14351
918,14352
918,14353
918,14354
918,14355
918,14356
918,14357
918,14358
918,14359
919,14360
919,14361
919,14362
919,14363
919,14364
919,14365
919,14366
919,6253
919,6255
919,14367
919,14368
919,14369
919,14370
919,14371
919,6260
919,14372
919,14373
919,14374
919,14375
919,14376
919,5852
919,14377
919,14378
919,14379
919,14380
919,6266
919,14381
919,14382
919,14383
919,14384
919,5738
919,12442
919,6145
919,14385
919,14386
919,14387
919,5748
919,14388
919,14389
919,4805
919,10605
920,14390
920,14391
920,14392
920,14393
920,14394
920,14395
920,2968
920,14396
920,14397
920,4716
920,3789
920,3894
920,8241
920,3933
920,3981
920,14398
920,4185
920,5031
920,4280
920,5054
920,14399
920,8184
920,14400
920,14401
920,4439
920,4697
920,14402
920,4508
920,14403
920,9413
920,14404
920,4950
920,14405
920,4951
920,4599
920,4543
920,14406
920,14407
920,5249
920,14408
920,14409
920,14410
921,14411
921,14412
921,14413
921,14414
921,14415
921,14416
921,4706
921,14417
921,14418
921,14419
921,14420
921,14421
921,14422
921,14423
921,14424
921,14425
921,14426
921,14427
921,10461
921,14428
921,14429
921,14430
921,14431
921,14432
921,14433
921,14434
921,7455
921,14435
921,12516
921,13902
921,5344
921,14436
921,14437
921,14438
921,14439
921,14440
921,14441
921,14442
921,14443
921,14444
921,14445
921,14446
921,4761
921,14447
921,14448
921,14449
921,14450
921,14451
921,14452
922,1263
922,1377
922,1399
922,1411
922,1413
922,14453
922,1582
922,1654
922,1657
922,1707
922,1712
922,1728
922,1735
922,1748
922,1772
922,1881
922,1930
922,1936
922,1943
922,2064
922,2078
922,2002
922,14454
922,2278
922,2338
922,2343
922,2403
922,2442
922,2449
922,2475
922,2486
922,2495
922,2507
922,2528
922,2553
922,2601
922,2605
922,2617
922,2630
922,2642
922,2711
922,2742
922,2785
922,2794
922,2840
922,2843
922,2875
922,2882
922,2899
922,14455
922,2963
922,3014
922,3145
922,3162
922,3169
922,3195
922,3246
922,3309
922,3332
922,3418
922,3424
922,3437
922,3494
922,3495
922,3532
922,3535
922,3550
922,14456
922,3621
922,14457
922,14458
922,3653
922,3664
922,3704
922,3794
922,3800
922,3857
922,14459
922,3896
922,3915
922,3934
922,3935
922,3947
922,3970
922,4008
922,4096
922,4138
922,4149
922,4189
922,4201
922,14460
922,14461
922,4227
922,4234
922,4271
922,4286
922,4304
922,4307
922,4312
922,14462
922,4985
922,14463
922,4387
922,4411
922,14464
922,4531
922,4599
922,14465
922,14466
922,14467
922,14468
923,9479
923,8427
923,14469
923,14470
923,14471
923,1718
923,14472
923,14473
923,9682
923,14474
923,12488
923,5998
923,4815
923,13677
923,14475
923,14476
923,9926
923,5340
923,4920
923,2448
923,14477
923,9075
923,2546
923,2553
923,6000
923,4818
923,14478
923,14479
923,14480
923,10422
923,5291
923,5293
923,7854
923,14481
923,14482
923,14483
923,5344
923,14484
923,14485
923,5124
923,14486
923,14487
923,14488
923,11257
923,5295
923,5031
923,14489
923,4720
923,4924
923,14490
923,4359
923,14491
923,5298
923,14492
923,14493
923,14494
923,14495
923,5300
923,4677
923,4821
923,10180
923,7768
923,14496
923,5267
923,4539
923,4599
923,14497
923,8492
923,8509
923,14498
923,14499
923,14500
923,7002
923,14501
923,4768
923,14502
923,7968
924,4943
924,14503
924,14504
924,14084
924,13888
924,12280
924,14505
924,14506
924,14507
924,14508
924,6651
924,14509
924,11945
924,3791
924,7051
924,14510
924,5627
924,5483
924,14511
924,14512
924,4755
924,14513
924,4189
924,4720
924,5087
924,4358
924,14514
924,3813
924,5261
924,14515
924,4866
924,5485
924,14516
924,5609
924,4910
924,14517
924,4729
924,12297
925,14518
925,14519
925,14520
925,14521
925,14522
925,14523
925,2056
925,14524
925,14525
925,14526
925,14527
925,14528
925,14529
925,14530
925,14531
925,14532
925,14533
925,14534
925,14535
925,14536
925,14537
925,14538
925,14539
925,11038
925,14540
925,14541
925,14542
925,14543
925,14544
925,14545
925,14546
925,14547
925,4681
925,7361
925,4599
925,14548
925,14549
925,4601
925,14550
925,4603
926,14551
926,1246
926,1732
926,1930
926,2056
926,2064
926,2090
926,9142
926,6472
926,14552
926,7325
926,7328
926,2486
926,5341
926,11064
926,2546
926,6000
926,5342
926,9077
926,2653
926,7287
926,5118
926,6476
926,5976
926,5977
926,5122
926,3400
926,5124
926,6287
926,5294
926,6002
926,4105
926,6712
926,5086
926,5087
926,11646
926,4359
926,4368
926,4377
926,4457
926,4539
926,4599
926,5381
926,5983
926,4729
927,5334
927,14553
927,14554
927,14555
927,1651
927,12230
927,5335
927,5336
927,14556
927,5337
927,2069
927,2076
927,5283
927,5284
927,8892
927,5338
927,5340
927,5907
927,14557
927,14558
927,4761
927,4599
928,14559
928,14560
928,14561
928,14562
928,14563
928,14564
928,14565
928,14566
928,4377
928,14567
928,14568
928,14569
928,14570
928,14571
928,8358
929,14572
929,14573
929,14574
929,14575
929,14576
929,14577
929,14578
929,14579
929,14580
929,14581
929,14582
929,14583
929,14584
929,14585
929,14586
929,14587
929,14588
929,14589
929,14590
929,14591
929,6705
929,14592
929,6987
929,14593
929,14594
929,14595
929,12459
929,14596
929,14597
929,14598
929,14599
929,14600
929,14601
929,14602
929,14603
929,14604
929,7180
929,14605
929,14606
929,14607
929,8995
929,6706
929,11208
929,14608
929,14609
929,14610
929,14611
929,12252
929,14612
929,14613
929,14614
929,14615
929,14616
929,7181
929,14617
929,14618
929,6635
929,14619
929,14620
929,14621
929,14622
929,8996
929,14623
929,14624
929,8997
929,14625
929,14626
929,14627
929,14628
929,12461
929,5994
929,7182
929,14629
929,7183
929,14630
929,5995
929,14631
929,12462
929,6016
929,9482
929,14632
929,5711
929,14633
929,5277
929,14634
929,7184
929,14635
929,14636
929,7186
929,14637
929,14638
929,14639
929,14640
929,14641
929,14642
929,14643
929,14644
929,14645
929,7188
929,14646
929,14647
929,14648
929,14649
929,14650
929,8639
929,8461
929,14651
929,14652
929,10147
929,14653
929,14654
929,14655
929,14656
929,7190
929,9321
929,14657
929,14658
929,14659
929,14660
929,14661
929,14662
929,2189
929,5338
929,14663
929,14664
929,2289
929,14665
929,14666
929,7328
929,10294
929,14667
929,10057
929,14668
929,14669
929,5342
929,14670
929,14671
929,14672
929,5289
929,5343
929,14673
929,14110
929,5904
929,14674
929,5976
929,2923
929,10058
929,5292
929,5293
929,14675
929,10062
929,12516
929,5979
929,5344
929,5124
929,5294
929,14676
929,5345
929,12288
929,14677
929,14678
929,7501
929,5547
929,14679
929,6537
929,5751
929,5911
929,5269
929,4599
929,14680
929,13945
929,14681
929,14682
929,14683
929,14684
929,12247
929,14685
929,7477
929,9229
929,14686
929,14687
929,14688
929,9676
929,14689
929,14690
929,14691
929,5358
929,14692
930,14693
930,14694
930,5997
930,14695
930,14696
930,14697
930,11212
930,2546
930,4818
930,5979
930,9932
930,14698
930,9226
930,4761
930,7476
930,14699
930,14700
930,14701
930,14702
930,5785
930,14703
930,14704
930,14705
930,14706
930,14707
930,7002
930,14708
930,4729
930,14709
930,14710
930,6011
930,14711
930,7481
931,14712
931,14713
931,14714
931,14715
931,14716
931,14717
931,14718
931,14719
931,14720
931,14721
931,14722
931,2811
931,14723
931,14724
931,14725
931,14726
931,14727
931,14728
931,14729
931,14730
931,14731
931,3434
931,14732
931,14733
931,9995
931,14734
931,14735
931,14736
931,14737
931,8753
931,14738
931,14739
931,3698
931,3843
931,14740
931,14741
931,3921
931,14742
931,14743
931,14744
931,14745
931,14746
931,10589
931,14747
931,14748
931,9244
931,14749
931,14750
931,14751
931,14752
931,4302
931,14753
931,14754
931,10006
931,10007
931,14755
931,14756
931,14757
931,5971
931,14758
931,9256
931,14759
931,14760
931,9257
931,9258
931,14761
931,14762
931,10018
931,14388
931,14763
931,14764
931,14765
931,14766
931,14767
931,14768
931,14769
931,14770
931,14771
931,14772
931,14773
931,14774
931,14775
931,14776
932,14777
932,14778
932,14779
932,14780
932,14781
932,14782
932,1657
932,14783
932,14784
932,14785
932,14786
932,14787
932,14788
932,14789
932,14790
932,14791
932,14792
932,14793
932,2491
932,14794
932,14795
932,14796
932,14797
932,14798
932,2721
932,14799
932,14800
932,14801
932,14802
932,14803
932,14804
932,14805
932,14806
932,14807
932,14808
932,14809
932,3578
932,14810
932,14811
932,14812
932,14813
932,14814
932,14815
932,14816
932,3791
932,12050
932,3825
932,14817
932,14818
932,14819
932,14820
932,14821
932,4010
932,4038
932,4099
932,14822
932,14823
932,4195
932,6562
932,14824
932,14825
932,14826
932,14827
932,14828
932,14829
932,14830
932,14831
932,4452
932,14832
932,14833
932,14834
932,14835
932,14836
932,6103
932,14837
932,14838
932,5355
932,6498
932,4681
932,9385
933,6018
933,14839
933,14840
933,14269
933,14841
933,14842
933,14843
933,6350
933,14430
933,14844
933,14845
933,5118
933,4922
933,7618
933,14846
933,14847
933,6288
933,11324
933,14277
933,6071
933,10411
933,8915
933,14022
933,4868
933,14848
933,8917
933,5269
933,4599
933,14849
933,5064
933,5358
933,12440
934,14850
934,2022
934,14851
934,14852
934,14853
935,14854
935,14855
935,14856
935,14857
935,14858
935,14859
935,14860
935,14861
935,14862
935,14863
935,14864
935,14865
935,14866
935,14867
935,13565
935,14868
935,12177
935,14869
935,14870
935,12178
935,14871
935,14872
935,5117
935,14873
935,14874
935,14875
935,14876
935,14877
935,2936
935,14878
935,14879
935,14880
935,14881
935,14882
935,12185
935,12186
935,12187
935,12188
935,14883
935,14884
935,14885
935,14886
935,4750
935,14887
935,14888
935,14889
935,14890
935,14891
935,14892
935,12193
935,12194
935,3976
935,5483
935,4755
935,14893
935,4189
935,4234
935,14894
935,14895
935,12196
935,14896
935,14897
935,14898
935,4393
935,6314
935,9265
935,4439
935,6377
935,14899
935,14900
935,14901
935,14902
935,14903
935,14904
935,14905
935,14906
935,14907
935,8412
935,4677
935,14908
935,14909
935,14910
935,14911
935,14912
935,14913
935,5607
935,14914
935,5539
935,5609
935,14915
935,14916
935,14917
935,14918
935,14919
935,14920
935,14921
935,14922
935,14923
935,14924
935,14925
935,14926
935,14927
935,14928
935,14929
935,14930
935,14931
935,14932
935,14933
935,9270
936,4705
936,4720
936,4924
936,14934
936,4225
936,7203
936,6448
936,14935
936,12803
936,4761
936,4599
936,4768
937,14936
937,14937
937,14938
937,14939
937,14940
937,14941
937,14942
937,14943
937,14944
937,5734
937,14945
937,14946
937,14947
937,14948
937,14949
937,12845
937,14950
937,11384
937,14951
937,14952
937,14953
937,14954
937,5742
937,14955
937,14956
937,4753
937,14957
937,4189
937,4234
937,14958
937,14959
937,6245
937,14960
937,14961
937,4458
937,6250
937,14962
937,5609
937,14963
937,14964
937,14965
937,14966
937,14967
937,14968
938,14969
938,14970
938,14971
938,14972
938,14973
938,14974
938,14975
938,14976
938,14977
938,14978
938,14979
938,14980
938,2515
938,14981
938,14982
938,14983
938,14984
938,14985
938,13534
938,14986
938,14987
938,14988
938,5739
938,14989
938,14990
938,14991
938,14992
938,14993
938,14994
938,11087
938,14995
938,9548
938,14996
938,14997
938,14998
938,14999
938,15000
938,6576
938,11090
938,15001
938,5771
938,4753
938,15002
938,15003
938,15004
938,5774
938,15005
938,15006
938,15007
938,15008
938,8028
938,4677
938,15009
938,4761
938,6595
938,15010
938,4599
938,15011
938,4805
938,15012
939,15013
939,15014
939,15015
939,15016
939,15017
939,15018
939,15019
939,15020
939,15021
939,15022
939,15023
939,5047
939,15024
939,15025
939,15026
939,15027
939,9759
939,15028
939,15029
939,15030
939,9762
939,4860
939,15031
939,3746
939,15032
939,15033
939,15034
939,15035
939,15036
939,4863
939,15037
939,5874
939,15038
939,15039
939,15040
939,4758
939,15041
939,15042
939,15043
939,15044
939,15045
939,15046
939,15047
939,15048
939,10120
939,15049
939,15050
939,6968
939,15051
939,15052
939,13733
939,15053
939,15054
939,15055
939,15056
939,15057
939,15058
939,15059
939,6074
939,15060
939,15061
939,4869
939,11781
939,15062
939,15063
939,15064
939,12751
939,5493
939,6971
939,5056
939,15065
939,5057
939,12594
939,15066
939,4681
939,15067
939,15068
939,15069
939,12721
939,5988
939,15070
939,10270
939,12421
939,7292
939,15071
939,15072
939,14315
939,15073
939,15074
939,15075
939,4682
939,15076
939,15077
939,9776
939,15078
939,12072
939,11437
939,5064
939,4603
940,15079
940,15080
940,5762
940,13136
940,15081
940,15082
940,15083
940,15084
940,15085
940,2986
940,2993
940,15086
940,15087
940,5581
940,14182
940,15088
940,15089
940,15090
940,15091
940,5586
940,4582
940,15092
940,15093
940,15094
940,15095
940,8412
940,4599
940,15096
941,15097
941,15098
941,15099
941,15100
941,2731
941,15101
941,15102
941,15103
941,15104
941,15105
941,15106
941,15107
941,15108
941,11006
941,15109
941,15110
941,15111
941,15112
941,15113
941,15114
941,11917
941,15115
941,11014
941,15116
941,15117
941,15118
941,9258
941,11016
941,10378
941,15119
941,4906
941,15120
941,6500
941,15121
941,15122
941,11020
941,15123
941,15124
941,6336
941,15125
941,15126
941,15127
941,15128
941,15129
941,15130
941,15131
941,5898
941,15132
941,11025
942,15133
942,15134
942,15135
942,15136
942,15137
942,5117
942,8539
942,3010
942,15138
942,15139
942,15140
942,15141
942,15142
942,4866
942,4677
942,15143
942,15144
942,15145
942,15146
942,15147
942,15148
942,15149
942,4599
942,15150
942,15151
942,15152
942,5609
942,15153
942,15154
942,15155
942,15156
942,15157
943,15158
943,6987
943,15159
943,15160
943,15161
943,15162
943,5984
943,5019
943,5994
943,5995
943,6016
943,9179
943,15163
943,15164
943,15165
943,15166
943,10203
943,5020
943,15167
943,15168
943,12257
943,7314
943,15169
943,15170
943,15171
943,15172
943,5098
943,15173
943,5022
943,15174
943,10054
943,12229
943,5069
943,15175
943,12476
943,15176
943,15177
943,15178
943,15179
943,15180
943,12266
943,15181
943,12268
943,15182
943,15183
943,15184
943,5998
943,15185
943,15186
943,12498
943,15187
943,5108
943,15188
943,8007
943,5077
943,5026
943,15189
943,15190
943,4920
943,9616
943,10057
943,10365
943,5027
943,5342
943,15191
943,12508
943,5343
943,5115
943,5116
943,6488
943,11340
943,12283
943,12284
943,11046
943,9496
943,15192
943,5028
943,15193
943,15194
943,5121
943,12516
943,8446
943,5344
943,15195
943,8062
943,15196
943,15197
943,4753
943,12437
943,15198
943,8448
943,12110
943,15199
943,8453
943,15200
943,15201
943,15202
943,15203
943,5612
943,9229
943,15204
944,2221
944,5338
944,2541
944,15205
944,3362
944,13221
944,3758
944,7301
944,12050
944,3950
944,3997
944,4010
944,7087
944,5088
944,4452
944,4454
944,4904
944,15206
944,12066
944,6497
944,6498
944,4681
944,4599
944,4543
944,15207
944,15208
944,5610
944,9415
944,6235
944,12226
944,15209
945,15210
945,4654
945,15211
945,15212
945,15213
945,10846
945,15214
945,15215
945,15216
945,15217
945,14307
945,8331
945,15218
945,15219
945,15220
945,4189
945,15221
945,8679
945,4696
945,15222
945,15223
945,15224
945,7668
945,15225
945,15226
945,15227
945,15228
945,15229
945,15230
945,15231
946,15232
946,15233
946,15234
946,6676
946,15235
946,6680
946,11174
946,15236
946,15237
946,15238
946,15239
946,15240
946,15241
946,11193
946,15242
946,4716
946,6694
946,15243
946,15244
946,15245
946,15246
947,14041
947,15247
947,4922
947,15248
947,7457
947,15249
947,15250
947,6002
947,15251
947,15252
947,15253
947,15254
947,4220
947,4696
947,4985
947,4359
947,4368
947,4377
947,6448
947,15255
947,15256
947,15257
947,15258
947,5981
947,5751
947,15259
947,4761
947,7768
947,15260
947,15261
947,15262
947,15263
947,15264
947,15265
947,15266
947,15267
947,11282
947,15268
947,15269
947,4844
947,15270
947,15271
947,15272
947,10707
947,11679
947,15273
947,15274
947,15275
947,4768
947,4729
947,15276
947,15277
947,4603
947,15278
947,15279
947,15280
947,15281
948,15282
948,15283
948,15284
948,14981
948,15285
948,15286
948,15287
948,15288
948,15289
948,15290
948,15291
948,15292
948,5769
948,15293
948,3861
948,15294
948,7731
948,15295
948,15296
948,15297
948,15298
948,15299
948,8407
948,15300
948,15301
948,15302
948,15303
948,6794
948,15304
948,15305
948,15306
948,15307
948,6600
948,15308
948,15309
948,15310
948,15311
948,12723
948,15312
948,15313
948,15314
948,15315
948,15316
948,15317
948,15318
948,15319
949,15320
949,15321
949,15322
949,15323
949,11898
949,4742
949,15324
949,15325
949,15326
949,4885
949,15327
949,15328
949,3988
949,15329
949,15330
949,15331
949,15332
949,15333
949,15334
949,15335
949,4421
949,5883
949,15336
949,15337
949,7098
949,15338
949,15339
949,9252
949,15340
949,15341
949,11919
949,12066
949,4889
949,7428
949,4723
949,4599
949,15342
949,5609
949,4890
949,15343
949,4910
949,15344
949,15345
949,6006
949,15346
949,4603
949,6011
950,15347
950,15348
950,15349
950,15350
950,15351
950,15352
950,4894
950,1950
950,2191
950,15353
950,15354
950,15355
950,15356
950,2553
950,15357
950,15358
950,15359
950,15360
950,15361
950,15362
950,10787
950,15363
950,15364
950,15365
950,3639
950,15366
950,15367
950,15368
950,15369
950,4189
950,15370
950,15371
950,15372
950,15373
950,8689
950,15374
950,15375
950,4599
950,5785
950,15376
950,15377
950,15378
951,15379
951,15380
951,11762
951,15381
951,15382
951,15383
951,15384
951,15385
951,15386
951,3261
951,3294
951,15387
951,15388
951,15389
951,15390
951,15391
951,15392
951,11766
951,15393
951,15394
951,15395
951,15396
951,3919
951,15397
951,15398
951,6118
951,15399
951,15400
951,15401
951,11771
951,15402
951,15403
951,15404
951,15405
951,15406
951,15407
951,15408
951,15409
951,11617
951,15410
951,15411
951,15412
951,15413
951,8615
951,15414
951,15415
951,15044
951,15416
951,15417
951,15418
951,15419
951,7784
951,15420
951,15421
951,15422
951,7787
951,7788
951,13500
951,4869
951,7126
951,4870
951,5493
951,5056
951,6799
951,5057
951,7471
951,15423
951,15424
951,15425
951,15426
951,11282
951,15427
951,15428
951,15429
951,11206
951,15430
951,15431
951,15432
951,15433
951,15434
951,11786
952,15435
952,14626
952,5995
952,9179
952,5277
952,15436
952,15437
952,6468
952,15438
952,12471
952,8639
952,15439
952,5279
952,15440
952,11292
952,6282
952,15441
952,12498
952,15442
952,12502
952,10420
952,6000
952,5342
952,8876
952,5343
952,12281
952,10422
952,15443
952,15444
952,11942
952,12516
952,5979
952,5344
952,5124
952,15445
952,5345
952,15446
952,4720
952,6042
952,4539
952,4599
953,15447
953,2830
953,3823
953,6065
953,6067
953,6870
953,4185
953,15448
953,7398
953,9594
953,15449
953,7401
953,15450
953,6069
953,5398
953,15451
953,7402
953,15452
953,5399
953,6072
953,7406
953,5403
953,4599
953,10881
953,15453
953,8362
954,15454
954,15455
954,1647
954,15456
954,15457
954,15458
954,15459
954,15460
954,15461
954,15462
954,15463
954,15464
954,15465
954,15466
954,5119
954,15467
954,10703
954,7043
954,15468
954,15469
954,10576
954,6814
954,10704
954,5978
954,15470
954,5742
954,4884
954,6059
954,5560
954,4753
954,5873
954,14958
954,4865
954,8907
954,15471
954,7580
954,13584
954,4677
954,5246
954,4642
954,5564
954,11472
954,5565
954,7100
954,15472
954,9460
954,4872
954,12721
954,15473
954,15474
954,7430
954,4910
954,12725
954,10707
954,10729
954,15475
954,5063
954,15476
954,5064
954,9387
954,10829
955,1642
955,1675
955,15477
955,1947
955,15478
955,15479
955,14241
955,15480
955,15481
955,15482
955,15483
955,15484
955,15485
955,15486
955,3071
955,3357
955,15487
955,3438
955,9725
955,15488
955,6492
955,12851
955,6495
955,15489
955,3771
955,12051
955,15490
955,15491
955,5590
955,15492
955,15493
955,4904
955,15494
955,6496
955,15206
955,11781
955,15495
955,12066
955,15496
955,5057
955,5355
955,4681
955,15497
955,5464
955,12225
955,6728
955,4910
955,5059
955,15498
955,15499
955,15500
956,15501
956,15502
956,13887
956,15503
956,3133
956,15504
956,3422
956,11400
956,5389
956,15505
956,6865
956,3823
956,15506
956,5392
956,8728
956,15507
956,4185
956,11413
956,4303
956,15508
956,5054
956,7401
956,4356
956,15509
956,4371
956,7402
956,4420
956,6875
956,5399
956,9599
956,15510
956,6074
956,5403
956,4599
956,6235
956,15511
956,15512
956,15513
956,5064
957,15514
957,8051
957,15515
957,15516
957,4705
957,15517
957,15518
957,15519
957,6350
957,10290
957,9075
957,7845
957,15520
957,10513
957,15521
957,15522
957,15523
957,15524
957,15525
957,7203
957,12031
957,12082
957,4599
957,15526
957,15527
957,15528
957,4768
957,4826
958,8887
958,1392
958,15529
958,14324
958,4705
958,1712
958,5279
958,15530
958,15531
958,15532
958,6350
958,4920
958,14667
958,2467
958,11064
958,2546
958,5342
958,15533
958,5290
958,2923
958,2949
958,9001
958,5344
958,5124
958,7200
958,12288
958,4189
958,5086
958,4359
958,6042
958,4599
958,15534
958,15535
958,11073
958,15536
959,15537
959,15538
959,15539
959,15540
959,15541
959,15542
959,15543
959,15544
959,15545
959,15546
959,15547
959,15548
959,15549
959,15550
959,15551
959,15552
959,15553
959,15554
959,11890
959,15555
959,11891
959,15556
959,15557
959,15558
959,15559
959,15560
959,15561
959,15562
959,15097
959,15563
959,15564
959,15565
959,15566
959,11893
959,15567
959,15568
959,15569
959,15570
959,9979
959,15571
959,15572
959,15573
959,15574
959,11896
959,15575
959,15576
959,15577
959,15578
959,15579
959,15580
959,5863
959,15581
959,15582
959,5119
959,8790
959,15583
959,15584
959,15585
959,15586
959,7043
959,15587
959,15588
959,15589
959,9988
959,15590
959,15591
959,15592
959,15593
959,15594
959,6371
959,15595
959,15596
959,15597
959,15598
959,4753
959,15599
959,15600
959,6274
959,15601
959,15602
959,11909
959,11911
959,15603
959,15604
959,15605
959,15606
959,15607
959,15608
959,6728
959,15609
959,15610
959,15611
959,15612
959,11921
959,4768
959,15613
960,15614
960,15615
960,15616
960,1453
960,15617
960,15618
960,5434
960,15619
960,15620
960,1904
960,15621
960,2198
960,13698
960,5138
960,5442
960,5444
960,15622
960,15623
960,5452
960,4857
960,5117
960,15624
960,15625
960,15626
960,15627
960,4883
960,9998
960,4753
960,15628
960,11919
960,4599
960,5539
960,15629
960,5473
960,15630
960,4805
960,15631
962,15632
962,15633
962,9849
962,6687
962,15634
962,15635
962,12051
962,15636
962,15628
962,5483
962,15637
962,4755
962,15638
962,15639
962,15640
962,15641
962,5261
962,5242
962,6320
962,4677
962,15642
962,12419
962,4761
962,8215
962,5973
962,15643
962,4681
962,5464
962,4699
962,4599
962,15644
962,5486
962,12439
962,4910
962,4805
962,5357
962,12809
962,8362
963,1532
963,15645
963,15646
963,15647
963,9061
963,15648
963,15649
963,15650
963,15651
963,15652
963,15653
963,15654
963,15655
963,4681
963,15656
963,4599
963,10605
963,5009
965,1284
965,15657
965,15658
965,15659
965,15660
965,15661
965,3985
965,3996
965,4189
965,15662
965,8504
965,7789
965,15663
965,15664
965,4930
965,4681
965,4599
965,15665
965,5785
965,11437
965,5064
966,5995
966,15666
966,15667
966,15668
966,4704
966,8639
966,15669
966,5280
966,15670
966,15671
966,5285
966,11643
966,15672
966,10059
966,9001
966,12516
966,15673
966,5344
966,5124
966,14346
966,3981
966,15674
966,5087
966,4359
966,6042
966,4677
966,4599
966,15675
966,15676
967,1543
967,15677
967,8705
967,15678
967,14376
967,9394
967,15679
967,15680
967,15681
967,12836
967,9396
967,9791
967,8711
967,15682
967,14943
967,15683
967,15684
967,15685
967,5734
967,2572
967,15686
967,15687
967,15688
967,8714
967,15689
967,15690
967,9400
967,15691
967,15692
967,15693
967,9402
967,9986
967,9987
967,13118
967,8717
967,15694
967,3283
967,10704
967,3305
967,4742
967,4743
967,3424
967,9404
967,5742
967,4884
967,3550
967,15695
967,3758
967,7989
967,3859
967,10828
967,4753
967,5747
967,3950
967,5483
967,15696
967,6274
967,5873
967,5086
967,4359
967,4377
967,4677
967,9256
967,4698
967,11424
967,5464
967,4765
967,4599
967,4543
967,5609
967,10707
967,15697
967,5991
968,15698
968,2094
968,15699
968,4857
968,6574
968,4715
968,15700
968,6288
968,7758
968,15701
968,10625
968,5980
968,15702
968,4755
968,15703
968,15704
968,15705
968,5087
968,15706
968,15707
968,15708
968,5261
968,15709
968,9345
968,5301
968,4868
968,6247
968,15710
968,6249
968,5987
968,4681
968,5269
968,5304
968,4599
968,15711
968,15712
968,4805
968,7272
969,1766
969,15713
969,15714
969,2350
969,15715
969,9398
969,2630
969,5738
969,6857
969,15716
969,5742
969,4884
969,15717
969,3826
969,5054
969,6696
969,9342
969,7167
969,9343
969,6967
969,5246
969,4643
969,6228
969,4681
969,5553
969,15718
969,5063
969,5064
970,12981
970,13828
970,12986
970,11366
970,15719
970,12991
970,12992
970,13829
970,12994
970,15720
970,12998
970,13833
970,13835
970,13000
970,15721
970,13001
970,15722
970,13004
970,13838
970,13839
970,13840
970,13005
970,11381
970,13841
970,6357
970,11386
970,13010
970,13011
970,13012
970,13842
970,13014
970,13843
970,6061
970,7083
970,5392
970,13017
970,15723
970,13845
970,13018
970,13019
970,11417
970,5399
970,6077
970,5403
970,13847
970,4681
970,13023
970,13026
970,13028
970,13850
970,13851
970,13852
971,15724
971,2022
971,2002
971,15725
971,2206
971,15726
971,2549
971,2626
971,8373
971,2761
971,2780
971,2957
971,15727
971,4883
971,3265
971,3424
971,6577
971,4755
971,15728
971,4393
971,15729
971,15730
971,12202
971,8188
971,15731
971,4761
971,15732
971,6595
971,4698
971,15733
971,4643
971,4681
971,5304
971,4599
971,7739
971,15734
971,12723
971,5486
971,15735
971,12013
971,5064
972,15736
972,15737
972,1887
972,15738
972,15739
972,2022
972,2002
972,15740
972,2350
972,9398
972,15741
972,2821
972,15742
972,2893
972,15743
972,2957
972,3118
972,3147
972,6857
972,15744
972,3265
972,3323
972,3422
972,15745
972,15746
972,3514
972,15747
972,15748
972,3826
972,3829
972,15749
972,4189
972,4234
972,5054
972,4359
972,9342
972,15750
972,7784
972,15751
972,5602
972,15752
972,5604
972,7788
972,15753
972,15754
972,6799
972,5607
972,15755
972,4599
972,15756
972,4543
972,15757
972,15758
972,11071
972,6006
972,15759
972,15760
972,15761
972,15762
972,4603
972,6011
973,15763
973,15764
973,15765
973,15766
973,15767
973,15768
973,15769
973,15770
973,15771
973,15772
973,6000
973,15773
973,2812
973,15774
973,15775
973,8502
973,15776
973,15777
973,15778
973,15779
973,15780
973,15781
973,4720
973,11860
973,11010
973,7053
973,15782
973,15783
973,15784
973,4761
973,12121
973,13914
973,8492
973,15785
973,15786
973,15787
973,15788
974,15789
974,5047
974,15790
974,6955
974,6956
974,9164
974,15791
974,15792
974,6971
974,15793
975,4894
975,1872
975,15794
975,2022
975,15795
975,2490
975,15796
975,12142
975,3154
975,3262
975,15797
975,15798
975,4753
975,4303
975,6070
975,5055
975,4906
975,4599
975,4910
975,10707
975,12422
975,5064
976,15799
976,1516
976,5620
976,14146
976,15800
976,15801
976,15802
976,2549
976,15803
976,15804
976,15805
976,15806
976,15807
976,15808
976,3911
976,15809
976,4189
976,15810
976,15811
976,15812
976,15813
976,15814
976,15815
976,15816
976,15817
976,15818
976,15819
976,15820
976,4761
976,15821
976,10619
976,15822
976,15823
976,15824
976,15825
977,15826
977,5277
977,1790
977,2165
977,15827
977,14950
977,15828
977,15829
977,15830
977,3283
977,15831
977,14956
977,15832
977,14959
977,15833
977,14960
977,4359
977,5300
977,15834
977,8412
977,4681
977,15472
977,14962
977,4599
977,15835
977,7475
977,15070
977,15836
977,4768
979,15837
979,15838
979,14297
979,12342
979,15839
979,12343
979,15840
979,12348
979,15841
979,15842
979,12354
979,15843
979,14311
979,12361
979,15844
979,15845
979,8160
979,8691
979,10253
979,15846
979,8169
979,15847
979,15848
979,15849
979,15850
979,8693
979,15851
979,15852
979,15853
979,4600
979,15854
979,15855
979,15856
979,15857
979,15858
979,15859
979,8775
979,15860
979,15861
979,15862
979,15863
979,15864
980,15865
980,15866
980,15867
980,15868
980,15869
980,15870
980,15871
980,15872
980,15873
980,1665
980,1672
980,14418
980,15874
980,15875
980,1878
980,15876
980,15877
980,15878
980,15879
980,15880
980,15881
980,15882
980,15883
980,15884
980,10453
980,10455
980,15885
980,15886
980,15887
980,14426
980,15888
980,15889
980,15890
980,2515
980,15891
980,15892
980,15893
980,15894
980,2744
980,2756
980,15895
980,15896
980,2809
980,15897
980,14986
980,15898
980,15899
980,15900
980,3433
980,3445
980,5742
980,15901
980,15902
980,4753
980,15903
980,7052
980,15904
980,15905
980,4368
980,15906
980,4587
980,4599
980,15907
980,15908
980,15909
980,15910
980,15911
980,15912
980,15913
980,4768
981,15914
981,5117
981,15915
981,15916
981,15917
981,15918
981,10392
981,15919
981,7920
981,4010
981,5589
981,15920
981,14461
981,12054
981,5592
981,8024
981,12056
981,15921
981,15094
981,15922
981,15923
981,15337
981,15924
981,4904
981,4678
981,15206
981,12066
981,4785
981,5464
981,4599
981,6728
981,15925
981,4701
981,12631
981,15926
981,4805
981,15927
981,7436
981,15928
982,15929
982,15930
982,12004
982,15931
982,2505
982,15932
982,7414
982,2819
982,15933
982,3305
982,3306
982,3343
982,3362
982,3424
982,4750
982,3791
982,15934
982,3859
982,3901
982,5483
982,4755
982,4189
982,6562
982,5968
982,15935
982,4377
982,5547
982,5261
982,4439
982,4676
982,4446
982,15936
982,15937
982,15938
982,15939
982,4761
982,15940
982,4681
982,15941
982,4599
982,4543
982,5539
982,12721
982,15942
982,15943
982,15944
982,8804
982,15945
982,5064
983,4810
983,4705
983,15946
983,15947
983,7803
983,15948
983,10891
983,15949
983,15950
983,15951
983,5118
983,15952
983,15953
983,15954
983,15955
983,12824
983,6533
983,15956
983,8885
983,15957
983,15958
983,11999
984,15959
984,15960
984,15961
984,15962
984,15963
984,15964
984,15965
984,15966
984,15967
984,15968
984,15969
984,15970
984,15971
984,15972
984,15973
984,15974
984,15975
984,15976
984,15977
984,15978
984,15979
984,15980
984,15981
984,15982
984,15983
984,15984
984,15985
984,15986
984,15987
984,15988
984,15989
984,15990
984,15991
984,15992
984,15993
984,15994
984,15995
984,15996
984,15997
984,15998
984,15999
984,16000
984,16001
984,16002
984,16003
984,16004
984,16005
984,16006
984,16007
984,16008
984,16009
984,16010
984,16011
984,16012
984,16013
984,16014
984,16015
984,16016
984,16017
984,16018
984,16019
984,16020
984,16021
984,16022
984,16023
984,4776
984,5601
984,16024
984,16025
984,16026
984,5609
984,16027
984,16028
984,16029
984,16030
984,16031
984,16032
984,16033
984,16034
984,16035
984,16036
984,16037
984,16038
984,16039
984,16040
984,16041
984,16042
984,16043
985,1220
985,16044
985,16045
985,16046
985,16047
985,5727
985,16048
985,5478
985,16049
985,16050
985,16051
985,16052
985,6572
985,16053
985,16054
985,16055
985,8438
985,5338
985,2260
985,16056
985,16057
985,16058
985,16059
985,13169
985,4857
985,6488
985,3065
985,5121
985,9404
985,16060
985,4753
985,4985
985,16061
985,6448
985,6103
985,5629
985,16062
985,16063
986,14369
986,16064
986,16065
986,1959
986,5852
986,16066
986,16067
986,16068
986,16069
986,8714
986,5290
986,16070
986,16071
986,5866
986,12846
986,15691
986,15693
986,7043
986,10704
986,4742
986,5742
986,6059
986,3627
986,3711
986,4716
986,7989
986,10114
986,4753
986,6824
986,5873
986,4189
986,4985
986,16072
986,4677
986,9256
986,4761
986,4765
986,4599
986,5609
986,12439
986,15697
986,16073
986,16074
986,10605
986,7436
986,4603
986,16075
986,16076
986,16077
987,16078
987,16079
987,16080
987,16081
987,16082
987,16083
987,16084
987,16085
987,16086
987,16087
987,16088
987,16089
987,16090
987,16091
987,16092
987,16093
987,16094
987,12711
987,16095
987,5123
987,12049
987,16096
987,4750
987,16097
987,6577
987,5172
987,16098
987,16099
987,7731
987,16100
987,16101
987,16102
987,16103
987,16104
987,7923
987,7925
987,6275
987,4758
987,16105
987,16106
987,16107
987,12202
987,16108
987,16109
987,16110
987,15732
987,16111
987,16112
987,4681
987,4910
989,16113
989,16114
989,16115
989,8331
989,16116
989,3791
989,3859
989,16117
989,15218
989,16118
989,16119
989,15220
989,4757
989,15221
989,16120
989,12054
989,16121
989,10741
989,16122
989,16123
989,5261
989,16124
989,4439
989,16125
989,15222
989,16126
989,16127
989,16128
989,16129
989,15223
989,16130
989,8271
989,16131
989,8188
989,16132
989,15224
989,16133
989,4868
989,16134
989,8412
989,16135
989,16136
989,16137
989,15226
989,16138
989,4681
989,16139
989,16140
989,16141
989,4787
989,4599
989,5553
989,16142
989,4600
989,4910
989,16143
989,16144
990,16145
990,16146
990,16147
990,16148
990,16149
990,16150
990,16151
990,16152
990,16153
990,16154
990,16155
990,16156
990,14944
990,16157
990,14947
990,16158
990,14948
990,16159
990,16160
990,16161
990,12845
990,16162
990,9401
990,5738
990,16163
990,16164
990,14951
990,16165
990,16166
990,9402
990,16167
990,16168
990,12848
990,15694
990,10704
990,4742
990,16169
990,16170
990,16171
990,5742
990,4884
990,16172
990,16173
990,16174
990,16175
990,4753
990,5873
990,16176
990,16177
990,16178
990,16179
990,16180
990,16181
991,2052
991,12692
991,2299
991,16182
991,16183
991,16184
991,2626
991,5117
991,2742
991,14875
991,16185
991,16186
991,16187
991,16188
991,16189
991,16190
991,3306
991,8473
991,3343
991,3424
991,16191
991,16192
991,3507
991,5123
991,16193
991,16194
991,8476
991,5544
991,16195
991,3789
991,16196
991,5172
991,4753
991,3945
991,3947
991,5483
991,16197
991,16198
991,14545
991,12719
991,16199
991,16200
991,4358
991,16201
991,7580
991,5088
991,9246
991,4439
991,4446
991,4458
991,5970
991,16202
991,16203
991,6103
991,4905
991,4643
991,4681
991,7361
991,4599
991,16204
991,4543
991,4701
991,16205
991,16206
991,16207
991,4805
991,16208
991,4603
993,16209
993,5995
993,16210
993,6016
993,5277
993,16211
993,4705
993,16212
993,16213
993,16214
993,16215
993,5285
993,16216
993,16217
993,6350
993,16218
993,16219
993,6574
993,5121
993,6529
993,16220
993,16221
993,5295
993,4924
993,14349
993,12245
993,16222
993,5298
993,16223
993,5300
993,16224
993,16225
993,16226
993,16227
993,16228
993,16229
993,5307
994,1440
994,16230
994,16231
994,2884
994,7455
994,6558
994,4355
994,4358
994,4368
994,4377
994,16232
994,16233
994,16234
994,4458
994,13911
994,16235
994,4992
994,4599
994,15758
994,11071
994,16236
995,16237
995,1729
995,16238
995,16239
995,16240
995,16241
995,16242
995,16243
995,16244
995,7290
995,16245
995,16246
995,16247
995,16248
995,6712
995,16249
995,6291
995,16250
995,16251
995,16252
995,16253
995,16254
995,16255
995,16256
995,16257
995,16258
995,16259
995,16260
995,16261
995,16262
995,16263
995,16264
995,10619
995,16265
995,16266
995,16267
995,4768
996,1264
996,16268
996,16269
996,16270
996,16271
996,16272
996,16273
996,8259
996,4654
996,16274
996,16275
996,16276
996,8260
996,16277
996,4656
996,8261
996,16278
996,4659
996,16279
996,15097
996,16280
996,16281
996,16282
996,16283
996,16284
996,8263
996,16285
996,16286
996,16287
996,16288
996,14298
996,16289
996,16290
996,16291
996,10997
996,16292
996,16293
996,16294
996,16295
996,16296
996,16297
996,3355
996,16298
996,16299
996,16300
996,16301
996,11002
996,16302
996,16303
996,16304
996,16305
996,16306
996,16307
996,16308
996,16309
996,16310
996,16311
996,16312
996,12359
996,16313
996,12361
996,16314
996,4587
996,16315
996,16316
996,16317
996,16318
996,16319
996,7898
996,16320
996,10253
996,16321
996,6498
996,4681
996,5609
996,6500
996,16322
996,16323
996,16324
996,16325
996,16326
996,16327
996,16328
996,16329
996,16330
997,1371
997,16331
997,1420
997,16332
997,16333
997,16334
997,16335
997,16336
997,16337
997,16338
997,1995
997,2064
997,2065
997,16339
997,2325
997,2486
997,2546
997,2617
997,2646
997,2672
997,7288
997,2766
997,16340
997,5976
997,5977
997,3306
997,8466
997,5371
997,3789
997,3825
997,16341
997,3950
997,6002
997,4138
997,4189
997,16342
997,5296
997,9769
997,4349
997,16343
997,4359
997,4368
997,12245
997,16344
997,5298
997,4437
997,16345
997,5300
997,16346
997,7425
997,7698
997,16347
997,13040
997,4539
997,11349
997,4681
997,4599
997,16348
997,16349
997,16350
997,16351
997,16352
997,16353
997,16354
997,16355
997,6569
997,16356
997,5357
997,5064
998,16357
998,16358
998,16359
998,16360
998,16361
998,16362
998,16363
998,16364
998,3249
998,16365
998,16366
998,16367
998,16368
998,16369
998,16370
998,16371
998,16372
998,16373
998,16374
998,16375
998,16376
998,16377
998,16378
998,11132
998,16379
998,5246
998,7513
998,7361
998,4599
998,16380
998,16381
998,16382
998,16383
998,16384
999,16385
999,13243
999,4359
999,10194
999,5981
999,4761
999,16386
1000,16387
1000,16388
1000,9400
1000,5867
1000,16389
1000,9987
1000,10704
1000,4742
1000,4743
1000,11606
1000,4884
1000,16390
1000,16391
1000,16392
1000,7989
1000,6824
1000,6274
1000,16393
1000,4100
1000,5873
1000,10940
1000,10192
1000,12786
1000,16394
1000,10943
1000,4679
1000,16395
1000,16396
1000,16397
1000,10605
1000,5898
1000,16398
1019,16399
1019,16400
1019,16401
1019,16402
1019,16403
1019,13108
1019,16404
1019,13113
1019,13115
1019,16405
1019,16406
1019,16407
1019,13117
1019,16408
1019,16409
1019,16410
1019,16411
1019,16412
1019,16413
1019,16414
1019,16415
1019,7228
1019,16416
1019,16417
1019,16418
1019,16419
1019,16420
1019,7230
1019,16421
1019,16422
1019,16423
1019,16424
1019,7510
1019,16109
1019,5751
1019,4761
1019,13132
1019,4907
1019,16425
1019,16426
1019,16427
1019,16428
1129,16429
1129,16430
1129,3316
1129,16431
1129,16432
1129,3802
1129,16433
1129,16434
1129,16435
1129,16436
1129,16437
1129,16438
1129,4179
1129,4340
1129,16439
1129,16440
1129,16441
1129,16442
1129,16443
1129,11260
1129,4521
1129,4761
1129,16444
1129,16445
1129,16446
1129,4539
1129,16447
1129,12121
1129,8492
1129,16448
1129,8509
1129,16449
1195,16450
1195,16451
1195,16452
1195,16453
1195,3189
1195,3211
1195,16454
1195,16455
1195,16456
1195,16457
1195,16458
1195,10738
1195,12218
1195,16459
1195,16460
1195,3880
1195,16461
1195,16462
1195,16463
1195,16464
1195,16465
1195,16466
1195,6562
1195,16467
1195,16468
1195,7092
1195,16469
1195,16470
1195,16471
1195,16472
1195,16473
1195,16474
1195,16475
1195,5126
1195,16476
1195,10751
1195,4599
1195,16477
1195,16478
1195,16479
1195,16480
1228,16481
1228,2475
1228,2761
1228,3032
1228,3273
1228,3306
1228,3400
1228,3571
1228,3483
1228,10661
1228,3727
1228,3757
1228,3791
1228,3997
1228,4001
1228,4755
1228,4099
1228,4186
1228,4198
1228,6562
1228,12719
1228,4865
1228,16199
1228,4349
1228,4358
1228,6070
1228,12399
1228,4393
1228,4411
1228,6071
1228,4410
1228,9246
1228,4437
1228,4439
1228,4676
1228,4446
1228,4454
1228,4458
1228,8188
1228,4868
1228,5246
1228,6226
1228,5485
1228,12419
1228,7698
1228,4679
1228,5987
1228,6103
1228,4698
1228,8692
1228,16482
1228,4643
1228,4681
1228,4543
1228,5553
1228,4910
1228,5991
1228,5064
1282,16483
1282,5478
1282,16484
1282,2367
1282,14384
1282,9983
1282,16485
1282,16486
1282,16487
1282,16488
1282,5872
1282,16489
1282,16490
1282,3704
1282,16491
1282,10239
1282,16492
1282,16493
1282,16494
1282,16495
1282,4753
1282,16496
1282,6274
1282,16497
1282,16498
1282,16499
1282,5873
1282,16500
1282,4410
1282,5883
1282,4472
1282,9250
1282,16501
1282,16502
1282,16503
1282,16504
1282,5463
1282,16505
1282,16506
1282,5464
1282,16507
1282,16508
1282,4599
1282,16509
1282,5827
1282,16510
1282,16511
1282,16512
1282,16513
1282,16514
1282,8775
1282,16515
1282,16516
1282,16517
1282,16518
1282,16519
1282,16520
1282,16521
1282,16522
1282,16523
1282,16524
1282,10754
1284,5277
1284,16525
1284,16526
1284,16527
1284,16528
1284,16529
1284,16530
1284,16531
1284,16532
1284,16533
1284,4920
1284,5341
1284,7845
1284,16534
1284,15775
1284,16535
1284,16536
1284,16537
1284,16538
1284,16539
1284,16540
1284,11257
1284,16541
1284,4720
1284,4985
1284,7203
1284,16542
1284,11260
1284,10180
1284,12121
1284,16543
1284,16544
1284,8509
1284,9676
1284,16545
1284,11264
1284,16546
1286,16547
1286,16548
1286,16549
1286,16550
1286,16551
1286,16552
1286,16553
1286,16554
1286,15715
1286,16555
1286,9398
1286,2724
1286,16556
1286,16557
1286,9438
1286,7043
1286,16558
1286,6057
1286,16559
1286,16560
1286,16561
1286,16562
1286,16563
1286,13573
1286,11398
1286,5742
1286,15661
1286,16564
1286,16565
1286,10715
1286,11405
1286,16566
1286,16567
1286,3823
1286,16568
1286,16569
1286,15507
1286,16570
1286,16571
1286,16572
1286,16573
1286,16574
1286,5054
1286,7401
1286,16575
1286,16576
1286,7402
1286,11417
1286,9343
1286,11419
1286,6072
1286,5565
1286,16577
1286,5403
1286,4681
1286,7548
1286,4910
1286,16578
1286,16579
1286,11432
1286,16580
1286,10605
1286,5898
1286,5063
1286,5064
1292,16581
1292,13924
1292,16582
1292,16583
1292,16584
1292,16585
1292,16586
1292,16587
1292,16588
1292,16589
1292,16590
1292,2296
1292,16591
1292,16592
1292,16593
1292,16594
1292,16595
1292,2562
1292,2572
1292,16596
1292,16597
1292,16598
1292,16599
1292,16600
1292,16601
1292,4857
1292,16602
1292,16603
1292,15578
1292,16604
1292,16605
1292,16606
1292,9400
1292,16607
1292,16608
1292,16609
1292,15586
1292,16610
1292,9092
1292,9402
1292,9646
1292,16611
1292,16612
1292,16613
1292,16614
1292,16615
1292,10579
1292,5742
1292,6059
1292,16616
1292,16617
1292,16618
1292,16619
1292,16620
1292,16621
1292,4716
1292,16622
1292,16623
1292,16624
1292,16625
1292,7989
1292,14459
1292,16626
1292,4755
1292,16627
1292,16628
1292,4757
1292,16629
1292,16630
1292,16631
1292,4359
1292,4367
1292,16632
1292,14019
1292,16633
1292,16634
1292,4454
1292,16635
1292,16636
1292,16637
1292,16638
1292,5485
1292,16639
1292,16640
1292,16641
1292,16642
1292,4698
1292,16643
1292,16644
1292,4539
1292,16645
1292,6228
1292,4599
1292,4543
1292,16646
1292,5609
1292,6079
1292,5000
1292,16647
1292,16648
1292,11022
1292,16354
1292,16649
1293,16650
1293,16651
1293,16652
1293,16653
1293,16654
1293,16655
1293,3177
1293,16656
1293,3848
1293,16657
1293,3981
1293,4755
1293,16658
1293,4250
1293,5350
1293,16659
1293,16660
1293,16661
1293,4388
1293,16662
1293,12058
1293,4421
1293,4499
1293,5351
1293,8301
1293,5246
1293,16663
1293,7668
1293,14024
1293,12419
1293,4761
1293,4679
1293,16664
1293,16665
1293,5629
1293,16666
1293,8692
1293,4681
1293,4599
1293,16667
1293,16668
1293,16669
1293,16670
1293,16671
1294,16672
1294,16673
1294,16674
1294,16675
1294,16676
1294,5042
1294,16677
1294,16678
1294,16679
1294,16680
1294,1946
1294,1947
1294,16681
1294,14238
1294,16682
1294,16683
1294,8807
1294,16684
1294,16685
1294,16686
1294,16687
1294,8809
1294,16688
1294,16689
1294,9721
1294,16690
1294,16691
1294,11663
1294,16692
1294,6574
1294,16693
1294,11615
1294,16694
1294,16695
1294,16696
1294,4681
1294,16697
1294,16698
1294,9134
1294,16699
1294,8823
1294,4805
1294,16700
1295,16701
1295,16702
1295,4755
1295,4698
1295,16703
1295,4599
1296,1559
1296,1562
1296,16704
1296,8461
1296,16705
1296,8438
1296,16706
1296,6472
1296,16707
1296,16708
1296,10362
1296,5077
1296,16709
1296,5079
1296,5341
1296,16710
1296,5027
1296,8443
1296,6000
1296,5290
1296,5115
1296,5116
1296,4922
1296,5291
1296,5293
1296,3065
1296,7455
1296,5028
1296,12239
1296,5978
1296,12287
1296,16711
1296,15195
1296,3878
1296,4720
1296,16712
1296,16713
1296,8449
1296,5034
1296,16714
1296,4761
1296,16715
1296,6383
1296,4599
1296,10223
1296,16716
1297,16717
1297,16718
1297,16719
1297,16720
1297,16721
1297,3312
1297,16722
1297,16723
1297,13488
1297,16724
1297,16725
1297,12825
1297,6533
1297,5086
1297,16726
1297,16727
1297,4676
1297,4677
1297,7788
1297,16728
1297,4599
1297,16729
1297,16730
1297,16731
1297,16732
1297,4826
1298,16733
1298,16734
1298,14937
1298,16735
1298,16736
1298,14940
1298,16737
1298,14944
1298,16738
1298,5341
1298,8713
1298,14947
1298,5862
1298,14948
1298,12845
1298,9400
1298,4922
1298,5866
1298,16739
1298,9401
1298,14951
1298,16166
1298,7043
1298,16740
1298,16741
1298,16742
1298,10704
1298,5742
1298,4884
1298,16743
1298,10828
1298,16744
1298,5747
1298,16745
1298,10904
1298,16746
1298,16747
1298,5607
1298,5539
1298,16748
1298,8729
1298,16749
1298,16750
1298,16181
1298,10829
1299,16751
1299,16752
1299,16753
1299,16754
1299,16755
1299,16756
1299,16757
1299,16758
1299,16759
1299,16760
1299,16761
1299,16762
1299,16763
1299,16764
1299,16765
1299,16766
1299,16767
1299,1891
1299,16768
1299,16769
1299,16770
1299,16771
1299,2236
1299,16772
1299,16773
1299,16774
1299,16775
1299,16776
1299,16777
1299,2957
1299,16778
1299,3072
1299,16779
1299,16780
1299,16781
1299,16782
1299,16783
1299,16784
1299,16785
1299,16786
1299,16787
1299,16788
1299,16789
1299,16790
1299,16791
1299,16792
1299,16793
1299,16794
1299,16795
1299,16796
1299,16797
1299,16798
1299,16799
1299,16800
1299,16801
1299,5031
1299,16802
1299,16803
1299,16804
1299,7784
1299,16805
1299,16806
1299,6799
1299,4599
1299,5000
1299,16807
1299,16808
1299,16809
1299,16810
1299,16811
1299,16812
1299,16813
1299,16814
1299,16815
1299,16816
1300,16817
1300,16818
1300,11292
1300,15670
1300,12006
1300,16819
1300,7806
1300,16820
1300,4920
1300,10165
1300,16821
1300,16822
1300,11064
1300,16823
1300,10169
1300,16824
1300,5290
1300,14110
1300,5118
1300,6476
1300,16825
1300,2923
1300,7854
1300,15192
1300,9485
1300,6478
1300,16826
1300,6479
1300,12516
1300,5124
1300,3631
1300,16827
1300,5345
1300,12288
1300,7924
1300,16828
1300,5297
1300,16829
1300,16830
1300,6293
1300,16831
1300,5300
1300,7426
1300,16832
1300,16833
1300,12121
1300,4599
1300,5249
1300,12044
1300,16834
1300,7214
1302,16835
1302,16836
1302,16837
1302,16838
1302,16839
1302,16840
1302,16841
1302,4750
1302,16842
1302,5172
1302,9164
1302,4753
1302,16843
1302,16844
1302,16845
1302,16846
1302,7923
1302,16847
1302,4757
1302,16848
1302,7925
1302,4758
1302,16849
1302,16850
1302,4984
1302,16851
1302,16852
1302,16853
1302,16854
1302,6077
1302,16855
1302,16856
1302,4681
1302,16857
1302,15308
1302,4599
1302,5538
1302,5539
1302,16858
1302,12721
1302,5988
1302,4910
1302,4873
1302,10271
1302,5785
1302,16859
1302,16860
1302,12072
1303,9625
1303,10688
1303,16861
1303,1651
1303,12229
1303,16862
1303,11701
1303,12230
1303,16863
1303,14556
1303,16864
1303,5281
1303,16865
1303,5284
1303,5338
1303,5340
1303,16866
1303,12237
1303,4920
1303,5287
1303,6000
1303,16867
1303,6285
1303,5289
1303,5343
1303,5116
1303,5118
1303,3248
1303,16868
1303,4715
1303,5344
1303,7757
1303,5124
1303,7826
1303,5294
1303,16869
1303,4716
1303,3839
1303,16870
1303,3984
1303,5295
1303,4924
1303,6290
1303,5087
1303,4316
1303,16871
1303,5298
1303,16872
1303,16873
1303,5300
1303,14848
1303,8917
1303,4599
1303,16874
1303,16875
1303,16354
1303,5307
1305,1340
1305,11331
1305,16876
1305,1588
1305,10339
1305,1619
1305,16877
1305,1697
1305,5569
1305,12231
1305,16878
1305,16879
1305,16880
1305,16881
1305,16882
1305,16883
1305,16884
1305,16885
1305,16886
1305,16887
1305,16888
1305,7319
1305,1896
1305,7720
1305,16889
1305,16890
1305,1932
1305,16891
1305,8437
1305,9393
1305,11292
1305,10209
1305,2015
1305,2056
1305,16892
1305,16893
1305,5138
1305,5574
1305,12692
1305,5076
1305,2267
1305,16894
1305,2308
1305,11335
1305,16895
1305,16896
1305,9746
1305,16897
1305,2162
1305,10212
1305,16898
1305,5078
1305,16899
1305,14082
1305,16900
1305,16901
1305,2546
1305,16902
1305,2567
1305,15191
1305,16903
1305,2619
1305,16904
1305,10216
1305,4857
1305,16905
1305,6488
1305,5576
1305,2782
1305,2851
1305,2875
1305,5119
1305,16906
1305,11046
1305,16907
1305,16908
1305,16909
1305,16910
1305,16911
1305,16912
1305,7043
1305,3065
1305,3101
1305,12285
1305,16913
1305,3199
1305,12147
1305,16914
1305,6651
1305,5578
1305,16915
1305,11187
1305,16916
1305,3441
1305,3444
1305,9404
1305,16917
1305,3560
1305,15695
1305,3607
1305,12716
1305,3655
1305,3658
1305,8289
1305,9588
1305,3789
1305,3791
1305,7758
1305,16918
1305,8350
1305,3878
1305,4753
1305,5084
1305,7051
1305,3947
1305,16919
1305,5085
1305,5483
1305,3982
1305,16920
1305,4042
1305,4755
1305,4100
1305,4105
1305,5692
1305,4757
1305,4189
1305,4251
1305,7052
1305,4758
1305,9381
1305,16921
1305,10741
1305,4349
1305,4985
1305,4359
1305,11344
1305,4358
1305,4387
1305,12160
1305,16922
1305,16923
1305,10705
1305,7694
1305,9343
1305,10343
1305,5598
1305,16924
1305,16925
1305,4507
1305,10965
1305,16926
1305,5264
1305,7426
1305,16927
1305,6103
1305,12292
1305,16347
1305,4539
1305,5608
1305,15200
1305,7056
1305,4599
1305,4543
1305,16928
1305,4872
1305,5609
1305,4701
1305,12721
1305,12722
1305,5988
1305,4600
1305,7430
1305,15758
1305,12724
1305,4910
1305,4873
1305,16929
1305,5249
1305,16930
1305,5974
1305,7334
1305,16931
1305,16932
1305,16933
1305,16934
1305,16935
1305,5064
1305,16936
1305,16937
1308,16938
1308,1766
1308,16939
1308,15739
1308,16940
1308,16941
1308,2350
1308,16942
1308,16555
1308,9398
1308,16943
1308,2821
1308,3118
1308,6857
1308,3265
1308,3424
1308,3514
1308,3571
1308,3823
1308,3826
1308,5483
1308,4755
1308,5586
1308,16944
1308,4211
1308,5054
1308,4359
1308,9342
1308,4420
1308,4868
1308,6077
1308,4643
1308,6228
1308,4681
1308,4599
1308,5553
1308,6079
1308,4910
1308,16945
1308,5063
1308,5064
1309,4705
1309,1635
1309,9321
1309,16946
1309,2076
1309,2090
1309,12499
1309,16947
1309,2316
1309,15532
1309,16948
1309,16949
1309,5341
1309,11064
1309,2546
1309,2606
1309,16950
1309,2646
1309,2647
1309,5290
1309,2679
1309,11939
1309,5118
1309,2840
1309,2875
1309,6476
1309,6172
1309,2923
1309,2949
1309,3014
1309,16951
1309,16952
1309,3391
1309,9001
1309,12516
1309,6433
1309,5344
1309,16953
1309,14456
1309,7457
1309,5124
1309,3655
1309,3664
1309,16954
1309,4716
1309,3793
1309,3801
1309,16955
1309,16956
1309,6580
1309,7200
1309,16957
1309,6002
1309,3988
1309,4042
1309,16958
1309,10520
1309,16959
1309,16960
1309,6712
1309,16961
1309,4250
1309,5086
1309,4359
1309,12438
1309,6978
1309,4368
1309,4377
1309,4387
1309,6448
1309,16962
1309,16963
1309,4421
1309,7693
1309,5297
1309,5298
1309,16964
1309,6452
1309,16965
1309,16966
1309,16967
1309,4508
1309,5981
1309,16968
1309,5911
1309,7099
1309,9130
1309,6980
1309,4681
1309,16969
1309,4599
1309,7475
1309,16970
1309,11927
1309,16971
1309,16931
1309,7335
1309,16972
1309,16973
1309,16974
1309,16975
1309,16976
1309,16977
1309,4768
1309,16978
1309,10092
1309,7113
1310,16979
1310,6640
1310,8639
1310,16980
1310,16981
1310,5575
1310,5342
1310,7285
1310,7287
1310,16982
1310,12516
1310,5979
1310,16983
1310,6287
1310,5294
1310,5345
1310,4720
1310,9934
1310,9226
1310,4599
1311,16984
1311,16985
1311,16986
1311,2467
1311,16987
1311,4715
1311,16988
1311,16989
1311,16990
1311,4314
1311,6448
1311,4421
1311,7693
1311,16991
1311,16992
1311,5981
1311,14022
1311,6248
1311,4679
1311,16993
1311,7262
1311,5304
1311,4599
1311,16994
1311,16995
1311,16996
1311,16997
1311,16998
1312,16999
1312,5434
1312,17000
1312,17001
1312,17002
1312,17003
1312,17004
1312,17005
1312,5742
1312,6059
1312,17006
1312,17007
1312,17008
1312,5172
1312,17009
1312,17010
1312,17011
1312,17012
1312,17013
1312,17014
1312,17015
1312,17016
1312,17017
1312,17018
1312,17019
1312,17020
1312,17021
1312,17022
1312,17023
1312,17024
1312,17025
1312,17026
1312,12364
1312,17027
1312,17028
1312,17029
1312,17030
1312,17031
1312,17032
1312,17033
1312,10605
1312,9270
1313,17034
1313,17035
1313,17036
1313,17037
1313,17038
1313,5572
1313,17039
1313,9527
1313,17040
1313,14080
1313,17041
1313,5116
1313,5117
1313,6357
1313,17042
1313,17043
1313,17044
1313,6371
1313,17045
1313,17046
1313,17047
1313,12050
1313,4753
1313,17048
1313,6721
1313,17049
1313,17050
1313,17051
1313,17052
1313,17053
1313,10741
1313,17054
1313,17055
1313,17056
1313,12291
1313,17057
1313,17058
1313,17059
1313,4599
1313,5609
1313,4910
1313,17060
1313,17061
1313,17062
1313,17063
1314,11693
1314,2076
1314,5441
1314,11717
1314,8942
1314,11718
1314,17064
1314,11725
1314,11727
1314,17065
1314,17066
1314,17067
1314,8943
1314,11729
1314,17068
1314,4755
1314,17069
1314,17070
1314,17071
1314,5264
1314,12721
1314,12722
1314,15070
1314,17072
1314,4910
1314,11437
1315,5206
1315,17073
1315,17074
1315,17075
1315,17076
1315,17077
1315,17078
1315,17079
1315,17080
1315,17081
1315,17082
1315,17083
1315,17084
1315,6686
1315,17085
1315,17086
1315,17087
1315,17088
1315,17089
1315,17090
1315,17091
1315,9207
1315,17092
1315,17093
1315,17094
1315,17095
1315,17096
1315,17097
1315,4750
1315,17098
1315,17099
1315,3747
1315,17100
1315,17101
1315,17102
1315,4755
1315,17103
1315,17104
1315,17105
1315,17106
1315,17107
1315,17108
1315,5261
1315,17109
1315,4677
1315,17110
1315,5973
1315,4681
1315,17111
1315,5553
1315,17112
1315,17113
1315,17114
1315,17115
1315,17116
1316,17117
1316,17118
1316,13333
1316,5293
1316,17119
1316,17120
1316,4755
1316,7203
1316,17121
1316,11156
1316,9384
1316,6294
1316,6247
1316,13343
1316,10398
1316,4599
1316,7264
1316,17122
1316,5305
1316,4910
1316,17123
1316,4768
1316,5064
1317,17124
1317,7385
1317,7642
1317,17125
1317,17126
1317,17127
1317,7651
1317,17128
1317,17129
1317,4303
1317,7404
1317,7667
1317,6074
1317,6226
1317,4678
1317,5403
1317,4599
1317,5553
1317,17130
1317,17131
1317,5064
1317,12123
1317,8362
1318,17132
1318,15233
1318,17133
1318,17134
1318,17135
1318,15234
1318,17136
1318,6676
1318,17137
1318,17138
1318,17139
1318,6680
1318,12380
1318,17140
1318,17141
1318,17142
1318,17143
1318,12382
1318,17144
1318,17145
1318,12383
1318,12384
1318,17146
1318,11181
1318,17147
1318,17148
1318,4857
1318,17149
1318,17150
1318,12386
1318,12704
1318,17151
1318,3089
1318,17152
1318,17153
1318,17154
1318,17155
1318,17156
1318,16916
1318,12391
1318,17157
1318,17158
1318,17159
1318,17160
1318,17161
1318,17162
1318,17163
1318,15242
1318,12395
1318,5172
1318,4753
1318,17164
1318,5460
1318,12397
1318,17165
1318,17166
1318,17167
1318,17168
1318,8292
1318,4758
1318,4984
1318,17169
1318,17170
1318,5504
1318,17171
1318,17172
1318,6794
1318,12401
1318,17173
1318,17174
1318,4681
1318,17175
1318,17176
1318,17177
1318,17178
1318,17179
1318,17180
1318,17181
1318,17182
1318,17183
1318,17184
1318,4603
1320,5077
1320,4710
1320,6516
1320,17185
1320,17186
1320,17187
1320,17188
1320,17189
1320,17190
1320,17191
1320,8446
1320,5344
1320,17192
1320,4716
1320,4753
1320,17193
1320,17194
1320,17195
1320,17196
1320,4247
1320,17197
1320,17198
1320,9654
1320,4721
1320,6448
1320,17199
1320,17200
1320,17201
1320,17202
1320,8453
1320,10398
1320,17203
1320,17204
1320,4599
1320,17205
1320,17206
1320,17207
1320,17208
1320,17209
1320,17210
1320,17211
1320,4768
1320,7272
1320,17212
1321,17213
1321,17214
1321,17215
1321,17216
1321,7199
1321,17217
1321,4225
1321,17218
1321,4359
1321,7203
1321,17219
1321,7205
1321,16968
1321,17220
1321,7206
1321,17221
1321,7101
1321,4599
1321,17222
1321,4768
1321,17223
1321,4603
1324,17224
1324,17225
1324,17226
1324,5186
1324,5187
1324,5188
1324,17227
1324,17228
1324,17229
1324,17230
1324,17231
1324,9098
1324,17232
1324,5119
1324,5190
1324,12703
1324,17233
1324,17234
1324,17235
1324,12145
1324,17236
1324,5458
1324,3429
1324,12151
1324,9404
1324,8289
1324,3702
1324,17237
1324,6867
1324,4753
1324,7051
1324,5692
1324,17238
1324,17239
1324,11277
1324,17240
1324,12160
1324,17241
1324,17242
1324,4418
1324,10705
1324,5195
1324,5196
1324,5200
1324,17243
1324,5264
1324,5202
1324,8861
1324,13590
1324,4599
1324,5058
1324,4872
1324,12721
1324,12722
1324,5988
1324,12723
1324,12724
1324,4910
1324,4873
1324,12725
1324,5990
1324,5204
1324,9387
1325,17244
1325,1670
1325,5478
1325,17245
1325,1998
1325,17246
1325,17247
1325,10341
1325,6686
1325,4857
1325,17248
1325,2766
1325,17249
1325,9756
1325,3337
1325,15027
1325,9759
1325,7682
1325,6494
1325,17250
1325,17251
1325,3791
1325,7758
1325,17252
1325,5172
1325,17253
1325,17254
1325,17255
1325,4753
1325,5483
1325,4755
1325,5692
1325,4757
1325,17256
1325,17257
1325,4255
1325,7052
1325,6070
1325,12160
1325,7167
1325,10705
1325,10343
1325,10266
1325,4868
1325,4677
1325,7669
1325,4930
1325,6659
1325,4599
1325,17258
1325,4872
1325,5539
1325,12721
1325,12722
1325,17259
1325,5988
1325,4873
1325,17260
1325,12168
1325,17261
1325,4768
1325,5064
1325,4603
1325,4604
1325,17262
1326,9889
1326,17263
1326,17264
1326,17265
1326,17266
1326,17267
1326,12129
1326,17268
1326,17269
1326,12965
1326,17270
1326,12691
1326,12966
1326,17271
1326,12697
1326,17272
1326,12968
1326,5118
1326,17273
1326,12145
1326,12969
1326,12708
1326,9213
1326,12151
1326,12970
1326,12715
1326,12716
1326,8289
1326,12971
1326,4753
1326,7051
1326,17274
1326,5461
1326,17275
1326,17276
1326,9147
1326,12975
1326,12976
1326,5248
1326,12977
1326,5473
1326,17277
1326,17278
1326,12978
1327,1132
1327,17279
1327,17280
1327,17281
1327,1717
1327,17282
1327,17283
1327,2013
1327,17284
1327,17285
1327,17286
1327,17287
1327,2466
1327,6109
1327,9151
1327,17288
1327,17289
1327,17290
1327,17291
1327,3074
1327,3198
1327,3622
1327,11767
1327,17292
1327,17293
1327,17294
1327,17295
1327,11617
1327,17296
1327,11773
1327,5086
1327,11775
1327,17297
1327,7203
1327,6448
1327,17298
1327,17299
1327,17300
1327,17301
1327,11779
1327,7788
1327,7126
1327,7790
1327,6799
1327,4599
1327,5827
1327,7434
1327,17302
1327,17303
1328,15932
1328,5522
1328,3305
1328,17304
1328,5050
1328,5052
1328,5527
1328,17305
1328,17306
1328,17307
1328,17308
1328,17309
1328,4193
1328,15037
1328,10117
1328,15044
1328,17310
1328,6794
1328,17311
1328,5532
1328,6278
1328,17312
1328,17313
1328,17314
1328,5485
1328,17315
1328,17316
1328,12750
1328,6971
1328,5056
1328,4698
1328,17317
1328,5057
1328,12594
1328,4681
1328,4599
1328,4543
1328,5404
1328,5035
1328,4910
1328,17318
1328,17319
1328,17320
1328,5064
1328,5406
1329,17321
1329,17322
1329,17323
1329,17324
1329,17325
1329,1904
1329,17326
1329,17327
1329,2160
1329,17328
1329,17329
1329,17330
1329,17331
1329,17332
1329,17333
1329,14566
1329,17334
1329,17335
1329,17336
1329,4696
1329,17337
1329,17338
1329,17339
1329,17340
1329,17341
1329,17342
1329,5827
1329,17343
1329,17344
1330,4705
1330,4812
1330,17345
1330,6512
1330,11720
1330,2467
1330,17346
1330,17347
1330,6521
1330,16242
1330,17348
1330,4922
1330,14433
1330,5976
1330,2949
1330,3029
1330,17349
1330,4819
1330,12516
1330,5979
1330,17350
1330,17351
1330,7203
1330,17352
1330,17353
1330,17354
1330,4761
1330,17355
1330,4822
1330,4823
1330,17356
1330,17357
1330,12038
1330,4824
1330,8885
1330,17358
1330,4726
1330,17359
1330,4768
1330,17360
1330,8362
1331,15516
1331,17361
1331,17362
1331,4705
1331,1619
1331,17363
1331,13518
1331,17364
1331,17365
1331,17366
1331,12496
1331,4815
1331,12497
1331,17367
1331,17368
1331,17369
1331,12501
1331,17370
1331,9684
1331,12503
1331,12505
1331,4818
1331,12509
1331,12511
1331,9931
1331,5979
1331,17371
1331,3950
1331,6562
1331,9934
1331,17372
1331,4411
1331,3813
1331,9226
1331,4599
1331,4701
1331,17373
1331,17374
1331,17375
1331,17376
1331,17377
1331,6007
1331,13713
1331,17378
1331,17379
1332,1766
1332,5042
1332,1996
1332,2142
1332,2350
1332,17380
1332,9398
1332,2630
1332,4857
1332,5118
1332,2821
1332,17381
1332,17382
1332,3152
1332,6857
1332,6491
1332,5123
1332,3514
1332,3562
1332,3607
1332,15717
1332,17383
1332,3791
1332,3826
1332,3873
1332,4753
1332,4755
1332,4100
1332,4211
1332,5054
1332,4349
1332,4358
1332,6070
1332,12720
1332,4411
1332,4420
1332,9343
1332,4507
1332,4508
1332,4868
1332,5246
1332,5264
1332,5247
1332,7698
1332,6103
1332,4643
1332,9687
1332,4681
1332,4599
1332,4543
1332,4872
1332,5988
1332,4910
1332,5249
1332,17384
1332,17385
1332,17386
1332,5064
1332,9387
1333,17387
1333,17388
1333,4857
1333,17389
1333,17390
1333,17391
1333,17392
1333,17393
1333,17394
1333,17395
1333,11665
1333,17396
1333,17397
1333,17398
1333,17399
1333,17400
1333,17401
1333,12184
1333,17402
1333,17403
1333,17404
1333,17405
1333,17406
1333,13574
1333,4750
1333,17407
1333,5172
1333,17408
1333,4755
1333,17409
1333,17410
1333,17411
1333,17412
1333,17413
1333,17414
1333,17415
1333,17416
1333,17417
1333,17418
1333,4757
1333,4897
1333,4234
1333,17419
1333,17420
1333,17421
1333,17422
1333,10267
1333,17423
1333,4761
1333,4679
1333,6595
1333,17424
1333,7513
1333,17425
1333,17426
1333,16856
1333,17427
1333,17428
1333,5539
1333,17429
1333,10270
1333,17430
1333,17431
1333,17432
1333,17433
1334,17434
1334,17435
1334,17436
1334,1881
1334,1948
1334,17437
1334,17438
1334,17439
1334,5077
1334,17440
1334,17441
1334,17442
1334,17443
1334,2638
1334,17444
1334,17445
1334,17446
1334,17447
1334,3433
1334,17448
1334,17449
1334,17450
1334,17451
1334,17452
1334,17453
1334,4753
1334,17454
1334,6002
1334,17455
1334,15903
1334,17456
1334,17457
1334,17458
1334,17459
1334,14216
1334,17460
1334,17461
1334,6448
1334,9147
1334,7788
1334,7790
1334,17462
1334,17463
1334,17464
1334,17465
1334,17466
1335,17467
1335,2073
1335,17468
1335,8470
1335,17469
1335,2480
1335,17470
1335,17471
1335,8465
1335,17472
1335,5118
1335,17473
1335,17474
1335,8471
1335,8472
1335,17475
1335,17476
1335,17477
1335,17478
1335,8478
1335,17479
1335,8728
1335,17480
1335,17481
1335,17482
1335,15037
1335,17483
1335,11414
1335,4696
1335,5398
1335,13728
1335,7764
1335,15044
1335,11418
1335,6874
1335,8486
1335,17484
1335,12593
1335,17485
1335,11781
1335,6971
1335,17486
1335,17487
1335,5403
1335,17488
1335,4599
1335,17489
1335,5404
1335,6885
1335,17490
1335,17491
1335,8493
1335,17492
1335,17493
1335,5059
1335,17494
1335,17495
1335,17496
1335,8497
1335,7411
1335,4768
1335,5406
1336,17497
1336,15890
1336,17498
1336,17499
1336,17500
1336,17501
1336,2544
1336,15893
1336,17502
1336,17503
1336,17504
1336,15897
1336,17505
1336,17506
1336,3132
1336,17507
1336,17508
1336,17509
1336,15898
1336,3424
1336,17510
1336,17511
1336,17512
1336,17513
1336,17514
1336,3722
1336,3894
1336,10627
1336,4194
1336,14489
1336,17515
1336,17516
1336,15905
1336,4314
1336,4349
1336,10486
1336,17517
1336,4410
1336,4439
1336,4676
1336,4587
1336,4458
1336,7096
1336,4593
1336,4761
1336,6659
1336,4599
1336,5990
1336,10754
1337,17518
1337,17519
1337,17520
1337,17521
1337,17522
1337,17523
1337,17524
1337,17525
1337,17526
1337,17527
1337,17528
1337,10190
1337,17529
1337,17530
1337,10110
1337,17531
1337,17532
1337,17533
1337,17534
1337,17535
1337,17536
1337,17537
1337,17538
1337,17539
1337,17540
1337,17541
1337,17542
1337,17543
1337,4421
1337,17544
1337,4761
1337,17545
1337,17546
1337,4599
1337,17547
1337,4703
1337,17548
1337,17549
1337,17550
1337,17551
1337,17552
1337,17553
1338,2022
1338,2070
1338,17554
1338,2507
1338,7414
1338,2687
1338,7297
1338,2957
1338,4883
1338,17555
1338,3343
1338,3400
1338,3424
1338,3722
1338,3859
1338,5980
1338,13241
1338,7732
1338,5483
1338,3985
1338,5874
1338,4267
1338,4758
1338,4984
1338,4393
1338,13058
1338,4458
1338,7096
1338,6794
1338,4593
1338,6247
1338,8412
1338,12419
1338,5987
1338,6726
1338,5267
1338,4643
1338,4681
1338,4786
1338,5304
1338,4787
1338,5464
1338,12224
1338,4599
1338,5553
1338,5539
1338,5609
1338,7430
1338,5064
1338,4603
1339,10316
1339,17556
1339,9151
1339,17557
1339,2964
1339,17558
1339,17559
1339,3306
1339,17560
1339,10325
1339,17561
1339,3682
1339,17562
1339,3780
1339,10326
1339,17563
1339,3995
1339,4189
1339,6310
1339,17564
1339,7783
1339,4330
1339,11777
1339,17565
1339,4439
1339,17566
1339,4466
1339,7784
1339,4486
1339,8188
1339,17567
1339,4698
1339,4599
1339,4543
1339,10331
1339,17568
1339,17569
1339,6136
1339,10337
1340,17570
1340,17571
1340,17572
1340,17573
1340,17574
1340,6064
1340,4034
1340,17575
1340,10415
1340,16573
1340,17275
1340,7403
1340,5399
1340,17576
1340,6591
1340,5248
1340,5403
1340,6384
1340,12978
1343,1998
1343,2070
1343,2449
1343,2605
1343,2626
1343,2766
1343,12708
1343,3306
1343,17577
1343,3400
1343,7637
1343,3424
1343,17578
1343,17579
1343,17580
1343,10392
1343,3825
1343,17581
1343,3859
1343,17582
1343,17583
1343,5545
1343,11772
1343,10407
1343,7655
1343,4349
1343,17584
1343,17585
1343,4439
1343,4676
1343,5970
1343,8188
1343,4593
1343,4868
1343,4678
1343,12419
1343,4679
1343,6619
1343,4643
1343,4681
1343,4599
1343,4543
1343,5553
1343,4910
1343,17586
1343,16206
1343,5064
1343,4603
1345,17587
1345,17588
1345,17589
1345,17590
1345,17591
1345,17592
1345,17593
1345,17594
1345,17595
1345,13472
1345,17596
1345,17597
1345,17598
1345,3622
1345,6061
1345,17599
1345,17600
1345,17601
1345,6064
1345,5392
1345,17602
1345,17603
1345,17604
1345,6121
1345,4758
1345,17605
1345,5398
1345,11417
1345,13496
1345,17606
1345,17607
1345,5399
1345,13497
1345,5403
1345,4599
1345,6130
1345,6131
1345,17608
1345,6136
1346,17609
1346,17610
1346,10562
1346,17611
1346,9635
1346,10103
1346,2437
1346,17612
1346,16600
1346,12843
1346,17613
1346,17614
1346,17615
1346,16609
1346,17616
1346,15469
1346,17617
1346,6955
1346,16617
1346,8476
1346,17618
1346,17619
1346,17620
1346,4716
1346,7989
1346,17621
1346,17622
1346,17623
1346,17624
1346,13798
1346,5873
1346,7924
1346,17625
1346,17626
1346,17627
1346,17628
1346,17629
1346,12719
1346,10741
1346,6070
1346,17630
1346,17631
1346,17632
1346,8685
1346,6565
1346,17633
1346,17634
1346,17635
1346,13807
1346,10122
1346,5532
1346,17636
1346,17637
1346,17638
1346,12750
1346,16203
1346,6103
1346,6971
1346,17639
1346,8692
1346,5057
1346,16482
1346,11424
1346,17640
1346,17641
1346,5464
1346,4765
1346,17642
1346,4910
1346,17643
1346,5059
1346,17644
1346,17645
1346,17646
1346,17647
1346,5898
1346,16208
1346,17648
1346,5064
1347,7802
1347,5118
1347,4922
1347,2867
1347,17649
1347,17650
1347,8476
1347,3655
1347,3753
1347,3982
1347,17651
1347,5087
1347,12719
1347,12245
1347,17652
1347,6448
1347,17653
1347,17654
1347,17655
1347,17656
1347,9602
1347,7334
1347,17657
1347,17658
1347,4768
1347,17659
1348,17660
1348,17661
1348,6512
1348,17662
1348,17663
1348,17664
1348,17665
1348,8877
1348,7854
1348,17666
1348,5979
1348,17667
1348,4924
1348,17668
1348,17669
1348,6533
1348,5087
1348,4985
1348,17670
1348,6537
1348,17671
1348,4821
1348,4768
1349,17672
1349,17673
1349,17674
1349,7443
1349,17675
1349,7448
1349,17676
1349,17677
1349,17678
1349,17679
1349,17680
1349,2819
1349,17681
1349,3069
1349,7455
1349,3169
1349,3507
1349,3563
1349,17682
1349,17683
1349,17684
1349,3945
1349,17685
1349,3985
1349,17686
1349,4189
1349,17687
1349,4349
1349,17688
1349,4368
1349,7694
1349,4437
1349,17689
1349,4991
1349,4599
1349,6234
1349,4543
1349,17690
1349,17691
1349,17692
1349,17693
1349,4910
1349,9875
1349,5006
1349,17694
1349,17695
1349,12013
1349,17696
1350,17697
1350,17698
1350,17699
1350,17700
1350,17701
1350,17702
1350,17703
1350,17704
1350,5074
1350,17705
1350,17706
1350,7324
1350,8783
1350,17707
1350,17708
1350,17709
1350,17710
1350,17711
1350,17712
1350,17713
1350,10459
1350,17714
1350,4968
1350,8788
1350,5116
1350,4857
1350,17715
1350,5117
1350,17716
1350,17717
1350,17718
1350,5156
1350,17719
1350,17720
1350,4973
1350,4738
1350,4740
1350,17721
1350,6371
1350,4748
1350,4750
1350,5172
1350,17722
1350,17723
1350,4753
1350,10791
1350,17724
1350,4760
1350,4762
1350,15064
1350,4597
1350,4764
1350,17725
1351,1560
1351,6469
1351,17726
1351,1930
1351,5071
1351,5283
1351,6472
1351,8464
1351,5341
1351,9617
1351,5289
1351,9618
1351,5118
1351,5124
1351,17727
1351,4716
1351,17728
1351,6867
1351,7200
1351,5295
1351,5908
1351,5296
1351,16963
1351,5298
1351,6293
1351,5300
1351,11924
1351,4599
1351,17729
1351,5307
1352,5478
1352,17730
1352,2002
1352,10649
1352,2260
1352,2299
1352,2491
1352,17731
1352,2505
1352,2549
1352,2615
1352,2626
1352,5117
1352,14875
1352,5866
1352,9364
1352,12141
1352,17732
1352,7043
1352,4883
1352,3230
1352,17733
1352,3306
1352,3337
1352,3343
1352,3366
1352,17734
1352,3400
1352,3424
1352,5123
1352,5742
1352,3571
1352,4750
1352,3611
1352,3791
1352,13235
1352,7302
1352,5986
1352,3859
1352,4753
1352,7732
1352,5483
1352,3997
1352,4755
1352,4099
1352,4186
1352,4194
1352,4349
1352,4393
1352,4777
1352,5261
1352,4437
1352,4439
1352,4676
1352,4446
1352,4458
1352,7096
1352,15337
1352,4499
1352,8188
1352,4593
1352,5485
1352,4761
1352,5987
1352,4595
1352,4698
1352,6497
1352,4681
1352,4599
1352,4543
1352,5609
1352,5486
1352,4910
1352,17261
1352,5991
1352,4805
1352,17735
1352,5064
1353,17736
1353,17737
1353,17738
1353,17739
1353,17740
1353,17741
1353,17742
1353,3294
1353,17743
1353,15391
1353,17744
1353,11768
1353,11770
1353,15401
1353,15406
1353,12591
1353,6970
1353,17745
1353,11781
1353,6971
1353,5057
1353,17746
1354,4705
1354,17747
1354,17748
1354,17749
1354,7845
1354,17750
1354,4922
1354,8502
1354,17751
1354,4720
1354,4241
1354,5530
1354,17752
1354,17753
1354,17754
1354,11260
1354,6247
1354,4761
1354,5353
1354,5057
1354,4539
1354,17755
1354,16447
1354,5269
1354,4599
1354,8492
1354,8509
1354,16545
1354,17756
1354,4768
1354,5358
1355,17757
1355,2560
1355,12280
1355,2646
1355,2647
1355,4922
1355,12180
1355,7455
1355,12285
1355,4883
1355,3306
1355,5122
1355,4715
1355,17758
1355,3424
1355,17759
1355,17760
1355,3859
1355,6867
1355,4753
1355,6002
1355,5483
1355,17761
1355,4755
1355,17762
1355,17763
1355,4189
1355,4720
1355,14349
1355,17764
1355,17765
1355,17766
1355,4289
1355,8903
1355,5087
1355,17767
1355,17768
1355,4985
1355,4349
1355,4368
1355,6448
1355,17769
1355,4439
1355,10343
1355,5981
1355,4761
1355,17770
1355,13344
1355,17771
1355,4599
1355,4543
1355,17772
1355,4910
1355,17773
1355,17774
1355,17775
1355,17776
1355,16073
1355,17777
1355,4768
1355,17778
1356,17779
1356,14241
1356,14242
1356,14243
1356,7414
1356,2687
1356,5520
1356,17780
1356,14246
1356,14247
1356,17781
1356,5522
1356,17782
1356,3400
1356,3424
1356,9404
1356,9725
1356,3550
1356,17783
1356,8289
1356,17784
1356,17785
1356,5526
1356,5527
1356,4862
1356,4753
1356,17786
1356,6905
1356,4193
1356,5874
1356,17787
1356,7420
1356,17788
1356,17789
1356,17790
1356,17791
1356,17792
1356,17793
1356,17794
1356,6910
1356,14253
1356,17795
1356,17796
1356,17797
1356,5534
1356,4595
1356,17798
1356,6971
1356,5057
1356,12594
1356,17799
1356,17800
1356,5537
1356,17801
1356,14256
1356,17802
1356,14257
1356,17803
1356,5991
1356,17804
1356,17805
1356,17806
1356,17807
1360,17808
1360,17809
1360,17810
1360,17811
1360,17812
1360,17813
1360,17814
1360,17815
1360,3789
1360,17816
1360,17817
1360,4189
1360,17818
1360,17819
1360,17820
1360,17821
1360,17822
1360,17823
1362,17824
1362,9075
1362,10513
1362,17825
1362,17826
1362,17827
1362,17828
1362,17829
1362,17830
1362,17831
1362,15522
1362,16725
1362,12825
1362,17832
1362,17833
1362,17834
1362,4189
1362,12158
1362,17835
1362,17836
1362,6533
1362,4758
1362,7203
1362,17837
1362,17838
1362,17839
1362,17840
1362,7206
1362,17841
1362,9602
1362,17842
1362,17843
1362,17844
1362,17845
1362,16229
1362,17846
1362,17847
1362,15277
1363,17848
1363,17849
1363,13927
1363,17850
1363,12512
1363,4922
1363,17851
1363,17852
1363,3476
1363,4189
1363,17853
1363,17854
1363,4761
1363,4599
1363,17855
1363,4768
1363,4729
1363,17856
1364,13136
1364,17857
1364,17858
1364,11898
1364,15469
1364,17859
1364,17860
1364,17861
1364,4349
1364,17862
1364,4358
1364,13728
1364,17863
1364,17864
1364,17865
1364,17866
1364,17867
1364,4676
1364,4458
1364,7096
1364,17868
1364,17869
1364,17870
1364,4508
1364,17871
1364,4593
1364,17872
1364,4679
1364,17873
1364,4543
1364,4910
1365,1759
1365,17874
1365,17875
1365,17876
1365,6066
1365,7398
1365,17877
1365,6069
1365,5399
1365,6074
1365,7426
1365,5987
1365,5403
1365,17878
1365,5064
1366,17879
1366,17880
1366,17881
1366,17882
1366,17883
1366,17884
1366,17885
1366,17886
1366,17887
1366,17888
1366,17889
1366,17890
1366,17891
1366,17892
1366,17893
1366,17894
1366,17895
1366,17896
1366,17897
1366,17898
1366,17899
1366,17900
1366,17901
1366,17902
1366,17903
1366,17904
1366,17905
1366,17906
1366,17907
1366,17908
1366,17909
1366,14543
1366,17910
1366,17911
1366,17912
1366,17913
1366,17914
1366,17915
1366,17916
1366,4761
1366,17917
1366,4599
1366,17918
1366,17919
1367,2422
1367,17920
1367,17921
1367,2803
1367,17922
1367,3237
1367,3265
1367,17923
1367,17924
1367,3571
1367,17925
1367,17926
1367,10392
1367,3893
1367,3923
1367,3934
1367,17927
1367,17928
1367,5589
1367,17929
1367,5592
1367,4696
1367,17930
1367,4358
1367,17931
1367,4777
1367,4410
1367,5547
1367,15922
1367,4439
1367,4779
1367,17932
1367,4458
1367,16024
1367,17933
1367,14907
1367,17934
1367,6248
1367,4678
1367,12419
1367,4595
1367,4787
1367,4599
1367,4543
1367,5609
1368,17935
1368,5028
1368,17936
1368,9591
1368,17937
1368,17938
1368,17939
1368,11070
1368,17940
1369,15929
1369,2002
1369,7414
1369,2761
1369,3337
1369,3424
1369,3722
1369,3859
1369,3950
1369,3981
1369,3985
1369,17941
1369,17942
1369,4234
1369,4267
1369,7052
1369,4349
1369,17943
1369,4368
1369,4377
1369,4393
1369,7093
1369,4410
1369,3813
1369,7580
1369,4437
1369,4439
1369,4676
1369,4446
1369,4458
1369,7096
1369,9345
1369,5970
1369,7468
1369,17944
1369,5981
1369,5301
1369,4593
1369,4868
1369,6247
1369,4783
1369,12419
1369,4679
1369,5987
1369,4595
1369,11919
1369,4698
1369,5267
1369,5973
1369,4643
1369,4681
1369,8189
1369,4787
1369,4599
1369,4543
1369,5553
1369,5539
1369,5609
1369,17945
1369,5991
1369,4768
1369,10092
1369,5064
1369,17946
1369,7113
1370,17947
1370,17948
1370,17949
1370,17950
1370,17951
1370,17952
1370,17953
1370,17954
1370,17955
1370,17956
1370,17957
1370,17958
1370,3019
1370,3033
1370,3167
1370,17959
1370,17960
1370,17961
1370,17962
1370,9372
1370,17963
1370,17964
1370,17965
1370,9650
1370,17966
1370,3700
1370,17967
1370,17968
1370,17969
1370,17970
1370,3768
1370,17971
1370,5348
1370,17972
1370,17973
1370,17974
1370,5349
1370,17975
1370,17976
1370,17977
1370,9378
1370,3962
1370,17978
1370,4084
1370,17979
1370,17980
1370,17981
1370,17982
1370,4189
1370,17983
1370,17984
1370,9379
1370,17985
1370,17986
1370,16961
1370,17987
1370,7052
1370,4286
1370,17988
1370,9407
1370,17989
1370,17990
1370,4319
1370,17991
1370,17992
1370,9408
1370,17993
1370,6978
1370,17994
1370,17995
1370,17996
1370,4380
1370,17997
1370,6448
1370,17998
1370,17999
1370,11156
1370,18000
1370,18001
1370,18002
1370,6292
1370,18003
1370,18004
1370,18005
1370,18006
1370,18007
1370,9384
1370,18008
1370,6246
1370,18009
1370,18010
1370,18011
1370,18012
1370,18013
1370,18014
1370,5981
1370,18015
1370,6247
1370,18016
1370,18017
1370,18018
1370,18019
1370,10989
1370,5606
1370,7258
1370,18020
1370,10397
1370,18021
1370,4643
1370,18022
1370,18023
1370,5269
1370,5304
1370,4599
1370,18024
1370,5539
1370,18025
1370,18026
1370,18027
1370,18028
1370,18029
1370,18030
1370,18031
1370,18032
1370,7113
1370,18033
1370,18034
1370,18035
1370,18036
1371,18037
1371,18038
1371,18039
1371,18040
1371,18041
1371,7491
1371,18042
1371,18043
1371,18044
1371,18045
1371,18046
1371,18047
1371,18048
1371,4189
1371,18049
1371,18050
1371,18051
1371,18052
1371,18053
1371,18054
1371,18055
1371,18056
1371,18057
1371,4821
1371,18058
1371,7309
1371,18059
1371,18060
1371,18061
1372,18062
1372,18063
1372,18064
1372,18065
1372,18066
1372,18067
1372,18068
1372,18069
1372,2409
1372,18070
1372,9849
1372,18071
1372,18072
1372,13196
1372,3306
1372,18073
1372,18074
1372,3789
1372,3763
1372,14489
1372,18075
1372,5264
1372,4599
1372,4844
1372,18076
1372,18077
1372,18078
1372,18079
1373,18080
1373,18081
1373,18082
1373,18083
1373,18084
1373,18085
1373,18086
1373,11256
1373,18087
1373,18088
1373,12824
1373,4149
1373,6712
1373,18089
1373,4350
1373,4359
1373,18090
1373,4368
1373,4377
1373,4378
1373,18091
1373,7764
1373,4426
1373,6452
1373,5981
1373,4677
1373,10427
1373,7099
1373,7768
1373,4599
1373,5827
1373,7475
1373,18092
1373,18093
1373,18094
1373,4768
1373,12297
1373,7113
1374,18095
1374,18096
1374,18097
1374,18098
1374,18099
1374,2700
1374,18100
1374,18101
1374,18102
1374,18103
1374,18104
1374,18105
1374,18106
1374,18107
1374,18108
1374,18109
1374,18110
1374,18111
1374,15088
1374,5742
1374,18112
1374,18113
1374,18114
1374,18115
1374,10392
1374,18116
1374,18117
1374,18118
1374,18119
1374,18120
1374,4753
1374,18121
1374,18122
1374,18123
1374,5586
1374,18124
1374,18125
1374,18126
1374,4582
1374,18127
1374,18128
1374,18129
1374,15922
1374,18130
1374,18131
1374,18132
1374,4677
1374,4761
1374,18133
1374,14254
1374,18134
1374,18135
1374,4681
1374,4787
1374,18136
1374,18137
1374,4682
1375,18138
1375,18139
1375,18140
1375,18141
1375,18142
1375,18143
1375,18144
1375,18145
1375,9796
1375,18146
1375,18147
1375,18148
1375,18149
1375,18150
1375,18151
1375,18152
1375,18153
1375,18154
1375,18155
1375,18156
1375,18157
1375,18158
1375,18159
1375,18160
1375,18161
1375,18162
1375,18163
1375,18164
1375,18165
1375,18166
1375,18167
1375,18168
1375,18169
1375,18170
1375,18171
1375,18172
1375,18173
1375,18174
1375,18175
1375,18176
1375,18177
1375,18178
1375,18179
1375,9808
1375,18180
1375,18181
1375,18182
1375,18183
1375,18184
1375,18185
1375,18186
1375,18187
1375,18188
1375,18189
1375,18190
1375,8215
1375,9815
1375,18191
1375,18192
1375,5973
1375,18193
1375,18194
1375,18195
1375,5464
1375,5827
1375,7900
1375,18196
1375,18197
1375,18198
1375,14388
1375,18199
1375,18200
1375,18201
1375,18202
1375,4910
1375,18203
1375,18204
1375,9826
1375,9828
1375,18205
1375,18206
1375,18207
1375,18208
1375,18209
1375,18210
1375,18211
1375,18212
1375,18213
1375,18214
1375,18215
1375,18216
1375,18217
1375,18218
1376,18219
1376,7500
1376,18220
1376,7513
1376,18221
1376,18222
1376,18223
1376,18224
1376,18225
1376,18226
1376,18227
1376,18228
1376,18229
1377,18230
1377,18231
1377,18232
1377,18233
1377,18234
1377,18235
1377,18236
1377,18237
1377,18238
1377,18239
1377,18240
1377,18241
1377,18242
1377,18243
1377,18244
1377,18245
1377,18246
1377,18247
1377,18248
1377,18249
1377,18250
1377,18251
1378,18252
1378,18253
1378,18254
1378,18255
1378,12234
1378,18256
1378,2056
1378,18257
1378,18258
1378,18259
1378,18260
1378,18261
1378,18262
1378,18263
1378,7845
1378,5290
1378,18264
1378,7678
1378,7457
1378,5371
1378,4716
1378,14488
1378,4720
1378,18265
1378,4359
1378,4368
1378,9147
1378,5981
1378,4761
1378,17755
1378,4599
1378,14092
1378,18266
1378,18267
1378,4768
1379,18268
1379,7184
1379,7186
1379,18269
1379,18270
1379,18271
1379,18272
1379,18273
1379,5336
1379,18274
1379,18275
1379,18276
1379,18277
1379,18278
1379,14657
1379,18279
1379,11140
1379,6572
1379,8498
1379,11292
1379,18280
1379,6282
1379,6472
1379,6996
1379,11250
1379,18281
1379,8464
1379,18282
1379,18283
1379,18284
1379,18285
1379,18286
1379,18287
1379,18288
1379,18289
1379,7192
1379,4920
1379,2486
1379,13169
1379,2546
1379,18290
1379,6285
1379,7616
1379,5118
1379,14674
1379,7001
1379,8716
1379,18291
1379,18292
1379,6574
1379,18293
1379,18294
1379,18295
1379,8944
1379,18296
1379,18297
1379,6580
1379,18298
1379,5627
1379,12437
1379,9933
1379,12243
1379,18299
1379,5296
1379,18300
1379,16871
1379,13246
1379,12244
1379,18265
1379,14514
1379,12438
1379,18301
1379,13247
1379,18302
1379,18303
1379,5298
1379,9147
1379,11673
1379,6293
1379,7546
1379,18304
1379,18305
1379,5300
1379,5301
1379,6247
1379,4677
1379,4761
1379,4930
1379,4539
1379,11349
1379,6599
1379,5304
1379,4599
1379,18306
1379,18307
1379,18308
1379,8511
1379,18309
1379,18310
1379,5307
1380,2065
1380,18311
1380,18312
1380,2486
1380,6000
1380,5290
1380,5976
1380,5977
1380,5978
1380,8466
1380,6652
1380,18313
1380,9588
1380,4716
1380,3997
1380,18314
1380,4105
1380,5086
1380,4359
1380,4377
1380,4439
1380,4458
1380,7096
1380,4539
1380,13941
1380,4599
1380,6627
1380,5381
1380,4729
1380,12297
1382,18315
1382,18316
1382,12374
1382,12376
1382,18317
1382,7319
1382,7320
1382,18318
1382,18319
1382,18320
1382,18321
1382,12381
1382,18322
1382,18323
1382,18324
1382,2880
1382,2884
1382,5976
1382,18325
1382,18326
1382,6651
1382,18327
1382,18328
1382,18329
1382,18330
1382,18331
1382,18332
1382,8351
1382,18333
1382,18334
1382,18335
1382,18336
1382,18337
1382,18338
1382,4205
1382,4280
1382,5087
1382,18339
1382,18340
1382,18341
1382,18342
1382,16872
1382,4681
1382,18343
1382,4599
1382,18344
1382,18345
1382,18346
1382,18347
1382,18348
1382,5064
1382,18349
1383,11438
1383,8461
1383,9682
1383,18350
1383,2014
1383,18351
1383,18352
1383,18353
1383,18354
1383,11064
1383,5290
1383,18355
1383,6001
1383,12512
1383,7197
1383,18356
1383,9698
1383,3075
1383,9485
1383,6479
1383,10062
1383,5122
1383,12516
1383,5344
1383,18357
1383,18358
1383,5371
1383,18359
1383,18360
1383,18361
1383,3876
1383,18362
1383,18363
1383,4189
1383,4720
1383,4985
1383,14218
1383,4427
1383,18364
1383,8412
1383,5485
1383,4542
1383,4599
1383,18365
1383,18366
1383,18367
1383,5990
1383,10754
1383,18368
1383,18369
1384,15529
1384,18370
1384,15530
1384,2189
1384,15531
1384,6350
1384,4920
1384,16949
1384,2546
1384,5290
1384,5118
1384,4922
1384,2923
1384,2949
1384,18371
1384,10058
1384,10062
1384,12516
1384,5344
1384,5124
1384,4716
1384,7200
1384,5908
1384,18372
1384,17764
1384,18373
1384,4387
1384,18374
1384,7207
1384,4539
1384,4599
1384,18375
1384,5249
1384,5785
1384,18376
1384,18377
1385,18378
1385,18379
1385,4705
1385,18380
1385,18381
1385,7319
1385,18382
1385,18383
1385,18384
1385,2296
1385,18385
1385,18386
1385,18387
1385,7219
1385,18388
1385,6268
1385,18389
1385,18390
1385,18391
1385,3395
1385,18392
1385,18393
1385,18394
1385,18395
1385,18396
1385,16418
1385,18397
1385,16419
1385,4761
1385,18398
1385,18399
1385,18400
1386,18401
1386,18402
1386,18403
1386,18404
1386,18405
1386,18406
1386,18407
1386,18408
1386,18409
1386,18410
1386,18411
1386,18412
1386,18413
1386,18414
1386,18415
1386,18416
1386,18417
1386,18418
1386,18419
1386,18420
1386,18421
1386,18422
1386,18423
1386,4189
1386,16573
1386,4758
1386,7401
1386,4984
1386,18424
1386,18425
1386,18426
1386,18427
1386,18428
1386,18429
1386,4761
1386,4994
1386,5566
1386,5827
1386,10271
1386,18430
1386,18431
1386,18432
1386,18433
1386,18434
1387,18435
1387,2521
1387,9398
1387,18436
1387,2821
1387,7982
1387,18437
1387,7043
1387,12848
1387,6857
1387,3299
1387,10704
1387,3514
1387,3521
1387,5742
1387,15717
1387,18438
1387,18439
1387,18440
1387,5054
1387,6696
1387,9342
1387,4420
1387,7167
1387,9343
1387,18441
1387,18442
1387,5246
1387,4524
1387,18443
1387,18444
1387,4643
1387,4681
1387,4599
1387,5553
1387,10605
1387,18445
1388,18446
1388,6468
1388,4705
1388,1651
1388,15456
1388,1718
1388,18447
1388,12231
1388,16879
1388,8436
1388,1930
1388,5337
1388,18448
1388,8498
1388,18449
1388,18450
1388,18451
1388,2056
1388,2064
1388,2090
1388,9612
1388,6645
1388,6472
1388,18452
1388,12381
1388,5338
1388,5340
1388,6350
1388,10213
1388,2486
1388,5341
1388,18453
1388,2546
1388,5575
1388,13888
1388,18454
1388,11339
1388,18455
1388,5290
1388,6001
1388,4922
1388,9205
1388,18456
1388,18457
1388,5122
1388,4715
1388,18458
1388,6864
1388,9588
1388,18459
1388,18460
1388,12437
1388,6002
1388,9932
1388,4720
1388,18461
1388,5086
1388,13380
1388,5087
1388,5296
1388,18265
1388,4359
1388,4377
1388,6448
1388,5298
1388,4439
1388,4458
1388,18462
1388,6293
1388,10084
1388,5300
1388,4677
1388,4821
1388,18463
1388,4539
1388,11349
1388,18464
1388,4599
1388,18465
1388,8511
1388,18466
1388,18467
1388,4768
1388,18468
1390,18469
1390,17148
1390,18470
1390,2727
1390,2798
1390,18471
1390,18472
1390,18473
1390,18474
1390,18475
1390,10059
1390,18476
1390,18477
1390,18478
1390,5458
1390,18479
1390,12712
1390,18480
1390,9404
1390,5344
1390,12970
1390,18481
1390,18482
1390,6371
1390,6493
1390,8289
1390,18483
1390,17784
1390,10392
1390,6867
1390,18484
1390,18485
1390,12156
1390,10114
1390,4753
1390,17408
1390,18486
1390,18487
1390,18488
1390,4720
1390,4234
1390,18489
1390,18490
1390,18491
1390,18492
1390,4437
1390,5504
1390,18493
1390,18494
1390,4595
1390,5506
1390,18495
1390,10751
1390,4599
1390,5609
1390,18496
1390,15942
1390,5249
1390,18497
1390,18498
1390,18499
1390,18500
1390,18501
1390,4729
1390,18502
1390,5512
1390,18503
1391,6469
1391,4705
1391,1619
1391,18504
1391,18505
1391,5618
1391,8436
1391,2070
1391,12381
1391,7806
1391,2475
1391,9077
1391,6285
1391,9618
1391,7287
1391,2869
1391,5979
1391,5124
1391,3825
1391,4090
1391,5295
1391,4189
1391,6712
1391,16961
1391,11861
1391,5086
1391,4289
1391,11646
1391,9769
1391,4349
1391,4359
1391,4368
1391,4383
1391,4411
1391,10194
1391,18506
1391,5298
1391,7882
1391,18507
1391,4437
1391,4458
1391,7425
1391,5485
1391,18508
1391,18509
1391,4698
1391,4539
1391,4599
1391,5827
1391,18510
1391,7111
1391,4768
1391,5307
1391,18511
1392,1851
1392,18512
1392,18513
1392,18514
1392,18515
1392,9396
1392,18516
1392,9098
1392,8876
1392,2615
1392,18517
1392,18518
1392,18519
1392,18520
1392,3596
1392,18521
1392,3702
1392,18522
1392,18523
1392,18524
1392,18525
1392,18526
1392,9108
1392,4377
1392,4418
1392,18527
1392,18528
1392,4479
1392,5198
1392,18529
1392,18530
1392,5200
1392,5201
1392,5202
1392,18531
1392,8861
1392,4681
1392,13590
1392,4599
1392,5058
1392,13591
1392,9884
1392,18532
1392,5064
1393,18533
1393,18534
1393,18535
1393,18536
1393,18537
1393,18538
1393,18539
1393,18540
1393,18541
1393,18542
1393,18543
1393,18544
1393,18545
1393,18546
1393,18547
1393,18548
1393,7046
1393,18549
1393,18550
1393,18551
1393,18552
1393,18553
1393,18554
1393,18555
1393,4716
1393,18556
1393,18557
1393,4753
1393,18558
1393,6904
1393,18559
1393,18560
1393,18561
1393,18562
1393,18563
1393,18564
1393,5772
1393,18565
1393,18566
1393,18567
1393,18568
1393,7420
1393,4758
1393,18569
1393,14251
1393,18570
1393,18571
1393,18572
1393,9341
1393,18573
1393,18574
1393,18575
1393,15603
1393,5818
1393,18576
1393,9147
1393,18577
1393,18578
1393,6794
1393,18579
1393,8967
1393,18580
1393,7424
1393,6278
1393,18581
1393,18582
1393,14253
1393,18583
1393,4677
1393,18584
1393,18585
1393,8414
1393,18586
1393,4679
1393,18587
1393,7427
1393,18588
1393,18589
1393,5534
1393,18590
1393,10269
1393,18591
1393,18592
1393,18593
1393,18594
1393,6076
1393,4681
1393,17801
1393,18595
1393,5304
1393,4787
1393,13809
1393,18596
1393,5609
1393,18597
1393,18598
1393,18599
1393,18600
1393,18601
1393,10271
1393,18602
1393,18603
1393,18266
1393,6384
1393,18604
1393,18605
1393,4768
1393,7436
1394,1922
1394,18606
1394,18607
1394,8648
1394,16707
1394,18608
1394,18609
1394,18610
1394,18611
1394,18612
1394,18613
1394,18614
1394,18615
1394,18616
1394,18617
1394,18618
1394,17273
1394,4922
1394,12970
1394,4716
1394,4753
1394,10220
1394,4755
1394,18619
1394,18620
1394,10222
1394,18621
1394,5827
1394,18622
1394,18623
1394,8509
1395,18624
1395,18625
1395,18626
1395,18627
1395,18628
1395,18629
1395,18630
1395,18631
1395,18632
1395,13120
1395,18633
1395,7228
1395,18396
1395,16419
1395,18634
1395,7230
1395,4192
1395,18635
1395,18636
1395,18637
1395,18638
1395,18639
1395,18640
1395,10946
1395,18641
1395,18642
1395,18643
1395,18644
1396,18645
1396,4705
1396,18646
1396,18647
1396,18648
1396,18649
1396,18650
1396,18651
1396,17824
1396,18652
1396,6513
1396,18653
1396,18654
1396,18655
1396,16243
1396,18656
1396,18657
1396,18658
1396,18659
1396,17825
1396,18660
1396,18661
1396,18662
1396,18663
1396,18664
1396,17828
1396,15445
1396,18665
1396,18666
1396,12824
1396,18667
1396,12825
1396,18668
1396,17834
1396,18669
1396,12158
1396,17836
1396,18670
1396,4985
1396,18671
1396,16250
1396,6794
1396,18672
1396,18673
1396,12082
1396,17801
1396,18674
1396,18675
1396,18676
1396,10051
1396,18677
1396,18678
1396,18679
1396,17845
1396,18680
1396,4768
1396,10775
1396,18681
1397,18682
1397,18683
1397,18684
1397,18685
1397,18686
1397,18687
1397,18688
1397,18689
1397,5948
1397,18690
1397,18691
1397,18692
1397,1956
1397,18693
1397,18694
1397,18695
1397,18696
1397,18697
1397,18698
1397,18699
1397,18700
1397,18701
1397,18702
1397,7820
1397,5341
1397,6000
1397,2579
1397,18703
1397,18704
1397,18705
1397,18706
1397,18264
1397,18707
1397,18708
1397,5118
1397,4922
1397,18709
1397,18710
1397,18711
1397,18712
1397,18713
1397,3306
1397,18714
1397,3555
1397,18715
1397,5964
1397,4716
1397,7827
1397,6867
1397,18716
1397,18717
1397,18718
1397,4157
1397,7829
1397,7830
1397,9871
1397,9872
1397,5972
1397,9602
1397,6234
1397,7475
1397,7476
1397,18719
1397,18720
1397,5006
1397,18721
1397,18266
1397,18722
1397,4768
1397,4729
1397,4603
1398,18723
1398,18724
1398,18725
1398,18726
1398,18727
1398,18728
1398,18729
1398,18730
1398,18731
1398,18732
1398,18733
1398,18734
1398,18735
1398,18736
1398,18737
1398,18738
1398,18739
1398,18740
1398,18741
1398,18742
1398,18743
1398,18744
1398,18745
1398,18746
1398,18747
1398,18748
1398,18749
1398,18750
1398,18751
1398,18752
1398,18753
1398,18754
1398,18755
1398,18756
1398,18757
1398,18758
1398,18759
1398,18760
1398,18761
1398,18762
1398,18763
1398,18764
1398,18765
1398,18766
1398,18767
1398,18768
1398,18769
1398,18770
1398,18771
1398,18772
1398,18773
1398,18774
1398,18775
1398,18776
1398,9328
1398,18777
1398,18778
1398,18779
1398,18780
1398,18781
1398,18782
1398,18783
1398,18784
1398,18785
1398,18786
1398,18787
1398,18788
1398,18789
1398,18790
1398,18791
1398,18792
1398,18793
1398,7360
1398,18794
1398,18795
1398,10966
1398,18796
1398,18797
1398,18798
1398,18799
1398,18800
1398,18801
1398,18802
1398,18803
1398,18804
1398,18805
1398,18806
1398,18807
1398,18808
1398,18809
1398,18810
1398,18811
1398,18812
1398,4844
1398,4845
1398,18813
1398,18814
1398,18815
1398,18816
1398,10977
1399,18817
1399,18818
1399,15930
1399,18819
1399,18820
1399,18821
1399,7414
1399,18822
1399,18823
1399,18824
1399,18825
1399,3424
1399,3483
1399,3727
1399,3859
1399,18826
1399,3888
1399,3894
1399,3901
1399,4004
1399,4010
1399,17408
1399,16988
1399,4186
1399,4189
1399,5874
1399,4758
1399,4303
1399,4984
1399,4349
1399,18827
1399,4393
1399,4437
1399,4439
1399,4446
1399,7096
1399,18828
1399,5970
1399,10266
1399,8188
1399,4593
1399,4868
1399,18829
1399,4678
1399,5485
1399,12419
1399,5987
1399,18830
1399,18831
1399,5606
1399,4698
1399,4643
1399,18832
1399,18833
1399,4681
1399,4786
1399,5304
1399,4599
1399,15756
1399,4543
1399,6728
1399,5553
1399,15711
1399,12631
1399,11053
1399,5486
1399,18834
1399,7430
1399,15758
1399,4910
1399,11071
1399,5249
1399,18835
1399,18836
1399,18837
1399,5064
1399,18838
1400,18839
1400,18840
1400,18841
1400,18842
1400,18843
1400,5290
1400,18844
1400,18845
1400,18846
1400,18847
1400,3631
1400,18848
1400,18849
1400,18850
1400,18851
1400,18852
1400,10960
1400,5086
1400,17768
1400,4359
1400,18853
1400,18854
1400,18855
1400,18856
1400,18857
1400,18858
1400,18859
1400,18860
1400,18861
1400,18862
1400,18863
1400,18864
1400,18865
1400,4768
1401,18866
1401,18867
1401,18868
1401,18869
1401,18870
1401,18871
1401,18872
1401,18873
1401,18874
1401,18875
1401,18876
1401,18877
1401,18878
1401,18879
1401,18880
1401,18881
1401,18882
1401,7382
1401,18883
1401,18884
1401,18885
1401,18886
1401,18887
1401,18888
1401,6866
1401,6064
1401,18889
1401,18890
1401,18891
1401,4358
1401,4446
1401,5399
1401,18892
1401,5264
1401,5403
1401,18893
1401,4599
1401,18894
1401,18895
1401,18896
1401,18897
1401,4805
1401,18898
1402,1677
1402,18899
1402,18900
1402,18901
1402,18902
1402,18903
1402,18904
1402,18905
1402,8925
1402,18906
1402,18907
1402,18260
1402,18908
1402,18909
1402,18910
1402,18911
1402,18912
1402,18913
1402,11939
1402,18914
1402,18915
1402,18916
1402,18917
1402,5294
1402,3791
1402,18918
1402,4189
1402,4985
1402,18919
1402,18920
1402,18921
1402,4821
1403,2761
1403,2957
1403,3424
1403,3825
1403,18922
1403,3859
1403,4089
1403,4349
1403,4676
1403,5970
1403,4868
1403,12419
1403,4643
1403,4681
1403,4599
1403,4910
1403,5064
1404,1811
1404,18923
1404,2022
1404,2299
1404,2442
1404,2505
1404,7297
1404,3230
1404,3306
1404,3400
1404,3424
1404,7300
1404,18924
1404,18925
1404,5123
1404,13217
1404,7301
1404,18926
1404,7302
1404,5986
1404,3859
1404,4753
1404,5483
1404,3918
1404,4755
1404,4984
1404,4439
1404,4676
1404,4446
1404,4458
1404,4868
1404,4681
1404,5464
1404,4599
1404,4543
1404,4910
1404,4805
1404,5064
1405,18927
1405,18928
1405,18231
1405,18232
1405,18233
1405,18929
1405,18236
1405,18930
1405,18931
1405,18242
1405,18250
1405,18932
1405,18933
1405,18934
1405,8236
1405,8412
1406,18935
1406,18936
1406,2015
1406,18937
1406,17270
1406,18938
1406,7324
1406,18939
1406,5138
1406,18940
1406,18941
1406,14943
1406,18942
1406,18943
1406,5341
1406,12697
1406,2535
1406,18615
1406,2566
1406,18944
1406,12699
1406,18945
1406,9018
1406,18946
1406,5115
1406,5116
1406,5117
1406,18947
1406,18948
1406,12282
1406,18949
1406,16606
1406,4922
1406,5119
1406,12705
1406,12145
1406,12285
1406,18950
1406,3174
1406,12147
1406,10704
1406,4742
1406,11903
1406,5458
1406,12151
1406,3523
1406,5742
1406,4884
1406,13687
1406,6492
1406,4750
1406,12716
1406,8289
1406,6495
1406,18951
1406,7989
1406,5172
1406,7957
1406,4753
1406,7051
1406,3988
1406,4755
1406,5873
1406,4720
1406,4582
1406,18952
1406,4758
1406,4984
1406,5264
1406,7425
1406,16347
1406,4599
1406,4543
1406,4872
1406,12721
1406,12722
1406,5988
1406,12723
1406,5000
1406,12724
1406,4910
1406,4873
1406,12725
1406,12168
1406,16996
1406,4768
1407,18953
1407,18954
1407,18955
1407,18956
1407,18957
1407,18958
1407,18959
1407,18960
1407,18961
1407,18962
1407,5145
1407,18963
1407,5147
1407,2651
1407,18964
1407,4857
1407,5117
1407,18965
1407,18966
1407,18967
1407,18968
1407,4972
1407,18969
1407,5156
1407,2926
1407,18970
1407,5159
1407,18971
1407,18972
1407,18973
1407,18974
1407,4741
1407,5163
1407,18975
1407,18976
1407,18977
1407,4744
1407,4745
1407,4746
1407,18978
1407,4748
1407,4749
1407,4750
1407,18979
1407,18980
1407,18981
1407,4975
1407,18982
1407,18951
1407,18983
1407,4753
1407,4978
1407,18984
1407,4755
1407,4756
1407,4982
1407,18985
1407,18986
1407,18987
1407,4987
1407,7404
1407,18988
1407,10252
1407,4677
1407,4989
1407,10253
1407,18989
1407,18990
1407,18991
1407,18992
1407,18993
1407,18994
1407,18995
1407,18996
1407,18997
1408,18998
1408,4705
1408,1651
1408,4706
1408,18999
1408,19000
1408,19001
1408,19002
1408,19003
1408,19004
1408,5618
1408,18278
1408,8436
1408,4918
1408,19005
1408,14240
1408,19006
1408,19007
1408,19008
1408,8054
1408,5287
1408,5289
1408,19009
1408,5291
1408,19010
1408,19011
1408,19012
1408,19013
1408,19014
1408,4715
1408,17759
1408,19015
1408,14250
1408,13233
1408,9668
1408,5627
1408,19016
1408,4755
1408,5295
1408,5749
1408,4720
1408,12243
1408,5087
1408,5296
1408,4985
1408,5297
1408,5298
1408,9345
1408,6293
1408,5981
1408,5300
1408,5301
1408,6249
1408,4761
1408,5629
1408,7768
1408,4681
1408,5269
1408,5304
1408,9674
1408,9134
1408,19017
1408,19018
1408,4768
1408,5307
1408,5358
1409,19019
1409,19020
1409,19021
1409,19022
1409,19023
1409,19024
1409,19025
1409,19026
1409,10844
1409,19027
1409,19028
1409,19029
1409,15892
1409,19030
1409,2708
1409,19031
1409,19032
1409,8347
1409,19033
1409,19034
1409,2968
1409,3145
1409,19035
1409,11665
1409,19036
1409,19037
1409,19038
1409,19039
1409,19040
1409,19041
1409,12185
1409,19042
1409,19043
1409,4750
1409,19044
1409,3714
1409,19045
1409,19046
1409,19047
1409,19048
1409,19049
1409,3888
1409,3997
1409,19050
1409,19051
1409,4755
1409,4085
1409,19052
1409,19053
1409,19054
1409,19055
1409,4248
1409,19056
1409,19057
1409,4390
1409,19058
1409,19059
1409,19060
1409,19061
1409,19062
1409,10595
1409,19063
1409,4599
1409,18836
1410,19064
1410,19065
1410,19066
1410,19067
1410,19068
1410,6854
1410,19069
1410,2830
1410,19070
1410,19071
1410,19072
1410,19073
1410,19074
1410,11396
1410,19075
1410,19076
1410,19077
1410,19078
1410,19079
1410,19080
1410,19081
1410,19082
1410,19083
1410,4356
1410,6876
1410,19084
1410,9131
1410,19085
1410,19086
1410,19087
1410,19088
1410,19089
1410,19090
1410,5064
1410,8362
1411,1505
1411,19091
1411,19092
1411,2065
1411,6472
1411,6350
1411,18909
1411,2486
1411,19093
1411,19094
1411,19095
1411,19096
1411,14673
1411,19097
1411,19098
1411,7001
1411,6652
1411,7618
1411,5979
1411,19099
1411,4716
1411,19100
1411,19101
1411,19102
1411,4105
1411,4985
1411,19103
1411,19104
1411,11951
1411,19105
1411,4539
1411,13941
1411,4599
1411,19106
1411,19107
1411,12753
1411,19108
1411,19109
1411,4768
1412,12485
1412,10159
1412,2056
1412,2090
1412,2546
1412,2562
1412,4818
1412,5290
1412,7000
1412,5976
1412,7001
1412,15192
1412,8502
1412,19110
1412,5344
1412,5124
1412,7200
1412,5345
1412,11257
1412,4105
1412,5908
1412,5087
1412,4359
1412,16963
1412,7882
1412,4539
1412,4599
1412,7902
1412,18375
1412,5381
1412,8509
1412,8511
1412,19111
1412,19112
1412,19113
1412,9690
1412,8513
1412,4729
1413,1982
1413,19114
1413,19115
1413,19116
1413,19117
1413,19118
1413,10392
1413,19119
1413,19120
1413,19121
1413,19122
1413,19123
1413,19124
1413,19125
1413,9107
1413,19126
1413,19127
1413,19128
1413,19129
1413,19130
1413,19131
1413,19132
1413,5202
1413,13589
1413,4599
1413,5058
1413,19133
1413,13591
1413,19134
1413,19135
1413,19136
1414,19137
1414,19138
1414,19139
1414,10157
1414,6994
1414,6995
1414,19140
1414,6997
1414,19141
1414,19142
1414,8942
1414,4920
1414,19143
1414,2486
1414,19144
1414,4922
1414,7000
1414,7001
1414,9931
1414,5124
1414,4189
1414,4985
1414,4359
1414,7882
1414,16441
1414,19145
1414,7895
1414,4761
1414,5629
1414,4539
1414,4599
1414,19146
1414,19147
1414,19148
1414,12297
1415,5436
1415,19149
1415,19150
1415,19151
1415,5138
1415,19152
1415,19153
1415,19154
1415,19155
1415,19156
1415,19157
1415,19158
1415,9901
1415,19159
1415,19160
1415,19161
1415,9904
1415,19162
1415,19163
1415,19164
1415,19165
1415,19166
1415,6492
1415,9907
1415,12050
1415,19167
1415,19168
1415,19169
1415,19170
1415,5460
1415,19171
1415,19172
1415,19173
1415,19174
1415,19175
1415,9244
1415,19176
1415,19177
1415,19178
1415,19179
1415,19180
1415,4783
1415,7428
1415,9919
1415,5464
1415,19181
1415,8306
1415,19182
1415,19183
1415,19184
1415,19185
1415,12226
1415,19186
1416,19187
1416,2008
1416,19188
1416,8265
1416,19189
1416,19190
1416,19191
1416,19192
1416,17732
1416,19193
1416,19194
1416,19195
1416,19196
1416,19197
1416,19198
1416,4742
1416,19199
1416,19200
1416,19201
1416,19202
1416,19203
1416,19204
1416,19205
1416,19206
1416,19207
1416,17068
1416,19208
1416,19209
1416,19210
1416,19211
1416,4753
1416,5747
1416,19212
1416,19213
1416,19214
1416,10791
1416,19215
1416,4755
1416,19216
1416,19217
1416,19218
1416,4720
1416,4758
1416,19219
1416,19220
1416,19221
1416,19222
1416,19223
1416,4446
1416,19224
1416,19225
1416,19226
1416,19227
1416,19228
1416,19229
1416,4762
1416,4597
1416,19230
1416,7361
1416,19231
1416,4599
1416,4871
1416,19232
1416,19233
1416,19234
1416,19235
1416,19236
1416,19237
1417,3400
1417,12396
1417,3950
1417,3997
1417,19238
1417,8678
1417,4758
1417,19239
1417,4696
1417,4984
1417,4358
1417,4393
1417,6696
1417,11099
1417,19240
1417,4437
1417,4439
1417,4446
1417,7096
1417,7172
1417,5970
1417,4495
1417,6794
1417,10266
1417,8188
1417,4593
1417,4868
1417,8412
1417,12419
1417,4698
1417,4599
1417,4543
1417,5553
1417,19241
1417,10271
1417,5063
1417,5064
1418,19242
1418,19243
1418,19244
1418,19245
1418,19246
1418,19247
1418,4753
1418,19248
1418,19249
1418,19250
1418,19251
1418,19252
1418,5034
1418,19253
1418,4761
1418,12292
1418,5126
1418,6381
1418,10751
1418,19254
1418,19255
1418,4703
1418,19256
1418,19257
1418,19258
1418,19259
1418,19260
1420,19261
1420,19262
1420,19263
1420,19264
1420,19265
1420,19266
1420,19267
1420,19268
1420,19269
1420,19270
1420,19271
1420,19272
1420,19273
1420,19274
1420,19275
1420,19276
1420,19277
1420,19278
1420,19279
1420,19280
1420,9328
1420,4599
1420,19281
1420,19282
1420,19283
1420,19284
1420,19285
1420,19286
1421,1776
1421,19287
1421,1924
1421,15530
1421,2316
1421,19288
1421,11064
1421,8876
1421,16950
1421,14671
1421,19289
1421,2679
1421,14110
1421,6172
1421,6525
1421,2923
1421,2949
1421,6478
1421,6479
1421,5122
1421,12516
1421,19290
1421,5124
1421,19291
1421,7200
1421,12288
1421,6002
1421,3981
1421,5908
1421,4720
1421,5086
1421,4985
1421,4359
1421,4677
1421,4599
1421,17729
1421,14686
1421,19292
1421,18093
1421,19293
1421,7214
1422,19294
1422,19295
1422,19296
1422,19297
1422,19298
1422,19299
1422,19300
1422,19301
1422,11395
1422,19302
1422,19303
1422,4750
1422,19304
1422,19305
1422,19306
1422,19307
1422,19308
1422,19309
1422,5392
1422,6065
1422,19310
1422,11410
1422,6872
1422,4355
1422,4358
1422,7402
1422,6874
1422,5399
1422,19311
1422,19312
1422,19313
1422,5064
1422,4603
1422,19314
1423,4883
1423,19315
1423,19316
1423,3775
1423,8946
1423,3789
1423,3812
1423,19317
1423,19318
1423,8757
1423,19319
1423,3986
1423,4002
1423,4755
1423,18314
1423,4131
1423,19320
1423,4189
1423,16961
1423,19321
1423,7052
1423,4302
1423,5239
1423,19322
1423,4359
1423,4353
1423,4358
1423,14399
1423,4368
1423,16802
1423,6316
1423,5777
1423,4458
1423,19323
1423,4472
1423,19324
1423,4479
1423,19325
1423,5245
1423,18829
1423,4523
1423,5302
1423,19326
1423,14558
1423,5352
1423,16806
1423,5973
1423,19327
1423,4681
1423,5269
1423,5304
1423,4599
1423,7264
1423,7103
1423,16807
1423,19328
1423,4910
1423,5254
1423,19329
1423,19330
1423,5063
1423,11437
1423,5064
1423,8362
1423,19331
1424,19332
1424,19333
1424,19334
1424,19335
1424,19336
1424,19337
1424,19338
1424,19339
1424,19340
1424,19341
1424,19342
1424,19343
1424,19344
1424,16113
1424,14307
1424,8331
1424,16116
1424,19345
1424,15218
1424,7920
1424,3901
1424,19346
1424,16118
1424,19347
1424,19348
1424,16119
1424,4755
1424,19349
1424,4189
1424,15935
1424,4388
1424,4421
1424,19350
1424,14312
1424,19351
1424,15222
1424,14313
1424,19352
1424,15224
1424,13911
1424,19353
1424,15226
1424,16139
1424,16141
1424,4599
1424,5827
1424,4998
1424,19354
1424,19355
1424,5249
1424,19356
1425,19357
1425,19358
1425,19359
1425,19360
1425,19361
1425,2365
1425,19362
1425,8844
1425,19363
1425,19364
1425,19365
1425,12180
1425,19366
1425,19367
1425,6212
1425,19368
1425,3139
1425,19369
1425,3237
1425,19370
1425,19371
1425,19372
1425,3306
1425,3337
1425,19373
1425,19374
1425,9549
1425,3571
1425,19375
1425,19376
1425,19377
1425,19378
1425,12192
1425,3950
1425,19379
1425,4010
1425,19380
1425,19381
1425,13768
1425,4755
1425,8856
1425,8857
1425,19382
1425,19383
1425,19384
1425,4439
1425,19385
1425,7096
1425,19386
1425,19387
1425,19388
1425,19389
1425,4761
1425,19390
1425,4698
1425,15643
1425,19391
1425,4681
1425,19392
1425,19393
1425,19394
1425,4599
1425,5827
1425,4543
1425,7900
1425,19395
1425,19396
1425,19397
1425,19398
1425,4703
1425,19399
1425,13773
1425,19400
1425,5991
1426,13180
1426,8717
1426,4794
1427,19401
1427,19402
1427,13150
1427,19403
1427,19404
1427,19405
1427,19406
1427,19407
1427,19408
1427,19409
1427,19410
1427,13243
1427,19411
1427,19412
1427,4761
1427,19413
1427,7900
1427,4700
1427,19414
1427,5912
1427,19415
1427,19416
1428,1994
1428,19417
1428,19418
1428,2425
1428,19419
1428,13176
1428,19420
1428,14563
1428,19421
1428,5904
1428,19422
1428,19423
1428,3391
1428,19424
1428,19425
1428,14000
1428,19426
1428,19427
1428,3560
1428,19428
1428,3648
1428,19429
1428,19430
1428,14677
1428,19431
1428,19432
1428,14010
1428,19433
1428,19434
1428,19435
1428,14015
1428,4696
1428,19436
1428,19437
1428,19438
1428,4419
1428,19439
1428,7580
1428,19440
1428,19441
1428,19442
1428,19443
1428,7506
1428,9345
1428,8915
1428,7509
1428,4593
1428,5263
1428,4677
1428,6248
1428,14558
1428,19444
1428,4761
1428,5973
1428,14025
1428,4643
1428,4681
1428,7100
1428,4786
1428,5304
1428,4599
1428,6330
1428,5305
1428,11053
1428,4910
1428,19445
1428,4805
1428,19446
1428,19447
1428,5064
1428,5358
1429,19448
1429,19449
1429,19450
1429,19451
1429,19452
1429,14297
1429,12342
1429,12343
1429,5117
1429,12346
1429,8129
1429,12348
1429,19453
1429,19454
1429,19455
1429,12353
1429,8138
1429,7920
1429,19456
1429,12354
1429,19457
1429,19458
1429,19459
1429,19460
1429,19461
1429,8153
1429,19462
1429,19463
1429,5696
1429,4587
1429,7784
1429,8160
1429,8691
1429,19464
1429,8169
1429,4681
1429,19465
1429,4998
1429,16143
1430,19466
1430,1836
1430,19467
1430,19468
1430,2642
1430,2761
1430,3069
1430,19469
1430,3291
1430,3306
1430,3332
1430,3424
1430,5544
1430,3859
1430,4099
1430,4189
1430,19470
1430,4349
1430,4358
1430,4439
1430,4676
1430,4458
1430,4868
1430,12419
1430,4698
1430,4643
1430,4681
1430,4599
1430,4543
1430,5553
1430,4910
1430,19471
1430,19472
1430,12013
1430,5064
1430,19473
1431,19474
1431,16338
1431,19475
1431,19476
1431,2027
1431,19477
1431,9578
1431,15185
1431,19478
1431,19479
1431,19480
1431,4920
1431,12504
1431,9616
1431,19481
1431,8499
1431,6000
1431,14203
1431,19482
1431,7287
1431,16218
1431,19483
1431,4922
1431,19484
1431,19485
1431,6034
1431,5976
1431,5559
1431,19486
1431,5979
1431,19487
1431,5124
1431,5562
1431,5294
1431,4716
1431,19488
1431,7957
1431,5345
1431,19489
1431,5563
1431,6039
1431,5295
1431,19490
1431,11416
1431,6040
1431,7203
1431,14493
1431,19491
1431,4677
1431,9256
1431,5565
1431,5403
1431,5567
1431,19492
1431,8509
1431,19493
1431,19494
1431,19495
1431,19496
1433,19497
1433,19498
1433,15519
1433,19499
1433,19500
1433,15520
1433,19501
1433,19502
1433,17829
1433,19503
1433,15524
1433,6534
1433,15525
1433,19504
1433,14223
1433,12082
1433,19505
1433,14700
1433,19506
1433,12440
1434,19507
1434,13535
1434,19508
1434,19509
1434,19510
1434,9404
1434,19511
1434,19512
1434,19513
1434,19514
1434,19515
1434,7920
1434,19516
1434,19517
1434,9122
1434,19518
1434,16958
1434,19519
1434,16959
1434,16961
1434,8858
1434,19520
1434,19521
1434,9408
1434,19522
1434,19523
1434,19524
1434,16475
1434,4761
1434,19525
1434,9130
1434,19526
1434,19527
1434,4681
1434,19528
1434,7056
1434,13431
1434,16928
1434,19529
1434,5609
1434,19530
1434,9604
1434,5381
1434,8509
1434,19531
1434,19532
1434,16975
1435,19533
1435,19534
1435,13535
1435,19509
1435,19535
1435,5626
1435,16954
1435,19536
1435,19537
1435,19538
1435,19539
1435,16958
1435,16959
1435,19540
1435,13246
1435,4368
1435,6448
1435,19541
1435,17853
1435,19542
1435,19543
1435,19544
1435,19545
1435,5981
1435,19546
1435,19525
1435,14547
1435,9130
1435,19547
1435,19548
1435,4905
1435,16204
1435,5827
1435,19549
1435,19550
1435,7476
1435,19551
1435,19552
1435,8248
1435,19532
1435,16976
1435,4768
1435,4729
1436,19553
1436,19554
1436,1596
1436,19555
1436,8705
1436,19556
1436,9393
1436,19557
1436,14379
1436,19558
1436,12836
1436,9396
1436,12339
1436,14381
1436,19559
1436,15683
1436,19560
1436,19561
1436,19562
1436,19563
1436,5734
1436,19564
1436,19565
1436,14384
1436,16388
1436,9400
1436,5866
1436,19566
1436,19567
1436,19568
1436,19569
1436,9402
1436,9987
1436,19570
1436,8717
1436,15694
1436,19571
1436,19572
1436,19573
1436,19574
1436,5742
1436,6059
1436,19575
1436,8753
1436,14387
1436,9240
1436,19576
1436,19577
1436,6274
1436,19578
1436,5873
1436,19579
1436,19580
1436,19581
1436,19582
1436,5883
1436,19583
1436,19584
1436,5971
1436,8770
1436,19585
1436,9259
1436,9260
1436,19586
1436,19587
1436,19588
1437,9152
1437,9090
1437,15691
1437,13192
1437,9402
1437,9986
1437,9155
1437,19589
1437,5742
1437,19590
1437,9165
1437,3967
1437,6274
1437,5873
1437,4393
1437,9252
1437,9257
1437,4698
1437,19591
1437,4599
1437,4543
1437,5609
1437,5898
1437,10860
1438,19592
1438,7319
1438,1888
1438,5341
1438,19593
1438,19594
1438,7283
1438,2678
1438,19595
1438,19596
1438,19597
1438,19598
1438,18296
1438,19599
1438,19600
1438,19601
1438,19602
1438,19603
1438,4716
1438,6867
1438,19604
1438,19605
1438,4049
1438,19606
1438,19607
1438,19608
1438,19609
1438,4720
1438,19610
1438,8931
1438,19611
1438,19612
1438,19613
1438,19614
1438,19615
1438,19616
1438,18861
1438,19617
1438,19618
1438,19619
1438,19620
1438,19621
1438,4761
1438,19622
1438,19623
1438,19624
1438,19625
1438,4539
1438,19626
1438,19627
1438,4599
1438,7208
1438,19628
1438,19629
1438,11282
1438,19630
1438,19631
1438,19632
1438,19633
1438,19634
1438,19635
1438,19636
1438,19637
1438,19638
1438,19639
1438,19640
1438,9709
1438,19641
1438,19642
1438,4768
1438,19643
1438,19644
1438,19645
1438,19646
1438,19647
1439,19648
1439,1885
1439,2022
1439,19649
1439,19650
1439,7414
1439,6283
1439,2615
1439,2642
1439,2666
1439,2687
1439,2761
1439,19651
1439,4922
1439,5866
1439,19652
1439,2957
1439,5292
1439,3069
1439,19653
1439,19654
1439,15916
1439,3259
1439,3291
1439,3306
1439,5480
1439,3400
1439,3424
1439,19655
1439,19656
1439,8945
1439,19657
1439,19658
1439,3859
1439,19659
1439,3945
1439,3950
1439,19660
1439,19661
1439,19662
1439,4755
1439,4099
1439,19663
1439,19664
1439,19665
1439,19666
1439,6310
1439,19667
1439,4349
1439,4358
1439,4364
1439,19668
1439,4394
1439,19669
1439,4439
1439,4676
1439,4446
1439,4458
1439,4474
1439,7096
1439,4506
1439,4508
1439,4593
1439,19670
1439,19671
1439,4698
1439,19672
1439,4599
1439,5538
1439,4543
1439,4910
1439,5991
1440,19673
1440,2398
1440,19674
1440,19675
1440,19676
1440,2968
1440,19677
1440,19678
1440,19679
1440,3639
1440,19680
1440,19681
1440,19682
1440,9164
1440,4757
1440,19683
1440,19684
1440,19685
1440,6275
1440,4758
1440,12359
1440,19686
1440,19687
1440,19688
1440,19689
1440,19690
1440,19691
1440,19692
1440,19693
1440,9260
1440,5464
1440,5827
1440,15151
1440,19694
1440,19695
1441,5995
1441,19696
1441,1392
1441,1429
1441,19697
1441,19698
1441,4705
1441,1776
1441,19699
1441,14662
1441,2189
1441,7806
1441,19700
1441,2316
1441,15532
1441,19701
1441,5341
1441,16950
1441,19702
1441,19703
1441,5118
1441,6476
1441,5976
1441,6172
1441,2923
1441,2949
1441,9698
1441,9485
1441,6574
1441,5124
1441,5371
1441,7200
1441,12288
1441,19704
1441,4677
1441,19705
1441,19706
1441,19707
1441,19708
1441,19709
1441,19710
1442,4707
1442,19711
1442,19712
1442,19713
1442,19714
1442,5077
1442,19715
1442,5341
1442,19716
1442,17185
1442,19717
1442,9018
1442,5290
1442,6476
1442,7290
1442,2923
1442,19718
1442,11942
1442,19719
1442,17190
1442,19720
1442,17191
1442,19721
1442,19722
1442,19723
1442,17193
1442,19724
1442,9652
1442,4189
1442,4720
1442,19725
1442,19726
1442,4985
1442,4721
1442,19727
1442,17199
1442,17202
1442,4599
1442,19728
1442,19729
1442,17207
1442,9709
1442,19730
1442,19731
1442,19732
1442,19733
1443,19734
1443,19735
1443,19736
1443,19737
1443,8440
1443,16555
1443,19738
1443,19739
1443,19740
1443,19741
1443,19742
1443,19743
1443,19744
1443,19745
1443,16562
1443,19746
1443,3306
1443,13573
1443,19747
1443,15661
1443,19748
1443,3825
1443,9164
1443,19749
1443,16569
1443,12718
1443,14090
1443,19750
1443,19751
1443,16572
1443,4758
1443,5594
1443,5595
1443,4439
1443,6317
1443,5598
1443,8188
1443,4524
1443,9413
1443,4698
1443,4599
1443,4543
1443,4910
1443,16580
1443,5063
1443,5064
1444,15438
1444,15439
1444,19752
1444,19753
1444,19754
1444,19755
1444,12381
1444,2348
1444,19756
1444,6350
1444,19757
1444,10057
1444,16949
1444,5342
1444,16823
1444,12508
1444,10169
1444,19758
1444,4922
1444,19759
1444,19760
1444,5976
1444,9205
1444,9698
1444,6477
1444,19761
1444,12516
1444,8060
1444,5124
1444,5345
1444,19762
1444,9933
1444,19704
1444,9497
1444,7203
1444,19763
1444,19764
1444,8511
1444,19765
1444,19766
1444,19767
1444,19768
1444,19769
1444,19770
1444,19771
1444,19772
1445,19773
1445,15619
1445,10446
1445,6486
1445,19774
1445,5138
1445,5077
1445,6488
1445,19775
1445,2851
1445,4972
1445,19776
1445,3231
1445,19777
1445,17733
1445,19778
1445,9375
1445,3791
1445,19779
1445,9164
1445,4753
1445,3988
1445,3918
1445,4350
1445,4371
1445,4394
1445,4437
1445,4676
1445,4458
1445,4499
1445,4593
1445,19780
1445,7425
1445,7426
1445,4533
1445,4698
1445,11678
1445,4699
1445,4599
1445,4543
1445,4701
1445,5487
1445,5249
1445,4682
1445,19781
1445,17261
1445,19782
1445,19783
1445,19784
1445,19785
1446,4706
1446,16334
1446,19786
1446,19787
1446,19788
1446,19789
1446,19790
1446,19791
1446,6282
1446,19792
1446,19793
1446,19794
1446,19795
1446,19796
1446,19797
1446,19798
1446,19799
1446,7821
1446,5341
1446,19800
1446,8876
1446,5976
1446,6172
1446,19801
1446,6574
1446,9931
1446,12240
1446,14344
1446,9403
1446,19802
1446,7457
1446,19803
1446,19804
1446,19805
1446,14346
1446,19806
1446,4042
1446,19807
1446,19808
1446,10520
1446,5086
1446,4696
1446,4368
1446,4377
1446,6448
1446,12119
1446,19809
1446,5981
1446,4677
1446,9226
1446,4539
1446,6980
1446,12121
1446,4599
1446,19810
1446,14315
1446,4768
1446,5406
1447,19811
1447,2563
1447,14393
1447,19812
1447,19813
1447,19814
1447,19815
1447,19816
1447,19817
1447,19818
1447,19819
1447,19820
1447,19821
1447,19822
1447,19823
1447,19824
1447,19825
1447,19826
1447,19827
1447,19828
1447,11674
1447,19829
1447,19830
1447,19831
1447,19832
1447,19833
1447,19834
1447,19835
1447,19836
1447,19837
1447,19838
1447,8355
1447,8511
1448,19839
1448,11711
1448,19840
1448,19841
1448,19842
1448,19843
1448,11718
1448,11723
1448,19844
1448,11725
1448,19845
1448,19846
1448,19847
1448,19848
1448,19849
1448,11727
1448,17065
1448,19850
1448,19851
1448,3036
1448,19852
1448,17066
1448,19853
1448,19854
1448,8943
1448,11729
1448,19855
1448,19856
1448,19857
1448,4716
1448,3789
1448,3801
1448,8670
1448,4753
1448,19858
1448,5483
1448,3918
1448,4755
1448,11275
1448,19859
1448,4189
1448,19860
1448,11414
1448,13380
1448,17070
1448,16576
1448,4367
1448,4398
1448,4435
1448,4676
1448,4457
1448,7096
1448,7546
1448,19861
1448,5981
1448,6295
1448,19862
1448,19863
1448,5246
1448,5264
1448,6074
1448,4761
1448,15792
1448,4698
1448,16643
1448,6659
1448,5403
1448,4681
1448,19864
1448,19865
1448,4599
1448,9132
1448,4701
1448,12721
1448,12722
1448,19866
1448,4910
1448,19867
1448,19868
1448,19869
1448,19870
1448,19871
1448,4768
1448,11437
1448,5064
1448,13852
1448,19872
1449,19873
1449,19874
1449,6521
1449,6522
1449,19875
1449,3114
1449,17349
1449,19876
1449,17826
1449,19877
1449,19878
1449,6528
1449,19879
1449,19880
1449,19881
1449,17829
1449,19882
1449,19503
1449,3993
1449,16725
1449,12825
1449,17350
1449,6533
1449,15524
1449,6534
1449,6291
1449,12031
1449,6794
1449,6296
1449,12082
1449,6980
1449,4599
1449,9706
1449,10335
1449,4768
1449,11928
1451,19401
1451,19406
1451,19883
1451,19884
1451,19885
1451,19886
1451,19887
1451,19409
1451,19888
1451,19411
1451,17994
1451,19412
1451,5351
1451,4520
1451,10195
1451,5269
1451,4700
1451,19414
1451,19415
1451,19889
1451,19890
1451,19891
1452,19892
1452,19893
1452,19894
1452,6688
1452,19895
1452,19896
1452,19897
1452,19165
1452,6494
1452,19898
1452,19899
1452,19900
1452,5172
1452,19901
1452,4755
1452,19902
1452,19903
1452,4149
1452,19904
1452,7923
1452,4186
1452,4984
1452,10267
1452,13911
1452,6228
1452,19905
1452,19906
1452,19907
1452,4768
1452,19908
1452,19909
1453,1888
1453,1979
1453,19910
1453,7845
1453,4922
1453,19911
1453,19010
1453,4716
1453,19912
1453,19913
1453,11257
1453,4720
1453,9653
1453,5374
1453,19914
1453,19915
1453,19916
1453,19917
1453,19918
1453,19919
1453,19920
1453,8509
1453,19921
1453,19922
1454,19923
1454,19924
1454,11211
1454,12485
1454,19925
1454,19926
1454,9612
1454,9613
1454,19927
1454,19928
1454,19929
1454,6647
1454,9075
1454,5341
1454,5575
1454,8499
1454,7285
1454,19930
1454,5290
1454,13261
1454,14673
1454,4922
1454,5976
1454,19931
1454,19932
1454,18457
1454,5978
1454,5122
1454,7618
1454,8060
1454,6436
1454,6287
1454,5294
1454,8063
1454,9933
1454,4720
1454,4677
1454,19933
1454,19934
1454,19935
1454,19936
1454,19937
1455,19938
1455,19939
1455,19940
1455,19941
1455,19942
1455,19943
1455,19944
1455,6509
1455,19945
1455,19946
1455,19947
1455,19948
1455,7325
1455,19949
1455,19950
1455,19951
1455,14104
1455,10420
1455,19952
1455,19953
1455,19954
1455,19955
1455,19956
1455,19957
1455,19958
1455,19959
1455,19960
1455,19911
1455,19961
1455,10513
1455,11728
1455,19962
1455,19963
1455,19964
1455,19965
1455,9648
1455,6528
1455,11730
1455,19966
1455,4716
1455,19967
1455,4924
1455,6533
1455,19968
1455,19969
1455,19970
1455,8511
1455,19971
1455,19972
1456,19973
1456,19974
1456,19975
1456,19976
1456,19977
1456,7045
1456,5121
1456,9213
1456,19978
1456,9404
1456,19979
1456,19980
1456,9587
1456,19981
1456,4750
1456,7046
1456,19982
1456,19983
1456,19247
1456,7758
1456,19984
1456,11672
1456,19985
1456,4753
1456,7051
1456,9591
1456,19986
1456,19987
1456,19988
1456,7925
1456,4758
1456,4984
1456,6376
1456,19989
1456,16469
1456,19990
1456,11070
1456,19991
1456,19992
1456,5242
1456,18620
1456,19993
1456,17933
1456,4677
1456,4761
1456,11919
1456,4681
1456,5464
1456,19994
1456,4768
1456,10227
1456,10228
1456,19995
1457,3526
1457,19996
1457,19997
1457,19998
1457,19999
1457,3864
1457,20000
1457,20001
1457,4106
1457,4157
1457,10741
1457,20002
1457,4398
1457,20003
1457,20004
1457,4458
1457,12119
1457,20005
1457,20006
1457,20007
1457,5246
1457,4599
1457,4601
1457,5249
1457,17586
1457,19869
1457,20008
1457,20009
1457,20010
1457,20011
1457,20012
1457,4768
1457,4729
1457,20013
1457,12297
1458,20014
1458,2867
1458,20015
1458,3101
1458,3424
1458,20016
1458,8946
1458,3789
1458,17582
1458,5545
1458,7924
1458,4720
1458,17628
1458,20017
1458,10741
1458,4349
1458,12399
1458,4437
1458,4439
1458,20018
1458,20019
1458,5981
1458,4593
1458,20020
1458,4681
1458,4599
1458,4543
1458,5553
1458,7476
1458,5249
1458,20021
1458,4768
1458,5064
1458,7480
1458,4604
1459,20022
1459,20023
1459,20024
1459,2052
1459,20025
1459,20026
1459,2247
1459,14946
1459,20027
1459,20028
1459,20029
1459,20030
1459,2957
1459,2970
1459,20031
1459,20032
1459,20033
1459,20034
1459,20035
1459,9759
1459,20036
1459,20037
1459,20038
1459,20039
1459,20040
1459,20041
1459,20042
1459,20043
1459,20044
1459,4755
1459,4127
1459,20045
1459,20046
1459,4194
1459,14489
1459,20047
1459,15037
1459,20048
1459,20049
1459,20050
1459,20051
1459,20052
1459,15041
1459,20053
1459,20054
1459,4387
1459,20055
1459,20056
1459,15044
1459,4429
1459,4439
1459,4454
1459,15050
1459,20057
1459,20058
1459,20059
1459,20060
1459,4499
1459,20061
1459,20062
1459,20063
1459,20064
1459,20065
1459,11470
1459,5485
1459,4679
1459,20066
1459,6971
1459,5056
1459,4698
1459,5057
1459,4643
1459,4681
1459,20067
1459,4599
1459,4543
1459,5553
1459,20068
1459,5249
1459,5059
1459,20069
1459,20070
1459,20071
1459,16995
1459,20072
1459,15078
1459,20073
1459,20074
1459,20075
1459,5406
1460,1891
1460,2299
1460,2957
1460,19745
1460,3305
1460,3306
1460,3400
1460,3523
1460,3722
1460,3950
1460,4081
1460,4099
1460,7690
1460,4314
1460,4349
1460,4393
1460,4437
1460,4439
1460,4458
1460,7096
1460,4499
1460,8188
1460,4593
1460,7426
1460,4679
1460,4698
1460,4599
1460,4543
1460,15152
1460,5609
1460,4910
1460,5990
1460,5991
1460,20076
1460,16996
1460,5064
1461,20077
1461,20078
1461,14231
1461,20079
1461,14232
1461,20080
1461,20081
1461,5518
1461,20082
1461,20083
1461,14237
1461,20084
1461,14238
1461,20085
1461,20086
1461,20087
1461,20088
1461,20089
1461,14243
1461,19363
1461,5520
1461,17780
1461,14246
1461,20090
1461,14247
1461,17781
1461,20091
1461,5522
1461,19370
1461,12151
1461,19376
1461,8289
1461,20092
1461,20093
1461,5526
1461,5527
1461,4753
1461,14251
1461,14252
1461,14253
1461,19388
1461,4761
1461,14254
1461,17800
1461,14255
1461,5537
1461,4599
1461,5827
1461,14256
1461,14257
1461,14258
1461,14259
1461,14260
1461,20094
1461,20095
1461,20096
1462,2579
1462,20097
1462,20098
1462,20099
1462,20100
1462,20101
1462,3422
1462,20102
1462,20103
1462,3823
1462,3830
1462,5392
1462,4753
1462,5393
1462,20104
1462,6067
1462,16570
1462,20105
1462,4185
1462,11413
1462,15508
1462,7401
1462,13967
1462,5398
1462,4356
1462,7402
1462,13910
1462,4421
1462,20106
1462,20107
1462,5399
1462,13971
1462,20108
1462,20109
1462,20110
1462,6072
1462,20111
1462,20112
1462,20113
1462,6073
1462,20114
1462,5403
1462,4599
1462,20115
1462,17696
1462,20116
1462,5064
1462,4603
1462,13852
1463,20117
1463,11386
1463,20118
1463,6860
1463,3764
1463,8728
1463,7394
1463,6067
1463,11413
1463,17877
1463,7401
1463,20119
1463,20120
1463,5398
1463,4356
1463,7402
1463,11417
1463,20121
1463,20122
1463,5399
1463,6877
1463,6072
1463,20123
1463,5403
1463,17488
1463,4599
1463,5249
1463,20124
1463,20125
1463,20126
1463,5064
1464,20127
1464,20128
1464,20129
1464,20130
1464,20131
1464,20132
1464,20133
1464,20134
1464,20135
1464,20136
1464,20137
1464,20138
1464,20139
1464,20140
1464,5484
1464,7500
1464,20141
1464,5351
1464,6247
1464,20142
1464,4761
1464,7513
1464,20143
1464,20144
1464,4681
1464,4599
1464,20145
1464,20146
1464,4601
1464,4910
1464,20147
1464,20148
1465,20149
1465,20150
1465,20151
1465,20152
1465,20153
1465,20154
1465,20155
1465,20156
1465,20157
1465,20158
1465,20159
1465,20160
1465,20161
1465,20162
1465,20163
1465,20164
1465,20165
1465,20166
1465,20167
1465,20168
1465,9866
1465,20169
1465,20170
1465,20171
1465,20172
1465,20173
1465,20174
1465,4214
1465,20175
1465,4349
1465,20176
1465,20177
1465,20178
1465,20179
1465,20180
1465,20181
1465,9872
1465,7121
1465,7124
1465,5971
1465,7125
1465,7668
1465,5987
1465,4698
1465,11472
1465,4905
1465,4681
1465,5304
1465,19549
1465,4871
1465,20182
1465,6080
1465,4910
1465,12725
1465,9134
1465,20183
1465,20184
1465,5064
1465,4603
1467,20185
1467,20186
1467,20187
1467,20188
1467,20189
1467,20190
1467,20191
1467,20192
1467,20193
1467,20194
1467,20195
1467,20196
1467,9441
1467,19040
1467,20197
1467,20198
1467,20199
1467,20200
1467,20201
1467,20202
1467,20203
1467,17408
1467,6118
1467,20204
1467,20205
1467,9167
1467,20206
1467,4758
1467,20207
1467,8614
1467,20208
1467,20209
1467,20210
1467,20211
1467,7788
1467,20212
1467,20213
1467,20214
1467,16666
1467,20215
1467,6799
1467,20216
1467,20217
1467,20218
1467,20219
1467,4681
1467,20220
1467,20221
1467,20222
1467,20223
1467,20224
1467,20225
1467,20226
1467,20227
1467,20228
1467,20229
1467,20230
1467,20231
1467,20232
1467,20233
1467,20234
1467,20235
1468,1725
1468,20236
1468,20237
1468,20238
1468,20239
1468,7840
1468,20240
1468,20241
1468,20242
1468,2549
1468,20243
1468,20244
1468,20245
1468,20246
1468,7851
1468,20247
1468,20248
1468,3237
1468,20249
1468,20250
1468,3362
1468,20251
1468,7859
1468,7861
1468,7863
1468,20252
1468,3722
1468,7865
1468,7867
1468,4755
1468,20253
1468,20254
1468,20255
1468,4368
1468,7881
1468,4454
1468,20256
1468,7892
1468,7893
1468,7897
1468,4599
1469,13180
1469,2742
1469,2957
1469,3119
1469,3145
1469,3571
1469,20257
1469,3859
1469,20258
1469,4010
1469,4177
1469,20259
1469,4676
1469,4458
1469,5970
1469,20260
1469,12120
1469,12582
1469,4868
1469,8412
1469,5246
1469,5485
1469,12419
1469,4679
1469,5987
1469,11202
1469,11919
1469,20261
1469,4698
1469,8917
1469,6077
1469,4643
1469,4787
1469,4599
1469,4543
1469,20262
1469,5553
1469,5609
1469,5305
1469,20263
1469,20264
1469,4910
1469,5064
1470,2022
1470,15932
1470,7414
1470,2761
1470,4922
1470,3305
1470,3332
1470,5122
1470,3418
1470,3424
1470,3859
1470,3950
1470,4010
1470,4720
1470,4349
1470,4985
1470,4358
1470,4393
1470,4410
1470,4421
1470,4439
1470,4676
1470,7096
1470,4679
1470,11919
1470,4698
1470,4787
1470,4599
1470,4543
1470,5609
1470,4910
1470,20265
1470,5064
1471,1937
1471,20266
1471,20267
1471,20268
1471,11725
1471,19845
1471,20269
1471,5388
1471,11383
1471,3005
1471,20270
1471,20271
1471,20272
1471,20273
1471,8943
1471,20274
1471,15241
1471,5392
1471,11407
1471,4753
1471,20275
1471,20276
1471,4755
1471,20277
1471,11409
1471,6870
1471,4185
1471,11413
1471,11414
1471,13263
1471,20278
1471,5398
1471,6978
1471,5399
1471,11420
1471,9770
1471,7698
1471,7099
1471,5403
1471,9602
1471,7101
1471,5553
1471,7475
1471,7430
1471,4910
1471,20279
1471,20280
1471,20281
1471,19871
1471,20282
1471,7436
1471,5064
1471,7480
1472,20283
1472,18682
1472,1405
1472,20284
1472,18687
1472,5948
1472,20285
1472,1797
1472,20286
1472,18696
1472,20287
1472,18697
1472,12381
1472,20288
1472,20289
1472,6000
1472,20290
1472,18704
1472,20291
1472,18706
1472,18707
1472,5118
1472,4922
1472,18709
1472,20292
1472,20293
1472,20294
1472,20295
1472,10735
1472,5978
1472,7825
1472,20296
1472,3555
1472,18715
1472,5964
1472,20297
1472,20298
1472,4716
1472,20299
1472,20300
1472,7827
1472,3825
1472,20301
1472,6867
1472,20302
1472,18716
1472,18718
1472,20303
1472,4157
1472,20304
1472,7830
1472,5972
1472,9602
1472,6234
1472,7475
1472,18720
1472,5006
1472,18721
1472,20305
1472,18722
1472,6384
1472,4729
1472,4768
1472,20306
1473,20307
1473,20308
1473,2022
1473,2475
1473,20309
1473,20310
1473,7414
1473,2687
1473,2761
1473,2957
1473,19812
1473,3237
1473,3306
1473,3337
1473,3400
1473,3550
1473,3571
1473,3859
1473,16724
1473,20311
1473,4326
1473,4349
1473,4410
1473,4439
1473,4676
1473,4486
1473,4868
1473,7332
1473,12419
1473,5987
1473,4698
1473,4643
1473,4681
1473,4599
1473,4543
1473,5553
1473,5539
1473,5609
1473,11053
1473,5785
1473,12615
1473,10335
1473,5064
1474,20312
1474,20313
1474,20314
1474,19021
1474,20315
1474,20316
1474,12175
1474,12176
1474,20317
1474,20318
1474,20319
1474,14865
1474,14868
1474,12178
1474,14871
1474,20320
1474,12179
1474,14874
1474,20321
1474,3139
1474,5480
1474,20322
1474,12185
1474,12186
1474,12188
1474,5123
1474,20323
1474,12189
1474,20324
1474,13220
1474,20325
1474,13233
1474,9264
1474,12191
1474,12193
1474,20326
1474,20327
1474,4289
1474,12200
1474,4359
1474,4368
1474,20328
1474,4377
1474,9265
1474,9266
1474,9267
1474,14899
1474,20329
1474,14900
1474,20330
1474,14905
1474,5301
1474,4677
1474,9268
1474,4681
1474,5609
1474,20331
1474,20332
1474,9270
1475,20333
1475,20334
1475,20335
1475,20336
1475,5454
1475,5117
1475,20337
1475,20338
1475,20339
1475,20340
1475,20341
1475,10259
1475,20342
1475,20343
1475,20344
1475,20345
1475,20346
1475,20347
1475,3362
1475,3336
1475,20348
1475,20349
1475,20350
1475,20351
1475,10902
1475,20352
1475,20353
1475,20354
1475,3698
1475,20355
1475,20356
1475,12050
1475,9998
1475,8241
1475,20357
1475,15628
1475,6721
1475,5460
1475,4010
1475,4039
1475,20358
1475,4755
1475,3778
1475,20359
1475,20360
1475,20361
1475,6722
1475,4189
1475,13531
1475,4234
1475,4079
1475,20362
1475,20363
1475,20364
1475,4302
1475,20365
1475,20366
1475,5461
1475,6723
1475,4349
1475,20367
1475,10877
1475,20368
1475,20369
1475,4388
1475,20370
1475,20371
1475,16125
1475,5243
1475,20372
1475,5462
1475,20373
1475,6102
1475,20374
1475,20375
1475,20376
1475,20377
1475,4698
1475,9917
1475,20378
1475,20379
1475,4906
1475,6727
1475,5464
1475,4599
1475,20380
1475,4701
1475,20381
1475,20382
1475,4805
1475,20383
1475,12226
1475,10882
1476,4659
1476,8652
1476,20384
1476,12342
1476,12343
1476,20385
1476,20386
1476,20387
1476,20388
1476,20389
1476,20390
1476,20391
1476,3124
1476,20392
1476,20393
1476,20394
1476,20395
1476,20396
1476,20397
1476,20398
1476,20399
1476,20400
1476,20401
1476,9588
1476,20402
1476,20403
1476,20404
1476,20405
1476,20406
1476,20407
1476,20408
1476,20409
1476,20410
1476,20411
1476,20412
1476,20413
1476,20414
1476,10589
1476,5873
1476,20415
1476,20416
1476,20417
1476,15221
1476,20418
1476,20419
1476,20420
1476,8679
1476,20421
1476,4758
1476,20422
1476,20423
1476,20424
1476,20425
1476,20426
1476,20427
1476,20428
1476,20429
1476,20430
1476,20431
1476,14900
1476,20432
1476,20433
1476,20434
1476,20435
1476,20436
1476,20437
1476,20438
1476,12064
1476,14835
1476,20439
1476,20440
1476,20441
1476,12362
1476,20442
1476,20443
1476,20444
1476,8691
1476,14547
1476,20445
1476,20446
1476,20447
1476,18191
1476,8772
1476,20448
1476,20449
1476,20450
1476,16141
1476,20451
1476,20452
1476,20453
1476,4871
1476,20454
1476,20455
1476,20456
1476,4874
1476,20457
1476,5785
1476,20458
1476,20459
1476,20460
1476,20461
1476,20462
1477,20463
1477,6936
1477,20464
1477,20465
1477,20466
1477,20467
1477,20468
1477,20469
1477,20470
1477,20471
1477,20472
1477,20473
1477,10741
1477,8685
1477,20474
1477,20475
1477,4930
1477,20476
1477,4599
1477,20477
1477,20478
1477,20479
1477,20480
1477,16208
1478,20481
1478,17322
1478,20482
1478,20483
1478,20484
1478,20485
1478,1553
1478,20486
1478,20487
1478,20488
1478,20489
1478,20490
1478,20491
1478,20492
1478,20493
1478,20494
1478,20495
1478,20496
1478,20497
1478,20498
1478,20499
1478,20500
1478,20501
1478,20502
1478,20503
1478,6145
1478,20504
1478,20505
1478,20506
1478,13216
1478,14387
1478,20507
1478,4755
1478,20508
1478,20509
1478,7580
1478,5987
1478,20510
1478,4844
1478,20511
1478,20512
1478,20513
1478,4805
1478,20514
1479,20515
1479,6350
1479,5341
1479,8056
1479,20516
1479,19485
1479,20517
1479,20518
1479,20519
1479,18296
1479,4716
1479,20520
1479,20521
1479,20522
1479,20523
1479,20524
1479,20525
1479,6448
1479,20526
1479,20527
1479,20528
1479,20529
1479,20530
1479,5981
1479,5564
1479,7768
1479,11472
1479,5565
1479,15472
1479,9602
1479,20531
1479,4599
1479,20532
1479,7475
1479,13651
1479,20533
1479,20534
1479,20535
1479,4768
1479,4729
1479,19646
1479,7113
1479,20536
1480,20537
1480,20538
1480,9899
1480,20539
1480,20540
1480,20541
1480,20542
1480,20543
1480,3698
1480,20544
1480,20545
1480,20546
1480,20547
1480,20548
1480,20549
1480,20550
1480,20551
1480,20552
1480,20553
1480,4359
1480,4368
1480,20554
1480,20555
1480,20556
1480,20557
1480,19992
1480,20558
1480,20559
1480,20560
1480,20561
1480,20562
1480,20563
1480,20564
1480,9328
1480,20565
1480,20566
1480,20567
1480,20568
1480,20569
1480,4599
1480,20570
1480,20571
1480,20572
1480,20573
1480,20574
1480,20575
1480,20576
1480,20577
1480,20578
1480,20579
1480,20580
1480,20581
1480,20582
1480,20583
1480,20584
1481,20585
1481,20586
1481,20587
1481,20588
1481,20589
1481,20590
1481,20591
1481,10303
1481,20592
1481,7052
1481,4985
1481,20593
1481,5329
1481,20594
1481,5377
1481,20595
1481,20596
1481,20597
1481,20598
1481,20599
1481,4761
1481,11749
1481,4599
1481,8492
1481,4701
1481,20600
1481,20601
1481,10332
1481,5249
1481,20602
1481,5382
1481,20603
1481,12297
1481,20075
1482,20604
1482,16862
1482,20605
1482,20606
1482,5337
1482,4918
1482,20607
1482,20608
1482,6472
1482,20609
1482,5338
1482,20610
1482,14479
1482,10509
1482,4922
1482,5344
1482,20611
1482,3864
1482,20612
1482,4761
1482,4599
1482,7476
1482,20613
1483,20614
1483,20615
1483,19187
1483,20616
1483,20617
1483,20618
1483,9237
1483,20619
1483,20620
1483,20621
1483,20622
1483,20623
1483,15923
1483,19583
1483,19584
1483,20624
1483,20625
1483,5973
1483,19586
1483,7103
1483,20626
1483,20627
1483,20628
1485,20629
1485,5287
1485,20630
1485,20631
1485,20632
1485,4046
1485,6243
1485,6712
1485,4359
1485,4368
1485,19103
1485,10194
1485,5301
1485,10427
1485,5302
1485,20633
1485,4599
1485,5249
1485,20634
1485,20635
1485,4768
1486,20636
1486,20637
1486,20638
1486,20639
1486,20640
1486,20641
1486,20642
1486,20643
1486,20644
1486,20645
1486,20646
1486,3004
1486,20647
1486,20648
1486,3431
1486,20649
1486,20650
1486,3609
1486,16367
1486,9588
1486,3791
1486,5771
1486,7497
1486,5483
1486,4755
1486,4189
1486,20651
1486,7500
1486,4985
1486,20652
1486,20653
1486,20654
1486,5246
1486,7513
1486,20655
1486,20656
1486,4599
1486,20657
1486,5404
1486,20658
1486,20659
1486,20660
1486,5406
1487,2299
1487,20661
1487,5078
1487,7414
1487,2607
1487,13994
1487,3102
1487,3306
1487,3509
1487,20662
1487,5906
1487,5172
1487,20663
1487,20664
1487,5085
1487,3985
1487,20665
1487,12718
1487,4755
1487,20666
1487,4186
1487,6562
1487,4225
1487,7925
1487,20667
1487,4349
1487,4358
1487,4393
1487,14400
1487,17584
1487,7167
1487,10705
1487,4437
1487,4439
1487,4446
1487,5696
1487,10248
1487,10343
1487,4458
1487,4466
1487,16966
1487,5243
1487,6794
1487,8188
1487,4593
1487,5485
1487,9413
1487,4679
1487,4595
1487,4698
1487,9131
1487,4681
1487,4787
1487,15308
1487,4599
1487,5538
1487,4543
1487,20668
1487,5609
1487,15644
1487,12722
1487,7430
1487,20669
1487,4910
1487,20670
1487,10344
1487,20671
1487,12168
1487,20672
1487,5991
1487,5064
1487,4603
1487,20673
1488,20674
1488,20675
1488,20676
1488,20677
1488,20678
1488,20679
1488,20680
1488,20681
1488,20682
1488,20683
1488,20684
1488,4967
1488,20685
1488,20686
1488,20687
1488,20688
1488,20689
1488,20690
1488,20691
1488,20692
1488,20693
1488,20694
1488,20695
1488,20696
1488,20697
1488,20698
1488,20699
1488,10573
1488,20700
1488,20701
1488,9155
1488,20702
1488,20703
1488,20704
1488,20705
1488,20706
1488,20707
1488,20708
1488,20709
1488,20710
1488,20711
1488,20712
1488,12156
1488,20713
1488,4753
1488,20714
1488,20715
1488,6274
1488,20716
1488,5873
1488,10591
1488,20717
1488,20718
1488,20719
1488,5971
1488,20720
1488,19465
1488,20721
1488,20722
1488,20723
1488,20724
1488,20725
1488,20726
1489,20727
1489,2292
1489,2296
1489,20728
1489,20729
1489,20730
1489,20731
1489,20732
1489,20733
1489,20734
1489,20735
1489,6268
1489,20736
1489,20737
1489,20738
1489,20739
1489,7222
1489,7223
1489,7224
1489,20740
1489,20741
1489,20742
1489,20743
1489,11256
1489,20744
1489,20745
1489,18395
1489,20746
1489,20747
1489,20748
1489,15696
1489,20749
1489,20750
1489,20751
1489,20752
1489,7230
1489,20753
1489,20754
1489,20755
1489,20756
1489,20757
1489,20758
1489,20759
1489,20760
1489,11132
1489,20761
1489,20762
1489,20763
1489,20764
1489,20765
1489,4761
1489,20766
1489,13132
1489,4599
1489,5827
1489,20767
1489,20768
1489,20769
1489,20770
1489,4729
1489,20771
1489,7237
1490,20772
1490,14195
1490,20773
1490,20774
1490,20775
1490,4918
1490,10159
1490,20776
1490,20777
1490,20778
1490,14662
1490,4920
1490,5341
1490,6516
1490,14203
1490,8876
1490,19702
1490,5290
1490,20779
1490,20780
1490,6476
1490,6172
1490,2923
1490,17666
1490,6478
1490,6479
1490,6528
1490,5345
1490,6533
1490,5087
1490,4696
1490,5300
1490,6980
1490,8885
1490,14684
1490,4729
1492,13675
1492,20781
1492,5290
1492,20782
1492,20783
1492,3476
1492,20784
1492,5344
1492,20785
1492,5371
1492,20786
1492,4720
1492,20787
1492,4234
1492,20788
1492,16828
1492,4985
1492,14218
1492,16829
1492,4599
1492,20789
1492,5249
1492,8509
1492,7214
1493,13675
1493,5341
1493,2646
1493,5343
1493,5290
1493,12283
1493,6476
1493,6172
1493,2923
1493,3014
1493,11942
1493,20782
1493,5122
1493,5344
1493,5124
1493,18357
1493,3631
1493,5371
1493,3791
1493,7200
1493,20786
1493,4100
1493,16828
1493,4985
1493,4358
1493,20790
1493,14218
1493,4457
1493,16829
1493,4520
1493,20791
1493,20792
1493,4599
1493,19233
1493,19147
1493,7214
1494,20793
1494,20794
1494,6472
1494,2321
1494,20795
1494,20796
1494,2486
1494,5341
1494,2567
1494,20797
1494,5124
1494,4049
1494,9933
1494,4720
1494,19470
1494,5087
1494,7882
1494,7619
1494,4677
1494,13040
1494,4539
1494,4599
1494,5381
1495,20798
1495,5873
1495,20799
1495,10741
1495,9252
1495,9257
1495,4599
1496,1543
1496,1930
1496,2013
1496,2059
1496,2065
1496,2090
1496,6472
1496,20800
1496,2486
1496,6000
1496,14203
1496,2653
1496,20801
1496,6001
1496,5118
1496,20802
1496,4922
1496,16340
1496,5976
1496,15520
1496,11942
1496,3163
1496,16914
1496,20803
1496,3291
1496,8466
1496,6652
1496,20804
1496,20805
1496,5544
1496,5371
1496,4716
1496,3793
1496,3802
1496,3945
1496,3974
1496,4105
1496,9933
1496,14489
1496,4720
1496,4349
1496,18265
1496,4377
1496,4428
1496,4439
1496,4458
1496,8486
1496,5485
1496,4761
1496,4679
1496,13941
1496,4599
1496,8492
1496,18375
1496,5381
1496,19147
1496,20806
1496,20807
1496,20808
1496,6384
1496,4729
1497,8838
1497,6209
1497,20809
1497,20810
1497,8847
1497,20811
1497,20812
1497,6212
1497,6214
1497,20813
1497,20814
1497,20815
1497,20816
1497,20817
1497,6218
1497,20818
1497,13768
1497,8856
1497,4189
1497,4217
1497,20819
1497,6223
1497,6225
1497,8859
1497,20820
1497,4599
1497,5827
1497,4543
1497,5007
1497,20821
1497,13776
1498,20822
1498,2486
1498,20823
1498,5290
1498,7286
1498,20824
1498,13928
1498,20825
1498,20826
1498,6652
1498,5979
1498,20827
1498,18357
1498,3631
1498,20828
1498,20829
1498,4049
1498,20830
1498,4720
1498,20831
1498,4985
1498,9934
1498,20832
1498,4377
1498,5351
1498,13937
1498,16253
1498,20833
1498,4761
1498,20834
1498,20835
1498,20836
1498,4539
1498,20837
1498,16257
1498,20838
1498,9688
1498,12083
1498,4599
1498,4543
1498,9503
1498,20839
1498,5249
1498,5381
1498,8509
1498,6006
1498,20840
1498,19109
1498,20841
1498,20842
1498,14068
1498,6011
1498,20843
1498,6200
1499,20844
1499,20845
1499,20846
1499,15683
1499,20847
1499,20848
1499,20849
1499,20850
1499,9400
1499,20851
1499,20852
1499,20853
1499,9987
1499,3825
1499,7989
1499,3967
1499,6274
1499,5873
1499,20854
1499,15140
1499,20855
1499,20856
1499,7668
1499,20857
1499,20858
1499,4599
1499,15151
1499,10968
1499,20859
1499,20860
1500,4705
1500,20861
1500,18279
1500,2056
1500,15530
1500,8465
1500,5290
1500,5118
1500,6172
1500,10080
1500,6479
1500,10062
1500,5122
1500,12516
1500,5344
1500,5124
1500,7200
1500,4720
1500,4985
1528,20862
1528,20863
1528,5547
1528,4417
1528,20864
1528,4439
1528,6317
1528,12639
1528,4475
1528,20865
1528,8188
1528,7424
1528,6278
1528,20866
1528,17312
1528,9413
1528,4990
1528,20867
1528,7427
1528,4698
1528,20868
1528,16138
1528,20869
1528,4681
1528,20870
1528,13809
1528,4599
1528,4543
1528,5553
1528,20871
1528,13811
1528,20872
1528,20873
1528,4910
1528,17318
1528,20874
1538,20875
1538,20876
1538,20877
1538,3551
1538,20878
1538,20879
1538,20880
1538,3791
1538,11769
1538,3888
1538,3901
1538,17306
1538,4578
1538,7051
1538,3985
1538,3997
1538,20881
1538,20882
1538,4186
1538,4189
1538,20883
1538,6311
1538,1537
1538,4758
1538,20884
1538,4984
1538,4349
1538,20862
1538,20885
1538,4393
1538,4417
1538,20886
1538,4437
1538,4439
1538,4676
1538,4446
1538,4458
1538,20887
1538,4475
1538,17310
1538,7096
1538,20888
1538,7172
1538,5970
1538,6794
1538,20865
1538,20889
1538,20890
1538,10266
1538,8188
1538,20891
1538,4593
1538,7424
1538,6278
1538,20866
1538,17312
1538,20892
1538,12419
1538,20893
1538,7427
1538,18508
1538,4698
1538,6076
1538,4643
1538,16138
1538,20869
1538,4681
1538,13809
1538,4599
1538,4543
1538,13810
1538,5553
1538,13811
1538,20873
1538,7430
1538,20894
1538,4910
1538,17318
1538,14261
1538,20895
1538,20874
1538,11437
1538,5064
1538,4603
1538,18838
1603,20896
1603,20897
1603,12598
1603,20898
1603,20899
1603,5450
1603,20900
1603,20901
1603,20902
1603,4922
1603,20903
1603,12704
1603,20904
1603,20905
1603,20906
1603,20907
1603,20908
1603,20909
1603,6492
1603,14809
1603,14811
1603,20910
1603,8289
1603,19247
1603,20911
1603,18555
1603,4716
1603,20912
1603,20913
1603,6867
1603,20914
1603,4753
1603,9591
1603,19660
1603,16870
1603,20915
1603,4755
1603,14822
1603,20916
1603,20917
1603,14545
1603,14825
1603,20918
1603,20919
1603,8679
1603,20920
1603,9065
1603,12719
1603,20921
1603,20922
1603,6070
1603,19989
1603,20923
1603,20924
1603,20428
1603,20925
1603,9147
1603,6967
1603,20926
1603,20927
1603,20928
1603,19546
1603,20929
1603,20930
1603,20931
1603,13326
1603,4761
1603,20444
1603,6103
1603,14837
1603,6659
1603,4905
1603,5355
1603,20932
1603,20933
1603,6498
1603,4681
1603,16139
1603,20452
1603,4599
1603,5538
1603,16204
1603,4871
1603,5539
1603,15070
1603,20934
1603,14550
1603,4910
1603,16205
1603,20935
1603,18266
1603,20936
1603,6384
1603,20937
1603,20938
1603,16208
1603,11437
1638,6857
1638,20939
1638,3306
1638,20940
1638,4742
1638,19979
1638,20941
1638,7046
1638,15717
1638,3826
1638,4753
1638,7051
1638,4755
1638,20942
1638,4758
1638,4306
1638,5054
1638,9343
1638,20943
1638,20944
1638,13325
1638,4681
1638,4599
1638,13327
1638,20945
1638,20946
1638,20671
1638,4768
1638,5898
1638,20947
1681,20948
1681,20949
1681,3138
1681,3306
1681,3319
1681,3400
1681,3519
1681,3523
1681,6957
1681,20950
1681,20951
1681,3864
1681,20952
1681,3918
1681,20953
1681,20954
1681,4112
1681,4189
1681,20955
1681,20956
1681,20957
1681,4358
1681,4393
1681,20958
1681,4398
1681,20959
1681,5088
1681,20960
1681,20961
1681,20962
1681,7426
1681,20963
1681,20964
1681,7698
1681,20965
1681,4698
1681,5353
1681,20966
1681,20967
1681,20968
1681,20969
1681,20970
1681,4643
1681,20971
1681,20972
1681,18833
1681,20973
1681,7261
1681,5269
1681,20974
1681,20975
1681,20976
1681,20977
1681,4599
1681,20978
1681,12956
1681,7104
1681,20979
1681,20980
1681,5249
1681,20981
1681,20982
1681,20983
1705,20984
1705,9151
1705,3261
1705,3587
1705,20985
1705,3622
1705,20986
1705,20987
1705,20988
1705,20989
1705,20990
1705,7782
1705,20991
1705,20992
1705,11617
1705,6121
1705,20993
1705,20994
1705,7783
1705,4337
1705,20995
1705,20996
1705,20997
1705,20998
1705,20999
1705,21000
1705,7120
1705,21001
1705,7784
1705,21002
1705,21003
1705,4698
1705,21004
1705,4599
1705,5827
1705,8620
1705,21005
1705,5000
1705,14548
1705,21006
1705,6131
1705,21007
1705,21008
1705,21009
1705,7795
1705,21010
1705,21011
1705,21012
1705,4604
1705,21013
1803,14862
1803,5078
1803,14868
1803,12177
1803,12178
1803,14871
1803,12179
1803,19032
1803,14874
1803,3115
1803,12182
1803,3305
1803,20322
1803,12185
1803,12186
1803,12187
1803,12188
1803,14884
1803,21014
1803,12189
1803,20324
1803,21015
1803,21016
1803,9264
1803,12191
1803,12193
1803,12194
1803,4755
1803,21017
1803,21018
1803,5086
1803,4696
1803,4390
1803,5261
1803,4452
1803,14899
1803,14900
1803,14905
1803,8412
1803,4761
1803,4698
1803,14911
1803,20869
1803,4599
1803,5609
1805,21019
1805,21020
1805,5117
1805,21021
1805,18472
1805,21022
1805,21023
1805,21024
1805,4753
1805,21025
1805,20358
1805,15492
1805,21026
1805,21027
1805,21028
1805,6970
1805,4677
1805,15060
1805,12750
1805,21029
1805,6971
1805,5056
1805,16695
1805,5057
1805,12594
1805,21030
1805,21031
1805,21032
1805,21033
1805,5473
1805,21034
1805,21035
1806,21036
1806,21037
1806,21038
1806,21039
1806,21040
1806,21041
1806,14295
1806,21042
1806,12137
1806,21043
1806,21044
1806,21045
1806,21046
1806,21047
1806,21048
1806,21049
1806,21050
1806,21051
1806,21052
1806,21053
1806,21054
1806,13416
1806,21055
1806,21056
1806,21057
1806,13419
1806,21058
1806,21059
1806,21060
1806,21061
1806,8793
1806,21062
1806,21063
1806,21064
1806,21065
1806,4753
1806,4578
1806,21066
1806,21067
1806,13425
1806,5589
1806,6562
1806,21068
1806,19056
1806,21069
1806,21070
1806,21071
1806,21072
1806,6320
1806,21073
1806,8412
1806,4678
1806,4679
1806,21074
1806,4681
1806,4599
1806,4543
1806,5539
1806,5609
1806,8775
1806,21075
1806,21076
1806,21077
1806,21078
1806,21079
1807,21080
1807,21081
1807,21082
1807,21083
1807,21084
1807,3133
1807,21085
1807,21086
1807,21087
1807,21088
1807,21089
1807,21090
1807,16566
1807,21091
1807,13908
1807,4185
1807,15448
1807,21092
1807,4356
1807,21093
1807,9598
1807,21094
1807,7402
1807,6876
1807,5399
1807,6877
1807,13647
1807,5403
1807,4599
1807,21095
1807,7430
1807,19551
1807,21096
1807,21097
1807,5064
1807,19314
1807,21098
1808,2279
1808,2393
1808,2499
1808,21099
1808,21100
1808,21101
1808,21102
1808,21103
1808,5420
1808,21104
1808,21105
1808,21106
1808,4782
1808,4678
1808,11919
1808,21107
1808,5610
1808,21108
1808,21109
1809,21110
1809,21111
1809,21112
1809,21113
1809,5147
1809,21114
1809,21115
1809,6356
1809,21116
1809,5157
1809,21117
1809,21118
1809,21119
1809,5159
1809,5985
1809,21120
1809,21121
1809,5163
1809,21122
1809,11301
1809,21123
1809,6493
1809,4753
1809,7051
1809,4978
1809,4756
1809,7925
1809,11837
1809,4984
1809,21124
1809,21125
1809,5180
1809,5181
1809,4587
1809,4590
1809,4591
1809,4594
1809,4762
1809,21126
1809,4597
1809,4681
1809,5609
1809,4600
1809,15928
1812,21127
1812,21128
1812,21129
1812,21130
1812,13009
1812,18540
1812,21131
1812,21132
1812,21133
1812,21134
1812,21135
1812,21136
1812,3474
1812,21137
1812,21086
1812,6860
1812,17727
1812,11405
1812,5392
1812,11407
1812,5483
1812,4755
1812,21138
1812,11409
1812,21139
1812,6870
1812,11413
1812,11414
1812,7401
1812,5398
1812,9408
1812,17993
1812,4380
1812,4421
1812,6876
1812,9147
1812,6877
1812,11420
1812,6072
1812,4500
1812,21140
1812,4761
1812,4679
1812,19525
1812,5403
1812,21141
1812,4599
1812,5539
1812,21142
1812,21143
1812,21144
1812,5064
1812,21145
1813,21146
1813,21147
1813,7320
1813,11211
1813,8436
1813,21148
1813,12485
1813,21149
1813,11292
1813,15670
1813,21150
1813,21151
1813,21152
1813,19477
1813,21153
1813,21154
1813,19753
1813,21155
1813,21156
1813,6644
1813,5998
1813,21157
1813,21158
1813,5620
1813,21159
1813,21160
1813,12498
1813,20781
1813,21161
1813,21162
1813,12502
1813,6350
1813,7328
1813,12504
1813,18909
1813,14667
1813,21163
1813,21164
1813,14671
1813,7285
1813,5343
1813,7287
1813,21165
1813,5116
1813,11643
1813,11939
1813,6649
1813,5118
1813,10422
1813,6034
1813,21166
1813,10058
1813,15443
1813,16219
1813,14061
1813,11942
1813,7854
1813,9485
1813,21167
1813,21168
1813,5979
1813,5344
1813,5124
1813,5371
1813,4716
1813,7200
1813,5345
1813,5295
1813,5908
1813,4720
1813,6655
1813,5911
1813,11924
1813,21169
1813,21170
1813,12440
1814,21171
1814,6109
1814,9151
1814,21172
1814,2758
1814,3059
1814,21173
1814,21174
1814,3622
1814,3922
1814,4036
1814,7782
1814,11617
1814,6121
1814,4258
1814,21175
1814,4421
1814,7120
1814,21000
1814,6126
1814,7784
1814,7785
1814,7788
1814,7126
1814,4599
1814,21176
1814,6130
1814,21177
1814,21178
1814,17303
1814,7798
1814,21179
1814,21180
1814,21181
1814,7710
1815,21182
1815,21183
1815,21184
1815,21185
1815,21186
1815,21187
1815,21188
1815,21189
1815,21190
1815,12192
1815,21191
1815,19061
1815,21192
1816,21193
1816,15691
1816,21194
1816,21195
1816,21196
1816,21197
1816,3690
1816,21198
1816,21199
1816,21200
1816,21201
1816,21202
1816,21203
1816,21204
1816,21205
1816,21206
1816,13280
1816,21207
1816,21208
1816,21209
1816,9340
1816,21210
1816,5088
1816,21211
1816,21212
1816,21213
1816,21214
1816,4904
1816,21215
1816,6796
1816,5246
1816,6619
1816,21216
1816,8917
1816,6077
1816,21217
1816,21218
1816,7262
1816,5269
1816,4599
1816,21219
1816,5305
1816,6500
1816,7104
1816,5610
1816,9415
1816,5006
1816,21220
1816,21221
1816,7272
1816,7436
1816,21222
1816,4603
1817,21223
1817,11378
1817,21224
1817,21225
1817,21226
1817,21227
1817,16943
1817,21228
1817,21229
1817,21230
1817,12848
1817,21231
1817,3256
1817,21232
1817,21233
1817,17476
1817,11395
1817,11398
1817,5390
1817,18417
1817,3729
1817,21234
1817,5051
1817,21235
1817,21236
1817,21237
1817,21238
1817,8728
1817,21239
1817,5393
1817,21240
1817,5528
1817,21241
1817,6274
1817,21242
1817,5873
1817,21243
1817,21244
1817,21245
1817,16573
1817,21246
1817,21247
1817,13967
1817,4327
1817,11416
1817,21248
1817,9946
1817,21249
1817,11417
1817,21250
1817,5399
1817,10122
1817,15060
1818,21251
1818,21252
1818,21253
1818,21254
1818,7192
1818,21255
1818,5341
1818,21256
1818,6000
1818,8465
1818,21257
1818,5976
1818,8502
1818,5979
1818,4716
1818,15778
1818,12437
1818,21258
1818,21259
1818,4720
1818,21260
1818,9653
1818,21261
1818,21262
1818,16924
1818,21263
1818,8509
1818,9690
1818,4729
1819,21264
1819,20734
1819,21265
1819,21266
1819,21267
1819,21268
1819,21269
1819,20748
1819,15696
1819,21270
1819,21271
1819,20749
1819,21272
1819,21273
1819,14489
1819,21274
1819,7231
1819,20755
1819,21275
1819,21276
1819,4393
1819,21277
1819,21278
1819,21279
1819,21280
1819,21281
1819,21282
1819,21283
1819,20767
1819,21284
1819,21285
1819,21286
1820,21287
1820,2665
1820,21288
1820,21289
1820,21290
1820,3478
1820,21291
1820,3975
1820,5483
1820,4755
1820,4216
1820,4255
1820,21292
1820,21293
1820,4399
1820,4458
1820,5485
1820,4698
1820,6077
1820,4599
1820,4543
1820,4910
1820,21294
1820,21295
1820,21296
1821,21297
1821,21049
1821,21298
1821,3337
1821,13419
1821,21299
1821,21060
1821,21300
1821,21301
1821,21064
1821,3893
1821,4578
1821,21066
1821,19661
1821,4010
1821,21302
1821,21303
1821,4777
1821,4410
1821,21304
1821,4458
1821,21305
1821,21306
1821,21307
1821,21308
1821,21309
1821,21310
1821,7789
1821,21311
1821,21312
1821,4678
1821,21313
1821,11919
1821,21074
1821,4698
1821,10856
1821,4681
1821,21314
1821,4787
1821,4599
1821,4543
1821,5539
1821,5609
1821,21315
1821,21316
1821,21317
1822,21318
1822,21319
1822,21320
1822,21051
1822,21321
1822,21322
1822,21323
1822,2986
1822,21324
1822,21325
1822,21326
1822,21327
1822,3437
1822,5581
1822,3571
1822,3611
1822,21328
1822,6576
1822,21329
1822,4753
1822,21330
1822,4582
1822,21331
1822,21332
1822,4410
1822,15922
1822,4586
1822,21333
1822,8412
1822,21334
1822,4787
1822,21335
1822,12615
1822,4805
1823,21336
1823,21337
1823,21338
1823,21339
1823,21340
1823,21341
1823,21342
1823,21343
1823,21344
1823,21345
1823,21346
1823,21347
1823,21348
1823,21349
1823,21350
1823,21351
1823,21352
1823,21353
1823,21354
1823,4388
1823,21355
1823,21356
1823,4677
1823,9411
1823,4698
1823,4930
1823,4681
1823,4599
1823,5486
1824,15930
1824,21357
1824,2022
1824,21358
1824,21359
1824,3069
1824,3085
1824,12047
1824,3246
1824,3306
1824,3587
1824,5544
1824,11403
1824,21360
1824,3857
1824,10261
1824,3880
1824,3894
1824,21361
1824,3950
1824,19661
1824,4058
1824,21362
1824,4189
1824,4191
1824,6562
1824,21363
1824,4267
1824,4286
1824,4349
1824,4358
1824,4393
1824,4411
1824,4329
1824,5547
1824,3813
1824,6317
1824,4446
1824,21364
1824,4458
1824,7096
1824,5970
1824,4508
1824,8188
1824,21365
1824,4868
1824,5485
1824,12419
1824,5987
1824,5606
1824,4698
1824,4643
1824,9687
1824,4681
1824,21366
1824,8189
1824,4599
1824,4543
1824,4871
1824,5553
1824,21367
1824,5486
1824,5035
1824,12439
1824,5249
1824,21368
1824,21369
1824,21370
1824,21371
1824,6569
1824,12072
1824,11437
1824,9136
1824,5064
1824,21372
1824,21373
1824,8362
1825,4733
1825,21374
1825,4968
1825,4969
1825,21375
1825,21376
1825,2926
1825,4737
1825,21377
1825,4741
1825,4744
1825,4745
1825,21378
1825,4749
1825,4750
1825,21379
1825,4754
1825,10791
1825,4979
1825,4980
1825,21380
1825,4984
1825,21381
1825,4986
1825,10247
1825,21382
1825,21383
1825,4759
1825,4760
1825,4762
1825,4597
1825,4763
1825,4764
1825,4766
1825,4768
1826,21384
1826,21385
1826,21386
1826,21387
1827,21388
1827,12339
1827,21389
1827,21390
1827,15469
1827,21391
1827,10576
1827,10704
1827,4742
1827,9404
1827,5742
1827,4884
1827,6059
1827,21392
1827,21393
1827,21394
1827,7989
1827,4753
1827,6274
1827,21395
1827,21396
1827,16072
1827,5883
1827,21397
1827,13584
1827,21398
1827,9256
1827,21399
1827,7100
1827,5464
1827,5827
1827,10605
1827,21400
1829,4659
1829,21401
1829,21402
1829,21403
1829,19340
1829,7754
1829,21404
1829,3283
1829,21405
1829,16113
1829,21406
1829,21407
1829,21408
1829,21409
1829,21410
1829,13238
1829,7920
1829,17253
1829,21411
1829,21412
1829,7732
1829,5483
1829,21413
1829,21414
1829,14309
1829,21415
1829,19347
1829,17408
1829,4755
1829,21416
1829,21417
1829,21418
1829,21419
1829,21420
1829,4189
1829,13243
1829,21421
1829,4234
1829,21422
1829,8679
1829,21423
1829,21424
1829,21425
1829,20365
1829,4696
1829,21426
1829,4349
1829,21427
1829,4393
1829,12359
1829,21428
1829,7580
1829,21429
1829,21430
1829,4439
1829,4446
1829,21431
1829,21432
1829,21433
1829,21434
1829,21435
1829,21436
1829,5550
1829,4868
1829,4677
1829,21437
1829,16136
1829,21438
1829,5485
1829,21439
1829,4698
1829,21440
1829,6726
1829,21441
1829,4681
1829,16139
1829,16141
1829,21442
1829,4599
1829,4543
1829,16142
1829,4701
1829,21443
1829,5249
1829,8775
1829,21444
1829,21445
1829,21446
1829,10387
1830,21447
1830,21448
1830,21449
1830,5904
1830,21450
1830,16113
1830,8331
1830,21451
1830,19345
1830,15220
1830,15221
1830,21452
1830,21453
1830,21454
1830,21455
1830,6978
1830,16123
1830,4427
1830,21456
1830,15222
1830,16127
1830,15223
1830,21457
1830,21458
1830,15224
1830,5301
1830,5821
1830,16135
1830,14558
1830,15226
1830,8556
1830,4681
1830,16139
1830,21459
1830,16140
1830,5269
1830,5304
1830,16141
1830,4599
1830,15925
1830,21460
1830,4600
1830,21461
1830,12615
1830,21462
1830,21463
1831,21464
1831,21465
1831,21466
1831,21467
1831,21468
1831,21469
1831,18250
1831,21470
1831,21471
1831,21472
1831,21473
1831,21474
1831,18932
1831,21475
1831,18933
1831,21476
1831,21477
1831,21478
1831,18934
1831,21479
1831,21480
1831,10375
1831,21481
1831,21482
1831,6712
1831,21483
1831,4368
1831,12245
1831,5261
1831,5981
1831,21484
1831,4523
1831,10427
1831,4761
1831,4539
1831,5269
1831,21485
1831,21486
1831,4768
1831,21487
1832,21488
1832,21489
1832,21490
1832,8714
1832,4857
1832,5117
1832,2738
1832,16071
1832,18949
1832,21491
1832,2910
1832,21492
1832,21493
1832,3168
1832,21494
1832,21495
1832,4742
1832,21496
1832,3434
1832,21497
1832,21498
1832,5742
1832,9238
1832,21499
1832,7989
1832,21500
1832,5172
1832,3877
1832,12156
1832,4753
1832,5747
1832,21501
1832,6824
1832,9243
1832,5873
1832,10904
1832,4720
1832,21502
1832,21503
1832,9244
1832,21504
1832,21505
1832,10591
1832,21506
1832,9245
1832,21507
1832,4439
1832,21508
1832,5883
1832,13584
1832,9248
1832,7123
1832,9252
1832,9256
1832,21509
1832,21510
1832,9259
1832,19591
1832,5304
1832,21511
1832,7103
1832,14548
1832,21512
1832,19445
1832,4729
1832,12297
1832,5898
1832,5064
1832,5358
1833,21513
1833,21514
1833,21515
1833,10164
1833,21516
1833,21517
1833,21518
1833,21519
1833,12141
1833,21520
1833,17732
1833,21521
1833,21522
1833,7043
1833,21523
1833,21524
1833,21525
1833,6491
1833,15241
1833,21526
1833,21527
1833,10625
1833,21528
1833,5030
1833,4753
1833,5483
1833,21529
1833,21530
1833,21531
1833,4278
1833,21532
1833,21533
1833,10741
1833,21534
1833,14515
1833,21535
1833,12063
1833,21536
1833,21537
1833,7698
1833,13589
1833,21538
1833,21539
1833,12069
1833,21540
1833,21541
1833,21542
1833,21543
1833,4910
1833,21544
1833,21545
1833,10707
1833,21546
1833,10184
1833,21547
1833,21548
1833,4805
1833,21549
1834,21550
1834,8723
1834,21551
1834,21552
1834,19743
1834,6056
1834,19072
1834,21553
1834,11386
1834,21554
1834,21555
1834,16559
1834,16560
1834,3133
1834,11389
1834,16562
1834,11391
1834,21556
1834,21557
1834,13573
1834,3422
1834,19747
1834,21558
1834,11398
1834,5560
1834,21559
1834,3620
1834,21560
1834,15661
1834,3689
1834,21561
1834,3823
1834,6064
1834,5392
1834,21562
1834,19749
1834,21563
1834,21564
1834,4016
1834,21565
1834,21566
1834,7761
1834,6870
1834,6068
1834,4185
1834,16572
1834,15448
1834,21567
1834,5398
1834,4356
1834,13910
1834,21568
1834,5696
1834,5399
1834,5883
1834,9599
1834,21569
1834,21570
1834,21571
1834,6074
1834,4679
1834,5564
1834,5565
1834,5403
1834,4599
1834,4871
1834,14548
1834,14550
1834,19551
1834,4874
1834,21572
1834,20935
1834,16580
1834,21573
1834,21574
1834,21575
1834,7411
1834,5898
1834,10274
1834,11437
1834,5064
1834,8362
1835,21576
1835,1998
1835,21577
1835,2483
1835,2549
1835,21578
1835,7414
1835,21579
1835,21580
1835,21581
1835,21582
1835,21583
1835,21584
1835,2819
1835,2859
1835,21585
1835,2957
1835,3032
1835,3045
1835,21586
1835,3112
1835,21587
1835,21588
1835,21589
1835,21590
1835,21591
1835,21592
1835,3424
1835,21593
1835,20877
1835,21594
1835,21595
1835,21596
1835,3722
1835,21597
1835,8542
1835,3671
1835,19680
1835,21598
1835,21599
1835,21600
1835,21601
1835,21602
1835,21603
1835,3934
1835,11154
1835,21604
1835,7417
1835,21605
1835,4148
1835,21606
1835,4162
1835,21607
1835,21608
1835,21609
1835,6311
1835,21610
1835,21611
1835,21612
1835,21613
1835,21614
1835,4349
1835,9562
1835,21615
1835,5695
1835,21616
1835,21617
1835,4586
1835,4439
1835,21618
1835,4676
1835,21619
1835,21620
1835,21621
1835,8550
1835,21622
1835,4475
1835,21623
1835,7096
1835,21624
1835,19689
1835,21625
1835,21626
1835,21627
1835,21628
1835,21629
1835,21630
1835,21631
1835,4761
1835,21632
1835,21633
1835,11919
1835,19692
1835,21634
1835,21635
1835,21636
1835,21637
1835,6598
1835,8556
1835,21638
1835,8558
1835,4681
1835,21639
1835,4786
1835,21640
1835,4599
1835,4543
1835,21641
1835,15152
1835,5609
1835,8560
1835,21642
1835,21643
1835,21644
1835,21645
1835,5063
1836,2320
1836,2325
1836,9075
1836,2778
1836,10513
1836,21646
1836,17826
1836,21647
1836,21648
1836,7199
1836,17829
1836,21649
1836,6002
1836,21650
1836,21651
1836,4720
1836,21652
1836,21653
1836,6533
1836,5372
1836,4985
1836,21654
1836,7203
1836,6291
1836,6448
1836,16223
1836,14935
1836,12803
1836,6537
1836,6794
1836,17840
1836,19491
1836,21655
1836,21656
1836,4761
1836,21657
1836,12082
1836,6980
1836,21658
1836,21659
1836,4599
1836,17842
1836,21660
1836,21661
1836,13918
1836,21662
1836,21663
1836,16229
1836,4768
1836,4729
1837,21664
1837,21665
1837,21666
1837,21667
1837,5116
1837,10704
1837,3433
1837,21668
1837,21669
1837,4720
1837,21670
1837,5372
1837,21671
1837,7054
1837,4761
1837,21672
1837,21673
1837,5609
1837,10223
1837,5381
1837,21674
1837,8509
1837,21675
1837,21676
1838,21677
1838,3376
1838,17783
1838,21678
1838,3860
1838,21679
1838,21238
1838,21680
1838,21681
1838,4189
1838,15037
1838,21682
1838,4231
1838,10117
1838,21683
1838,21684
1838,15044
1838,4415
1838,6565
1838,4439
1838,21685
1838,15493
1838,21250
1838,21686
1838,6968
1838,21687
1838,20060
1838,21688
1838,13807
1838,21689
1838,5532
1838,6970
1838,15060
1838,12751
1838,6971
1838,5056
1838,16695
1838,5057
1838,4599
1838,5539
1838,5404
1838,16578
1838,17494
1838,9730
1838,10127
1838,5406
1839,18514
1839,21690
1839,21691
1839,21692
1839,8056
1839,2806
1839,21693
1839,3144
1839,21694
1839,5560
1839,12434
1839,3825
1839,21695
1839,21696
1839,5563
1839,21697
1839,9406
1839,21698
1839,4439
1839,4676
1839,20528
1839,4508
1839,12582
1839,15834
1839,4868
1839,9410
1839,4698
1839,5564
1839,4643
1839,4681
1839,4599
1839,4543
1839,5553
1839,21142
1839,21699
1839,21700
1839,5064
1839,9148
1839,21701
1840,21702
1840,5104
1840,21703
1840,10895
1840,21704
1840,21705
1840,21706
1840,10897
1840,21707
1840,2866
1840,14990
1840,21708
1840,10900
1840,14249
1840,11087
1840,21709
1840,6059
1840,10901
1840,21710
1840,21711
1840,10903
1840,10480
1840,21712
1840,21713
1840,21714
1840,11093
1840,21715
1840,21716
1840,3778
1840,21717
1840,21718
1840,21719
1840,21720
1840,4302
1840,10905
1840,21721
1840,11103
1840,21722
1840,9914
1840,11104
1840,15817
1840,21723
1840,20209
1840,21724
1840,21725
1840,4930
1840,21726
1840,21727
1840,21728
1840,9919
1840,9460
1840,11108
1840,12439
1840,21729
1840,21730
1840,12123
1840,8362
1840,21731
1841,21732
1841,21733
1841,6268
1841,2957
1841,21734
1841,21735
1841,4883
1841,3245
1841,21736
1841,21737
1841,7228
1841,3864
1841,21738
1841,4755
1841,7230
1841,4696
1841,4359
1841,4358
1841,21739
1841,4439
1841,21740
1841,4678
1841,16643
1841,15308
1841,4599
1841,4543
1841,5249
1841,18837
1841,5613
1841,4768
1841,20147
1842,21741
1842,21742
1842,21743
1842,13837
1842,4882
1842,21744
1842,21745
1842,21746
1842,21747
1842,21748
1842,21749
1842,21750
1842,21751
1842,21752
1842,21753
1842,21754
1842,21755
1842,21756
1842,7394
1842,21757
1842,6067
1842,21758
1842,21759
1842,6869
1842,21760
1842,6068
1842,4185
1842,9594
1842,9595
1842,21761
1842,21762
1842,17877
1842,20365
1842,6069
1842,5398
1842,4356
1842,21093
1842,21763
1842,7928
1842,5399
1842,5970
1842,21764
1842,4868
1842,7668
1842,5973
1842,8526
1842,5356
1842,5403
1842,4681
1842,5464
1842,4599
1842,6728
1842,21765
1842,5553
1842,21766
1842,5256
1842,21767
1843,2040
1843,21768
1843,21769
1843,21770
1843,9758
1843,3498
1843,21771
1843,9764
1843,9766
1843,4632
1843,21772
1843,4634
1843,4186
1843,21773
1843,9769
1843,6320
1843,21774
1843,21775
1843,4599
1843,4910
1843,21776
1844,21777
1844,21778
1844,21779
1844,21780
1844,21781
1844,21782
1844,21783
1844,21784
1844,21785
1844,21786
1844,21787
1844,21788
1844,21789
1844,4189
1844,21790
1844,21791
1844,21792
1844,21793
1844,20556
1844,21794
1844,21214
1844,21795
1844,4599
1844,4543
1844,21796
1844,21797
1845,14843
1845,12768
1845,6241
1845,21798
1845,21799
1845,2644
1845,21800
1845,21801
1845,4922
1845,21802
1845,21803
1845,21804
1845,3051
1845,11942
1845,9665
1845,21805
1845,21806
1845,19884
1845,21807
1845,21808
1845,21809
1845,3278
1845,3305
1845,3306
1845,21810
1845,11151
1845,3400
1845,3424
1845,21811
1845,21812
1845,6433
1845,21813
1845,21814
1845,21815
1845,21816
1845,21817
1845,4692
1845,14846
1845,21818
1845,21819
1845,10342
1845,3483
1845,5544
1845,13339
1845,20631
1845,21820
1845,3690
1845,13665
1845,21821
1845,20325
1845,9376
1845,8754
1845,21822
1845,3763
1845,21823
1845,3830
1845,3888
1845,5349
1845,21824
1845,21825
1845,21826
1845,3913
1845,21827
1845,21828
1845,21829
1845,21830
1845,3945
1845,4695
1845,6242
1845,21831
1845,3947
1845,14677
1845,3988
1845,4053
1845,19431
1845,21832
1845,21833
1845,21834
1845,4078
1845,21835
1845,21836
1845,21837
1845,4118
1845,21838
1845,21839
1845,4131
1845,21840
1845,21841
1845,21842
1845,21843
1845,21844
1845,21845
1845,21846
1845,21847
1845,21848
1845,21849
1845,21850
1845,4189
1845,21851
1845,4199
1845,16989
1845,21852
1845,4720
1845,21853
1845,7690
1845,21854
1845,21855
1845,9670
1845,4234
1845,21856
1845,4250
1845,21857
1845,6671
1845,21858
1845,21859
1845,6244
1845,21860
1845,21861
1845,4290
1845,21862
1845,21863
1845,21864
1845,5054
1845,21865
1845,21866
1845,4310
1845,6245
1845,4345
1845,4349
1845,21867
1845,21868
1845,21869
1845,21870
1845,19436
1845,21871
1845,8907
1845,21872
1845,10394
1845,7249
1845,21873
1845,21874
1845,17121
1845,21875
1845,21876
1845,21877
1845,11156
1845,21878
1845,5546
1845,21879
1845,6672
1845,4410
1845,21880
1845,21881
1845,5547
1845,18000
1845,5261
1845,4420
1845,21882
1845,21883
1845,21884
1845,21885
1845,7422
1845,18001
1845,21886
1845,4437
1845,4439
1845,21887
1845,4446
1845,9343
1845,21888
1845,21889
1845,19442
1845,10409
1845,21890
1845,6292
1845,21891
1845,14961
1845,21892
1845,21893
1845,21894
1845,19443
1845,10410
1845,21895
1845,21896
1845,9383
1845,21897
1845,7506
1845,21898
1845,9384
1845,21899
1845,21900
1845,21901
1845,21902
1845,6246
1845,10411
1845,21903
1845,21904
1845,21905
1845,10395
1845,21906
1845,10412
1845,21907
1845,21908
1845,21909
1845,21910
1845,21911
1845,8915
1845,21912
1845,21913
1845,21914
1845,21915
1845,4508
1845,21916
1845,21917
1845,8188
1845,21918
1845,5301
1845,21919
1845,13342
1845,21920
1845,21921
1845,4593
1845,18829
1845,8412
1845,13913
1845,21922
1845,21923
1845,10396
1845,21924
1845,4524
1845,5302
1845,4525
1845,11747
1845,7425
1845,5485
1845,4761
1845,21925
1845,4679
1845,21926
1845,21927
1845,21928
1845,21929
1845,21930
1845,5265
1845,21931
1845,20143
1845,17201
1845,18019
1845,4698
1845,5353
1845,21932
1845,21933
1845,10195
1845,21934
1845,16347
1845,21935
1845,21936
1845,5973
1845,4539
1845,10397
1845,13343
1845,21937
1845,10398
1845,5356
1845,21938
1845,21939
1845,4681
1845,9350
1845,21940
1845,5269
1845,21941
1845,21942
1845,21943
1845,21944
1845,21945
1845,6456
1845,21946
1845,21947
1845,4599
1845,9132
1845,21948
1845,4543
1845,7264
1845,21949
1845,21950
1845,21951
1845,6330
1845,21952
1845,5553
1845,15711
1845,13063
1845,21953
1845,21954
1845,21955
1845,5486
1845,7548
1845,21956
1845,21957
1845,6335
1845,21958
1845,21959
1845,21960
1845,21961
1845,21962
1845,21963
1845,21964
1845,21965
1845,11159
1845,21966
1845,19782
1845,21967
1845,19329
1845,21968
1845,21969
1845,21970
1845,21971
1845,21972
1845,5358
1845,21973
1845,21974
1845,21975
1846,21976
1846,21977
1846,21978
1846,21979
1846,21980
1846,9501
1846,21981
1846,21982
1846,4723
1846,21983
1846,21984
1846,21985
1846,21986
1846,21987
1846,21988
1846,21989
1846,21990
1846,21991
1846,21992
1846,21993
1846,21994
1846,21995
1846,21996
1846,21997
1846,21998
1846,21999
1846,22000
1846,22001
1846,22002
1846,22003
1846,22004
1846,22005
1848,22006
1848,22007
1848,22008
1848,22009
1848,22010
1848,2984
1848,22011
1848,22012
1848,22013
1848,22014
1848,22015
1848,22016
1848,22017
1848,22018
1848,15089
1848,6096
1848,22019
1848,22020
1848,9559
1848,8334
1848,22021
1848,22022
1848,22023
1848,22024
1848,22025
1848,22026
1848,4761
1848,22027
1848,22028
1848,6296
1848,22029
1848,21657
1848,20835
1848,22030
1848,7621
1848,5827
1848,5381
1848,22031
1848,22032
1849,22033
1849,22034
1849,5620
1849,22035
1849,6025
1849,22036
1849,22037
1849,22038
1849,22039
1849,22040
1849,22041
1849,22042
1849,22043
1849,22044
1849,9617
1849,22045
1849,22046
1849,6000
1849,6030
1849,22047
1849,9618
1849,22048
1849,22049
1849,5290
1849,11643
1849,10421
1849,5118
1849,22050
1849,4922
1849,5976
1849,16538
1849,22051
1849,19931
1849,14675
1849,10080
1849,5979
1849,5344
1849,18296
1849,22052
1849,4716
1849,10384
1849,5381
1849,8509
1849,6384
1850,22053
1850,22054
1850,22055
1850,22056
1850,8788
1850,22057
1850,22058
1850,5117
1850,5118
1850,4922
1850,22059
1850,3235
1850,3276
1850,22060
1850,22061
1850,22062
1850,4748
1850,17068
1850,4716
1850,4976
1850,12219
1850,22063
1850,22064
1850,22065
1850,22066
1850,4755
1850,22067
1850,22068
1850,22069
1850,22070
1850,22071
1850,10798
1850,5181
1850,4761
1850,4600
1850,4910
1850,18266
1850,22072
1851,22073
1851,22074
1851,3380
1851,3523
1851,3655
1851,22075
1851,22076
1851,3799
1851,22077
1851,22078
1851,6002
1851,3988
1851,3918
1851,13619
1851,16725
1851,7690
1851,4356
1851,4377
1851,19969
1851,7425
1851,7426
1851,22079
1851,4599
1851,5827
1851,22080
1851,16996
1852,22081
1852,22082
1852,22083
1852,16902
1852,22084
1852,22085
1852,5047
1852,10703
1852,22086
1852,3118
1852,13118
1852,22087
1852,10704
1852,3344
1852,4742
1852,3514
1852,5742
1852,6059
1852,22088
1852,22089
1852,9588
1852,3711
1852,22090
1852,5172
1852,4753
1852,5084
1852,22091
1852,4755
1852,22092
1852,22093
1852,4189
1852,5237
1852,4865
1852,22094
1852,10264
1852,9343
1852,22095
1852,5243
1852,22096
1852,7054
1852,4524
1852,5982
1852,4681
1852,4599
1852,4910
1852,10707
1852,22097
1852,5357
1852,22098
1852,5406
1854,22099
1854,22100
1854,22101
1854,22102
1854,22103
1854,22104
1854,22105
1854,22106
1854,22107
1854,4189
1854,22108
1854,22109
1854,22110
1854,22111
1854,22112
1854,6074
1854,13939
1854,22113
1854,22114
1854,22115
1854,22116
1854,22117
1854,22118
1854,5357
1854,22119
1854,22120
1854,22121
1855,22122
1855,22123
1855,22124
1855,22125
1855,9751
1855,4620
1855,22126
1855,22127
1855,22128
1855,9755
1855,22129
1855,22130
1855,9757
1855,22131
1855,22132
1855,22133
1855,3498
1855,5742
1855,22134
1855,22135
1855,22136
1855,9763
1855,9764
1855,22137
1855,22138
1855,4631
1855,9766
1855,4632
1855,4013
1855,4634
1855,22139
1855,22140
1855,5873
1855,9769
1855,22141
1855,4638
1855,22142
1855,22143
1855,4678
1855,6971
1855,4643
1855,10946
1855,12722
1855,4910
1855,10605
1855,4603
1856,2292
1856,22144
1856,2486
1856,22145
1856,22146
1856,22147
1856,20730
1856,22148
1856,22149
1856,7219
1856,2820
1856,22150
1856,22151
1856,6268
1856,22152
1856,22153
1856,12238
1856,22154
1856,22155
1856,22156
1856,22157
1856,22158
1856,7225
1856,13120
1856,13339
1856,22159
1856,4716
1856,7228
1856,15778
1856,22160
1856,22161
1856,16433
1856,22162
1856,7498
1856,22163
1856,22164
1856,20752
1856,7230
1856,22165
1856,20758
1856,7053
1856,4359
1856,22166
1856,9147
1856,4761
1856,10195
1856,4599
1856,22167
1856,22168
1856,22169
1856,4729
1857,22170
1857,22171
1857,22172
1857,22173
1857,22174
1857,22175
1857,22176
1857,22177
1857,22178
1857,9874
1857,22179
1857,22180
1857,22181
1857,22182
1857,22183
1857,22184
1857,22185
1857,22186
1857,22187
1857,22188
1858,8224
1858,22189
1858,13697
1858,19468
1858,6087
1858,6088
1858,22190
1858,22191
1858,22192
1858,6091
1858,8473
1858,22193
1858,22194
1858,22195
1858,22196
1858,6095
1858,22197
1858,6096
1858,22198
1858,22199
1858,6097
1858,22200
1858,6098
1858,22201
1858,4250
1858,17628
1858,12719
1858,16199
1858,22202
1858,22203
1858,6100
1858,4421
1858,7167
1858,4677
1858,5246
1858,22204
1858,22205
1858,4679
1858,6103
1858,4599
1858,16205
1858,22206
1859,2617
1859,14507
1859,3248
1859,22207
1859,17667
1859,22208
1859,22209
1859,6712
1859,5086
1859,5087
1859,4359
1859,6978
1859,4368
1859,7468
1859,5981
1859,17220
1859,7099
1859,6980
1859,4599
1859,7475
1859,19293
1859,4768
1859,7113
1860,22210
1860,22211
1860,22212
1860,3118
1860,3154
1860,22213
1860,3550
1860,3601
1860,22214
1860,3789
1860,22215
1860,4039
1860,4755
1860,4303
1860,6070
1860,4371
1860,7660
1860,6377
1860,5055
1860,7698
1860,4761
1860,6228
1860,4681
1860,4599
1860,4910
1860,12422
1860,9172
1860,22216
1860,22217
1860,5064
1861,22218
1861,22219
1861,22220
1861,22221
1861,22222
1861,22223
1861,22224
1861,22225
1861,22226
1861,22227
1861,22228
1861,22229
1861,22230
1861,22231
1861,3975
1861,22232
1861,22233
1861,4189
1861,22234
1861,22235
1861,4286
1861,22236
1861,22237
1861,22238
1861,22239
1861,13911
1861,22240
1861,22241
1861,22242
1861,5485
1861,22243
1861,22244
1861,22245
1861,13590
1861,4599
1861,21984
1861,22246
1861,22247
1861,22248
1861,22249
1861,7436
1861,6200
1862,22250
1862,22251
1862,22252
1862,22253
1862,22254
1862,22255
1862,22256
1862,22257
1862,22258
1862,22259
1862,22260
1862,22261
1862,22262
1862,22263
1862,22264
1862,22265
1862,22266
1862,16844
1862,22267
1862,22268
1862,22269
1862,22270
1862,22271
1862,22272
1862,22273
1862,5329
1862,22274
1862,22275
1862,22276
1862,5377
1862,22277
1862,20598
1862,22278
1862,22279
1862,22280
1862,4761
1862,22281
1862,22282
1862,22283
1862,11753
1862,4603
1863,22284
1863,22285
1863,22286
1863,22287
1863,22288
1863,22289
1863,22290
1863,22291
1863,22292
1863,22293
1863,22294
1863,22295
1863,22296
1863,22297
1863,22298
1863,22299
1863,6311
1863,22300
1863,22301
1863,22302
1863,22303
1863,4354
1863,22304
1863,7580
1863,22305
1863,22306
1863,5970
1863,22307
1863,22308
1863,22309
1863,22310
1863,13093
1863,22311
1863,15304
1863,22312
1863,21634
1863,5781
1863,4681
1863,22313
1863,4599
1863,22314
1863,22315
1863,22316
1863,22317
1863,22318
1864,22319
1864,22320
1864,22321
1864,22322
1864,3007
1864,22323
1864,22324
1864,3306
1864,22325
1864,22326
1864,6691
1864,22327
1864,17251
1864,22328
1864,8289
1864,22329
1864,15035
1864,4753
1864,4001
1864,22330
1864,22331
1864,4865
1864,22332
1864,7167
1864,15053
1864,5055
1864,4868
1864,5246
1864,6226
1864,22333
1864,11202
1864,4681
1864,15067
1864,4599
1864,5553
1864,12721
1864,22334
1864,5988
1864,17358
1864,22335
1864,22336
1864,22337
1864,5063
1864,11437
1864,5064
1865,13756
1865,8844
1865,4857
1865,22338
1865,22339
1865,6212
1865,3151
1865,12348
1865,22340
1865,22341
1865,22342
1865,19455
1865,8854
1865,9552
1865,9588
1865,22343
1865,22344
1865,22345
1865,22346
1865,11672
1865,22347
1865,7920
1865,13241
1865,6219
1865,5482
1865,22348
1865,22349
1865,13768
1865,4755
1865,22350
1865,22351
1865,22352
1865,22353
1865,4189
1865,22354
1865,22355
1865,4217
1865,22356
1865,22357
1865,22358
1865,22359
1865,12359
1865,22360
1865,9564
1865,22361
1865,22362
1865,9260
1865,22363
1865,22364
1865,22365
1865,22366
1865,22367
1865,22368
1865,13773
1865,22369
1865,9571
1865,16143
1865,4805
1865,22370
1866,22371
1866,22372
1866,22373
1866,22374
1866,22375
1866,22376
1866,2345
1866,22377
1866,21704
1866,22378
1866,22379
1866,22380
1866,2704
1866,2756
1866,22381
1866,22382
1866,22383
1866,22384
1866,22385
1866,22386
1866,22387
1866,3424
1866,22388
1866,22389
1866,15806
1866,22390
1866,22391
1866,6789
1866,22392
1866,11093
1866,22393
1866,3778
1866,22394
1866,22395
1866,4234
1866,4349
1866,4358
1866,4376
1866,4437
1866,4439
1866,4458
1866,22396
1866,16966
1866,22397
1866,7172
1866,22398
1866,8352
1866,4508
1866,4593
1866,5485
1866,4761
1866,4870
1866,12066
1866,22399
1866,4599
1866,7208
1866,22400
1866,22401
1866,10619
1866,22402
1866,22403
1866,22404
1866,22405
1866,22406
1866,22407
1866,22408
1867,2260
1867,22409
1867,22410
1867,3306
1867,8268
1867,3893
1867,14309
1867,14310
1867,22411
1867,8270
1867,5261
1867,21430
1867,4453
1867,4899
1867,22412
1867,16127
1867,6042
1867,22413
1867,8271
1867,7789
1867,4761
1867,5987
1867,22414
1867,22362
1867,22415
1867,21638
1867,4906
1867,4599
1867,5827
1867,5553
1867,8693
1867,4805
1868,22416
1868,22417
1868,22418
1868,22419
1868,22420
1868,22421
1868,22422
1868,22423
1868,22424
1868,3825
1868,22425
1868,4189
1868,22426
1868,22427
1868,22428
1868,22429
1868,4421
1868,22430
1868,22431
1868,4524
1868,7426
1868,22432
1868,22433
1868,22434
1868,4599
1868,5827
1868,22435
1868,22436
1868,22437
1868,22438
1868,5249
1868,22439
1868,4703
1868,22440
1868,22441
1868,22442
1868,22443
1869,22444
1869,22445
1869,2550
1869,2945
1869,3046
1869,22446
1869,22447
1869,3293
1869,3339
1869,22448
1869,22449
1869,3415
1869,3422
1869,22450
1869,22451
1869,3728
1869,3749
1869,3762
1869,22452
1869,22453
1869,3816
1869,3815
1869,3974
1869,3918
1869,22454
1869,22455
1869,4189
1869,4234
1869,4240
1869,4224
1869,22456
1869,22457
1869,11646
1869,4340
1869,22458
1869,3813
1869,4445
1869,22459
1869,6452
1869,4457
1869,4480
1869,22460
1869,4534
1869,22461
1869,4539
1869,4599
1869,22462
1869,22463
1869,22464
1869,22465
1869,22466
1869,22467
1869,22468
1869,22469
1871,22470
1871,22471
1871,22472
1871,22473
1871,22474
1871,22475
1871,22476
1871,22477
1871,22478
1871,22479
1871,22480
1871,22481
1871,22482
1871,22483
1871,22484
1871,22485
1871,22486
1871,22487
1871,22488
1871,22489
1871,22490
1871,22491
1871,13936
1871,22492
1871,22493
1871,22494
1871,22495
1871,5493
1871,22496
1871,22497
1871,22498
1871,7793
1871,22499
1871,4599
1871,5827
1871,22500
1871,22501
1871,22502
1871,22503
1871,22504
1871,22505
1871,22506
1871,5249
1871,22507
1871,22508
1871,22509
1871,22510
1872,22511
1872,22512
1872,22513
1872,22514
1872,22515
1872,22516
1872,22517
1872,22518
1872,22519
1872,10715
1872,3823
1872,22520
1872,22521
1872,22522
1872,5403
1872,4599
1873,2015
1873,2022
1873,15725
1873,2299
1873,17554
1873,15932
1873,7414
1873,2612
1873,2687
1873,2735
1873,2742
1873,2752
1873,2761
1873,21051
1873,2787
1873,2809
1873,22523
1873,2957
1873,22524
1873,3045
1873,12600
1873,3074
1873,9402
1873,3199
1873,3283
1873,22525
1873,3303
1873,3305
1873,3306
1873,3332
1873,3362
1873,3400
1873,3424
1873,3560
1873,3571
1873,22526
1873,22527
1873,3483
1873,3789
1873,3791
1873,3859
1873,3888
1873,4753
1873,3981
1873,4010
1873,14090
1873,22528
1873,4186
1873,4189
1873,4191
1873,12158
1873,5874
1873,4234
1873,4267
1873,4758
1873,4286
1873,4984
1873,4349
1873,4355
1873,4358
1873,4393
1873,10264
1873,19240
1873,4410
1873,5547
1873,3813
1873,21739
1873,4439
1873,4676
1873,4446
1873,4454
1873,4458
1873,5970
1873,6794
1873,7098
1873,10266
1873,4868
1873,4783
1873,12419
1873,4679
1873,10269
1873,4698
1873,4643
1873,4681
1873,4599
1873,4543
1873,22529
1873,5553
1873,5609
1873,22530
1873,4910
1873,14261
1873,6569
1873,22531
1873,5064
1874,22532
1874,22533
1874,22534
1874,5046
1874,5047
1874,19849
1874,11727
1874,10106
1874,17066
1874,22535
1874,22536
1874,5049
1874,8943
1874,9725
1874,17783
1874,11729
1874,22537
1874,13323
1874,22538
1874,4755
1874,22539
1874,15037
1874,4231
1874,22540
1874,21687
1874,20060
1874,16925
1874,6971
1874,5056
1874,5057
1874,5403
1874,4681
1874,22541
1874,5059
1874,14963
1874,6975
1874,12978
1874,22542
1874,5064
1875,13463
1875,22543
1875,17596
1875,11395
1875,3422
1875,17599
1875,17600
1875,3823
1875,22544
1875,5392
1875,22545
1875,8612
1875,6121
1875,5054
1875,5398
1875,8245
1875,4420
1875,9343
1875,22546
1875,22547
1875,5399
1875,6126
1875,15420
1875,7788
1875,7126
1875,7127
1875,6799
1875,7129
1875,5403
1875,22548
1875,6131
1875,22549
1875,22550
1875,6136
1876,1979
1876,22551
1876,22552
1876,5118
1876,22553
1876,19010
1876,8502
1876,15778
1876,22554
1876,11257
1876,4720
1876,22555
1876,5087
1876,4358
1876,15782
1876,4677
1876,4539
1876,4599
1876,4910
1876,8509
1876,22556
1876,22557
1876,22558
1876,11264
1877,22559
1877,22560
1877,3791
1877,5348
1877,7498
1877,22561
1877,22562
1877,4696
1877,4358
1877,22563
1877,4439
1877,7663
1877,6320
1877,4593
1877,4868
1877,6247
1877,4520
1877,7668
1877,14558
1877,22564
1877,5987
1877,4595
1877,12066
1877,10989
1877,22565
1877,22566
1877,4681
1877,4787
1877,5464
1877,4599
1877,4543
1877,6728
1877,5553
1877,5001
1877,4910
1877,22567
1877,5357
1877,5064
1878,2761
1878,22568
1878,22569
1878,3337
1878,3424
1878,22570
1878,3571
1878,22571
1878,22572
1878,17727
1878,4716
1878,3791
1878,3880
1878,3950
1878,22573
1878,21789
1878,22574
1878,9062
1878,6562
1878,13263
1878,4359
1878,8684
1878,4421
1878,4439
1878,17840
1878,4868
1878,5126
1878,4698
1878,4681
1878,4599
1878,5609
1878,7476
1878,5991
1878,4768
1878,5064
1879,2475
1879,2642
1879,2957
1879,3085
1879,3400
1879,3424
1879,3475
1879,3859
1879,3864
1879,3950
1879,6562
1879,4286
1879,4696
1879,4349
1879,4439
1879,4676
1879,4458
1879,5970
1879,4868
1879,12419
1879,4679
1879,22414
1879,4698
1879,4643
1879,4681
1879,4599
1879,4543
1879,5553
1879,5539
1879,7430
1879,5064
1880,2562
1880,22575
1880,7286
1880,11939
1880,6624
1880,5118
1880,11942
1880,22576
1880,22577
1880,6059
1880,19600
1880,4716
1880,7199
1880,22578
1880,22579
1880,22580
1880,22581
1880,22582
1880,22583
1880,22584
1880,22585
1880,22586
1880,22587
1880,22588
1880,22589
1880,5372
1880,4985
1880,22590
1880,4368
1880,7203
1880,7094
1880,11260
1880,19619
1880,22591
1880,6003
1880,4539
1880,22592
1880,4599
1880,5609
1880,22593
1880,22594
1880,22595
1880,22596
1880,22597
1880,22598
1880,22599
1880,22600
1880,22601
1880,7113
1881,22602
1881,22603
1881,22604
1881,22605
1881,22606
1881,22607
1881,22608
1881,22609
1881,22610
1881,13963
1881,4189
1881,4358
1881,7403
1881,22611
1881,22612
1881,22613
1881,22614
1881,22615
1881,22616
1881,5403
1881,4681
1881,9602
1881,4599
1881,4601
1881,5249
1881,22617
1881,22618
1881,15453
1881,22619
1881,4768
1881,5064
1881,22620
1882,3118
1882,3521
1882,22621
1882,16301
1882,22622
1882,3826
1882,9337
1882,3985
1882,4010
1882,4201
1882,4211
1882,5874
1882,22623
1882,22624
1882,22625
1882,22626
1882,4758
1882,4306
1882,5054
1882,22627
1882,4349
1882,22628
1882,22629
1882,22630
1882,9342
1882,4420
1882,9343
1882,22631
1882,18005
1882,6320
1882,7663
1882,22632
1882,7123
1882,4868
1882,22633
1882,22634
1882,7668
1882,22635
1882,5267
1882,22636
1882,4681
1882,4599
1882,22637
1882,12721
1882,22638
1882,5988
1882,5486
1882,22639
1883,15680
1883,2150
1883,12339
1883,22640
1883,5109
1883,8711
1883,5734
1883,22641
1883,15688
1883,22642
1883,22643
1883,5118
1883,16071
1883,7043
1883,9402
1883,10576
1883,6574
1883,5742
1883,7989
1883,21411
1883,4676
1883,4543
1883,22644
1883,22645
1883,10753
1884,14269
1884,5078
1884,22646
1884,22647
1884,7043
1884,22648
1884,17733
1884,12710
1884,22649
1884,15593
1884,22650
1884,9587
1884,20941
1884,12714
1884,12715
1884,3846
1884,4753
1884,5084
1884,7051
1884,6002
1884,4755
1884,22651
1884,4189
1884,4984
1884,7053
1884,22652
1884,4472
1884,6794
1884,4681
1884,22653
1884,4699
1884,4599
1884,4872
1884,12721
1884,5988
1884,12723
1884,4910
1884,4873
1884,5249
1884,12725
1884,12168
1884,22654
1885,20503
1885,3174
1885,13216
1885,15241
1885,7048
1885,20664
1885,10625
1885,5980
1885,19659
1885,7496
1885,19660
1885,5483
1885,4755
1885,22655
1885,22411
1885,6070
1885,22656
1885,5261
1885,7167
1885,7580
1885,22657
1885,10410
1885,22658
1885,10412
1885,5970
1885,5055
1885,4868
1885,5246
1885,5247
1885,12419
1885,5987
1885,5356
1885,4681
1885,4599
1885,4910
1886,2150
1886,2223
1886,12766
1886,22640
1886,5734
1886,22659
1886,15689
1886,15691
1886,19569
1886,9987
1886,13118
1886,22660
1886,8717
1886,10704
1886,5742
1886,7989
1886,6824
1886,6274
1886,22661
1886,22662
1886,4359
1886,9256
1886,4599
1886,4543
1886,22663
1886,22664
1886,22665
1887,22666
1887,22667
1887,2295
1887,22668
1887,22669
1887,22670
1887,22671
1887,22672
1887,22673
1887,22674
1887,22675
1887,22676
1887,3101
1887,3106
1887,22677
1887,22678
1887,22679
1887,22680
1887,3420
1887,22681
1887,22682
1887,3791
1887,22683
1887,22684
1887,5583
1887,22685
1887,5588
1887,22686
1887,12399
1887,6657
1887,22687
1887,4418
1887,22688
1887,22689
1887,22690
1887,18829
1887,5605
1887,22691
1887,22692
1887,4786
1887,4599
1887,5609
1887,22693
1887,22694
1887,22695
1887,22696
1887,5249
1887,22697
1887,5059
1887,22698
1887,22699
1887,22700
1887,10976
1887,22701
1888,22702
1888,22703
1888,22704
1888,22705
1888,22706
1888,22707
1888,22708
1888,22709
1888,22710
1888,22711
1888,22712
1888,22713
1888,3427
1888,13211
1888,11152
1888,21818
1888,9376
1888,13232
1888,13233
1888,22714
1888,22715
1888,5746
1888,11154
1888,22716
1888,7732
1888,5483
1888,4755
1888,7759
1888,22717
1888,13243
1888,22718
1888,4255
1888,20328
1888,22719
1888,22720
1888,22721
1888,6292
1888,22722
1888,22723
1888,22724
1888,22725
1888,22726
1888,22727
1888,6294
1888,4761
1888,4599
1888,22728
1888,22729
1889,22730
1889,22731
1889,22732
1889,22733
1889,22734
1889,22735
1889,22736
1889,22737
1889,22738
1889,22739
1889,22740
1889,22741
1889,9526
1889,22742
1889,6209
1889,8844
1889,9535
1889,22743
1889,22744
1889,22745
1889,22746
1889,22747
1889,6212
1889,13087
1889,22286
1889,13765
1889,9544
1889,22748
1889,9546
1889,22749
1889,22750
1889,22751
1889,22752
1889,8852
1889,8854
1889,22753
1889,22754
1889,22755
1889,22291
1889,20815
1889,22756
1889,22757
1889,22758
1889,22346
1889,22759
1889,22760
1889,22761
1889,22762
1889,22763
1889,13767
1889,20818
1889,22764
1889,22765
1889,22355
1889,22300
1889,22766
1889,22302
1889,22767
1889,4696
1889,6223
1889,22304
1889,22768
1889,5776
1889,22769
1889,22770
1889,22771
1889,22772
1889,22773
1889,22308
1889,22774
1889,22361
1889,22775
1889,22776
1889,22777
1889,13093
1889,22778
1889,22779
1889,22311
1889,22780
1889,22781
1889,22782
1889,8860
1889,6798
1889,22783
1889,22784
1889,22785
1889,22786
1889,22787
1889,22788
1889,22789
1889,5781
1889,22790
1889,22791
1889,22792
1889,22793
1889,22794
1889,22795
1889,22796
1889,5782
1889,22797
1889,13063
1889,22798
1889,4703
1889,6229
1889,22368
1889,22799
1889,22800
1889,22801
1889,13776
1890,3243
1890,22802
1890,3424
1890,3791
1890,5483
1890,4755
1890,22803
1890,6562
1890,4368
1890,22804
1890,4439
1890,16125
1890,4458
1890,4495
1890,4508
1890,8188
1890,6074
1890,22805
1890,22806
1890,22635
1890,4698
1890,4643
1890,4681
1890,4599
1890,4543
1890,6330
1890,5553
1890,5486
1890,4768
1890,5063
1890,5064
1890,8362
1891,22807
1891,22808
1891,22809
1891,12342
1891,22810
1891,16606
1891,15586
1891,12348
1891,12352
1891,22811
1891,7920
1891,16844
1891,6274
1891,22812
1891,12360
1891,22813
1891,8160
1891,8271
1891,22814
1891,4677
1891,8691
1891,22362
1891,22364
1891,8693
1892,2160
1892,2202
1892,22815
1892,21489
1892,2367
1892,22816
1892,22817
1892,21578
1892,7414
1892,2681
1892,9090
1892,2766
1892,17329
1892,19848
1892,22818
1892,22819
1892,22820
1892,22821
1892,22822
1892,22823
1892,22824
1892,3305
1892,3335
1892,22825
1892,3434
1892,22826
1892,22827
1892,22828
1892,8753
1892,17784
1892,22829
1892,22830
1892,5986
1892,22831
1892,3859
1892,16492
1892,8757
1892,3988
1892,22832
1892,4043
1892,14566
1892,22833
1892,4157
1892,22834
1892,4368
1892,7422
1892,19582
1892,22835
1892,8767
1892,19583
1892,4499
1892,8412
1892,17342
1892,9255
1892,4761
1892,4698
1892,9259
1892,16347
1892,22836
1892,19586
1892,14569
1892,4599
1892,22837
1892,5827
1892,22838
1892,14570
1892,22839
1892,5249
1892,8775
1892,8358
1892,22840
1892,4805
1892,22841
1892,22842
1892,22843
1893,22844
1893,22845
1893,22846
1893,22847
1893,17304
1893,22848
1893,22849
1893,17306
1893,22850
1893,22851
1893,22852
1893,22853
1893,22854
1893,22855
1893,22856
1893,22857
1893,22858
1893,22859
1893,6278
1893,17313
1893,22860
1893,22861
1893,22862
1893,22863
1893,22864
1893,17318
1893,22865
1893,22866
1893,17320
1893,22867
1894,18257
1894,14561
1894,13159
1894,22868
1894,22869
1894,5902
1894,22870
1894,22871
1894,22872
1894,2505
1894,22873
1894,2752
1894,17391
1894,22874
1894,3118
1894,3154
1894,3195
1894,4883
1894,22875
1894,5480
1894,22876
1894,11903
1894,12184
1894,3422
1894,22877
1894,19427
1894,6492
1894,22878
1894,22879
1894,4750
1894,22880
1894,22881
1894,3758
1894,22882
1894,4716
1894,18951
1894,3793
1894,22883
1894,22884
1894,12050
1894,3823
1894,13238
1894,9910
1894,15628
1894,9911
1894,8757
1894,5483
1894,3992
1894,4003
1894,22885
1894,4755
1894,22886
1894,4058
1894,5586
1894,4180
1894,4582
1894,10415
1894,4241
1894,4267
1894,4358
1894,22887
1894,9343
1894,4458
1894,22888
1894,14283
1894,4524
1894,7669
1894,4761
1894,8215
1894,15792
1894,9687
1894,4681
1894,8189
1894,5464
1894,4599
1894,4543
1894,4701
1894,5486
1894,8355
1894,4910
1894,5249
1894,17644
1894,22889
1894,4805
1894,7479
1894,4768
1894,5064
1895,22890
1895,5338
1895,22891
1895,22892
1895,22893
1895,22869
1895,22894
1895,6512
1895,22895
1895,7325
1895,6750
1895,12665
1895,22896
1895,22897
1895,22898
1895,19910
1895,16059
1895,5341
1895,22899
1895,22900
1895,4818
1895,7844
1895,7845
1895,6285
1895,8465
1895,6032
1895,22901
1895,22902
1895,15690
1895,22903
1895,4857
1895,13081
1895,5117
1895,11939
1895,17750
1895,5118
1895,12282
1895,4922
1895,22904
1895,5866
1895,6475
1895,6524
1895,19010
1895,22905
1895,6268
1895,16538
1895,22906
1895,11942
1895,7854
1895,22907
1895,19931
1895,22908
1895,3174
1895,6526
1895,6479
1895,10704
1895,10735
1895,5978
1895,22909
1895,14207
1895,4742
1895,5122
1895,22910
1895,22911
1895,22912
1895,22913
1895,5979
1895,22914
1895,8060
1895,5344
1895,13337
1895,5742
1895,10424
1895,13338
1895,22915
1895,7757
1895,22916
1895,22917
1895,17727
1895,5371
1895,5294
1895,22052
1895,22918
1895,22919
1895,18555
1895,4716
1895,18951
1895,22920
1895,22921
1895,6867
1895,22922
1895,7957
1895,4753
1895,4755
1895,21258
1895,22923
1895,5749
1895,5873
1895,4720
1895,4924
1895,17198
1895,16871
1895,5372
1895,4985
1895,4359
1895,12438
1895,4368
1895,9934
1895,8448
1895,22924
1895,12802
1895,22925
1895,9147
1895,16965
1895,12803
1895,22926
1895,22927
1895,4821
1895,21795
1895,4761
1895,5493
1895,4723
1895,5464
1895,4599
1895,22928
1895,9134
1895,5488
1895,22929
1895,20808
1895,6384
1895,18267
1895,22930
1895,4768
1895,12297
1895,22931
1896,22932
1896,22933
1896,4668
1896,22934
1896,22935
1896,22936
1896,22937
1896,22938
1896,4673
1896,22939
1896,22940
1896,22941
1896,22942
1896,16018
1896,22943
1896,22944
1896,22945
1896,22946
1896,22947
1896,12354
1896,22948
1896,21413
1896,22949
1896,22950
1896,8332
1896,22951
1896,11006
1896,22952
1896,8333
1896,8334
1896,12358
1896,22953
1896,16122
1896,22954
1896,12361
1896,16124
1896,22955
1896,22956
1896,22957
1896,15223
1896,11013
1896,8160
1896,22958
1896,8691
1896,8336
1896,8169
1896,10378
1896,22959
1896,4681
1896,4766
1896,8693
1896,4998
1896,22960
1896,11020
1896,6336
1896,22961
1896,22962
1896,22963
1896,22964
1896,22965
1896,22966
1896,10387
1897,22967
1897,22968
1897,22969
1897,22970
1897,22971
1897,22972
1897,22973
1897,22974
1897,22975
1897,22976
1897,22977
1897,22978
1897,22979
1897,22980
1897,22981
1897,9802
1897,22982
1897,5872
1897,22983
1897,8753
1897,22984
1897,22985
1897,22986
1897,22987
1897,22988
1897,22989
1897,22990
1897,4755
1897,4119
1897,22991
1897,18171
1897,22992
1897,10192
1897,4696
1897,18183
1897,22993
1897,22994
1897,9810
1897,9811
1897,18187
1897,22995
1897,22996
1897,22997
1897,7668
1897,22998
1897,22999
1897,4761
1897,18193
1897,4930
1897,23000
1897,5464
1897,9826
1897,23001
1897,23002
1897,4805
1898,14238
1898,23003
1898,5048
1898,23004
1898,23005
1898,23006
1898,23007
1898,5050
1898,9725
1898,23008
1898,4716
1898,14250
1898,5052
1898,4755
1898,13798
1898,23009
1898,4231
1898,10117
1898,23010
1898,23011
1898,23012
1898,13801
1898,13805
1898,23013
1898,23014
1898,23015
1898,23016
1898,21688
1898,5532
1898,5629
1898,6971
1898,5056
1898,16695
1898,23017
1898,5057
1898,4599
1898,16578
1898,23018
1898,9134
1898,5061
1898,23019
1898,5064
1899,23020
1899,23021
1899,23022
1899,23023
1899,3791
1899,23024
1899,23025
1899,23026
1899,23027
1899,4078
1899,23028
1899,23029
1899,23030
1899,23031
1899,12064
1899,13588
1899,23032
1899,23033
1899,23034
1899,4599
1899,23035
1900,23036
1900,23027
1900,4078
1900,23037
1900,23038
1900,4523
1900,23039
1900,23032
1900,23033
1900,23034
1900,23040
1900,4599
1900,23041
1900,23035
1900,23042
1900,23043
1900,15277
1901,23044
1901,23045
1901,23046
1901,23047
1901,23048
1901,23049
1901,23050
1901,23051
1901,23052
1901,23053
1901,23054
1901,23055
1901,7589
1901,23056
1901,23057
1901,23058
1901,11603
1901,11604
1901,23059
1901,23060
1901,23061
1901,23062
1901,23063
1901,23064
1901,23065
1901,23066
1901,23067
1901,23068
1901,4696
1901,4371
1901,23069
1901,7600
1901,23070
1901,23071
1901,23072
1901,4761
1901,23073
1901,23074
1901,6659
1901,23075
1901,23076
1901,23077
1901,23078
1901,23079
1901,23080
1901,23081
1901,23082
1901,23083
1901,23084
1901,23085
1901,23086
1901,23087
1901,23088
1901,23089
1902,23090
1902,23091
1902,23092
1902,23093
1902,23094
1902,23095
1902,23096
1902,23097
1902,23098
1902,23099
1902,23100
1902,21051
1902,23101
1902,23102
1902,23103
1902,23104
1902,23105
1902,23106
1902,23107
1902,10401
1902,3306
1902,23108
1902,3429
1902,23109
1902,3614
1902,13216
1902,23110
1902,13238
1902,4010
1902,4755
1902,6670
1902,4189
1902,23111
1902,23112
1902,4234
1902,4696
1902,23113
1902,8024
1902,23114
1902,6672
1902,5261
1902,6317
1902,4454
1902,23115
1902,23116
1902,4868
1902,23117
1902,23118
1902,6726
1902,5464
1902,4599
1902,4543
1902,23119
1902,5000
1902,4910
1902,23120
1902,23121
1902,12226
1903,23122
1903,2490
1903,23123
1903,23124
1903,9364
1903,15798
1903,4748
1903,4753
1903,4755
1903,4189
1903,4599
1903,4768
1904,23125
1904,13196
1904,16194
1904,3583
1904,23126
1904,23127
1904,4677
1904,22863
1905,23128
1905,23129
1905,23130
1905,23131
1905,23132
1905,23133
1905,23134
1905,6528
1905,23135
1905,23136
1905,23137
1905,23138
1905,3993
1905,23139
1905,23140
1905,23141
1905,6290
1905,4696
1905,23142
1905,23143
1905,23144
1905,23145
1905,23146
1905,23147
1905,23148
1905,23149
1905,23150
1905,23151
1905,23152
1905,23153
1905,23154
1905,23155
1905,5827
1905,7209
1905,23156
1905,23157
1905,23158
1905,23159
1905,23160
1905,23161
1905,23162
1905,23163
1905,10334
1905,23164
1905,5381
1905,23165
1905,23166
1905,23167
1905,23168
1905,6011
1905,23169
1905,4826
1907,23170
1907,19973
1907,23171
1907,9201
1907,2777
1907,9202
1907,15626
1907,9207
1907,23172
1907,3332
1907,12709
1907,23173
1907,9213
1907,23174
1907,9404
1907,9587
1907,23175
1907,19820
1907,19983
1907,23176
1907,23177
1907,7049
1907,23178
1907,4753
1907,9221
1907,4755
1907,19986
1907,4189
1907,5238
1907,4393
1907,4439
1907,5242
1907,18620
1907,23179
1907,4642
1907,4698
1907,18621
1907,4599
1907,9820
1907,23180
1907,23181
1907,4768
1907,5357
1908,1672
1908,23182
1908,14167
1908,23183
1908,2360
1908,23184
1908,23185
1908,23186
1908,2744
1908,23187
1908,23188
1908,23189
1908,23190
1908,2953
1908,2988
1908,2998
1908,23191
1908,23192
1908,4552
1908,4553
1908,4554
1908,4671
1908,14179
1908,4558
1908,8329
1908,4561
1908,4562
1908,10660
1908,4564
1908,4672
1908,4566
1908,4568
1908,14183
1908,4570
1908,23193
1908,23194
1908,4575
1908,4577
1908,11834
1908,23195
1908,10662
1908,5589
1908,11837
1908,23196
1908,23197
1908,4587
1908,4458
1908,4590
1908,4591
1908,6590
1908,10664
1908,8271
1908,7668
1908,4762
1908,4597
1908,5355
1908,4598
1908,4998
1908,23198
1908,10635
1909,5292
1909,23199
1909,11255
1909,12238
1909,23200
1909,20630
1909,23201
1909,23202
1909,23203
1909,15780
1909,8899
1909,20139
1909,8902
1909,9671
1909,7053
1909,4359
1909,12438
1909,4368
1909,23204
1909,5301
1909,5269
1909,4599
1909,23205
1909,23206
1909,23207
1909,19890
1909,23208
1909,4768
1909,23209
1910,23210
1910,18606
1910,23211
1910,23212
1910,23213
1910,23214
1910,23215
1910,23216
1910,18611
1910,23217
1910,23218
1910,23219
1910,5077
1910,15189
1910,23220
1910,23221
1910,10294
1910,9323
1910,23222
1910,23223
1910,23224
1910,23225
1910,23226
1910,23227
1910,23228
1910,23229
1910,4818
1910,23230
1910,23231
1910,23232
1910,7844
1910,23233
1910,23234
1910,9018
1910,23235
1910,23236
1910,13412
1910,10732
1910,23237
1910,5115
1910,5116
1910,13081
1910,5118
1910,12282
1910,23238
1910,23239
1910,4922
1910,23240
1910,5119
1910,23241
1910,23242
1910,23243
1910,23244
1910,23245
1910,23246
1910,5121
1910,7860
1910,5344
1910,9404
1910,23247
1910,7862
1910,23248
1910,23249
1910,13907
1910,7869
1910,4924
1910,23250
1910,7877
1910,16072
1910,23251
1910,23252
1910,23253
1910,23254
1910,23255
1910,12558
1910,23256
1910,23257
1910,23258
1910,10829
1911,23259
1911,23260
1911,9149
1911,23261
1911,23262
1911,23263
1911,23264
1911,20682
1911,23265
1911,23266
1911,23267
1911,23268
1911,23269
1911,23270
1911,4967
1911,23271
1911,23272
1911,23273
1911,23274
1911,23275
1911,19565
1911,23276
1911,23277
1911,23278
1911,23279
1911,23280
1911,23281
1911,14949
1911,23282
1911,5119
1911,17718
1911,17719
1911,23283
1911,23284
1911,23285
1911,23286
1911,23287
1911,23288
1911,23289
1911,9155
1911,23290
1911,23291
1911,10576
1911,23292
1911,13118
1911,23293
1911,15694
1911,23294
1911,10704
1911,17721
1911,23295
1911,5742
1911,23296
1911,23297
1911,20711
1911,5686
1911,7920
1911,23298
1911,6824
1911,23299
1911,6274
1911,5873
1911,23300
1911,23301
1911,23302
1911,23303
1911,7103
1911,23304
1911,23305
1911,23306
1911,23307
1911,23308
1911,23309
1912,2454
1912,23310
1912,11064
1912,23311
1912,12078
1912,19289
1912,23312
1912,23313
1912,23314
1912,2949
1912,10060
1912,9485
1912,23315
1912,23316
1912,12516
1912,8879
1912,9932
1912,4821
1912,23317
1914,23318
1914,22085
1914,9400
1914,18437
1914,7043
1914,23319
1914,5121
1914,3400
1914,3424
1914,5742
1914,3563
1914,20941
1914,9588
1914,5906
1914,20663
1914,3859
1914,9164
1914,4753
1914,5085
1914,3997
1914,6824
1914,16844
1914,4755
1914,4108
1914,23320
1914,5873
1914,4757
1914,4720
1914,12158
1914,7925
1914,4758
1914,4984
1914,4349
1914,4393
1914,12786
1914,4437
1914,4439
1914,4676
1914,4446
1914,23321
1914,7096
1914,6794
1914,8915
1914,8188
1914,12582
1914,4593
1914,4868
1914,6247
1914,4677
1914,5485
1914,10269
1914,4698
1914,8917
1914,5057
1914,4681
1914,5269
1914,13809
1914,4765
1914,4599
1914,4543
1914,5539
1914,12722
1914,23322
1914,10270
1914,4910
1914,12421
1914,23323
1914,5249
1914,9689
1914,23324
1914,23325
1914,5991
1914,4729
1914,7710
1914,23326
1915,23327
1915,23328
1915,5341
1915,23329
1915,23330
1915,23331
1915,23332
1915,6172
1915,2949
1915,23333
1915,6479
1915,5979
1915,23334
1915,3631
1915,23335
1915,23336
1915,23337
1915,14213
1915,23338
1915,4189
1915,23339
1915,20787
1915,6290
1915,23340
1915,23341
1915,4368
1915,23342
1915,23343
1915,7764
1915,14218
1915,23344
1915,23345
1915,23346
1915,8505
1915,23347
1915,23348
1915,23349
1915,23350
1915,23351
1915,23352
1915,23353
1915,5827
1915,23354
1915,23355
1915,23356
1915,23357
1915,23358
1915,23359
1915,23360
1915,23361
1915,23362
1915,23363
1915,23364
1915,23365
1915,23366
1916,9899
1916,23367
1916,23368
1916,23369
1916,23370
1916,3698
1916,13017
1916,23371
1916,4085
1916,23372
1916,23373
1916,23374
1916,4452
1916,6725
1916,23375
1916,23376
1916,23117
1916,23377
1916,5355
1916,10878
1916,4599
1916,4871
1916,10879
1916,23378
1916,23379
1917,23380
1917,23381
1917,23382
1917,23383
1917,23384
1917,23385
1917,23386
1917,23387
1917,12700
1917,23388
1917,23389
1917,23390
1917,23391
1917,23392
1917,23393
1917,23394
1917,23395
1917,23396
1917,23397
1917,23398
1917,20941
1917,4750
1917,23399
1917,9588
1917,18951
1917,23400
1917,5483
1917,4755
1917,23401
1917,23402
1917,23403
1917,23404
1917,23405
1917,23406
1917,23407
1917,23408
1917,23409
1917,21764
1917,4677
1917,4761
1917,23410
1917,23411
1917,23412
1917,23413
1917,23414
1917,23415
1917,23416
1918,2059
1918,2076
1918,23417
1918,2094
1918,6472
1918,5340
1918,9684
1918,2448
1918,2486
1918,2546
1918,2562
1918,13888
1918,2649
1918,23418
1918,5118
1918,4922
1918,2913
1918,5977
1918,3179
1918,23419
1918,5978
1918,8466
1918,23420
1918,23421
1918,23422
1918,17728
1918,6448
1918,5297
1918,5374
1918,18462
1918,6293
1918,5300
1918,4539
1918,23423
1918,4599
1918,5827
1918,8694
1918,23424
1918,23425
1918,4729
1918,5307
1918,23426
1919,23427
1919,5478
1919,14560
1919,23428
1919,23429
1919,23430
1919,23431
1919,2367
1919,7297
1919,3032
1919,3154
1919,23432
1919,23433
1919,3265
1919,23434
1919,23435
1919,5872
1919,4750
1919,23436
1919,8753
1919,22984
1919,8754
1919,23437
1919,23438
1919,23439
1919,22990
1919,23440
1919,14566
1919,23441
1919,22833
1919,4189
1919,16989
1919,10405
1919,4696
1919,23442
1919,23443
1919,23444
1919,4439
1919,23445
1919,4458
1919,23446
1919,23447
1919,19583
1919,23448
1919,5485
1919,17342
1919,9255
1919,4698
1919,8917
1919,23449
1919,4681
1919,19586
1919,14569
1919,4599
1919,22837
1919,5827
1919,4543
1919,23450
1919,23451
1919,14570
1919,22839
1919,8358
1919,8511
1919,23452
1919,23453
1919,5991
1920,23454
1920,23455
1920,23456
1920,2479
1920,18822
1920,13990
1920,23457
1920,23458
1920,23459
1920,2957
1920,23460
1920,23461
1920,23462
1920,23463
1920,3400
1920,3424
1920,23464
1920,23465
1920,23466
1920,23467
1920,17237
1920,23468
1920,3825
1920,3950
1920,3997
1920,4052
1920,4186
1920,4189
1920,6310
1920,4216
1920,4234
1920,6655
1920,23469
1920,23470
1920,4326
1920,4345
1920,4349
1920,23471
1920,4394
1920,4393
1920,4428
1920,4437
1920,4439
1920,23472
1920,22689
1920,4458
1920,23473
1920,5598
1920,5970
1920,4495
1920,8188
1920,4593
1920,4868
1920,23474
1920,12419
1920,23475
1920,5987
1920,23476
1920,4698
1920,4681
1920,5269
1920,4599
1920,4543
1920,5553
1920,4910
1920,23477
1920,5991
1920,23478
1920,23479
1920,5064
1921,23480
1921,23481
1921,14241
1921,23482
1921,23483
1921,23484
1921,23485
1921,23486
1921,23487
1921,14246
1921,23488
1921,12625
1921,23489
1921,23490
1921,23491
1921,9725
1921,23492
1921,23493
1921,17727
1921,6867
1921,23494
1921,22537
1921,23495
1921,4753
1921,23496
1921,4755
1921,5545
1921,15412
1921,23497
1921,4930
1921,4599
1921,7208
1921,5539
1921,23498
1921,5785
1921,23499
1921,6384
1921,4768
1921,5064
1921,23500
1921,5406
1922,9724
1922,23501
1922,23502
1922,23503
1922,11769
1922,23494
1922,3919
1922,23504
1922,23505
1922,9726
1922,21681
1922,4720
1922,9727
1922,15412
1922,23506
1922,23507
1922,23508
1922,23509
1922,23510
1922,9734
1922,4768
1922,23511
1922,23512
1922,9736
1923,23513
1923,23514
1923,23515
1923,23516
1923,23517
1923,23518
1923,23519
1923,23520
1923,23521
1923,4189
1923,23522
1923,4358
1923,23523
1923,23524
1923,4393
1923,23525
1923,20858
1923,23526
1923,5827
1923,23527
1923,23528
1923,23529
1923,23530
1923,23531
1923,23532
1924,15932
1924,3184
1924,8378
1924,3337
1924,3550
1924,3571
1924,3598
1924,3675
1924,23533
1924,3893
1924,3923
1924,4044
1924,23534
1924,5589
1924,5592
1924,4358
1924,4393
1924,23535
1924,4410
1924,4778
1924,4439
1924,4446
1924,6452
1924,4458
1924,16966
1924,7096
1924,4508
1924,17933
1924,4593
1924,8412
1924,17934
1924,4678
1924,5485
1924,4679
1924,4595
1924,4698
1924,23536
1924,4785
1924,4786
1924,4787
1924,4699
1924,4599
1924,23537
1925,23538
1925,23539
1925,23540
1925,13780
1925,23541
1925,23542
1925,23543
1925,23544
1925,11375
1925,2369
1925,23545
1925,2384
1925,18877
1925,23546
1925,23547
1925,20289
1925,2434
1925,23548
1925,2457
1925,2461
1925,23549
1925,8723
1925,23550
1925,23551
1925,23552
1925,2502
1925,23553
1925,13838
1925,23554
1925,6853
1925,21224
1925,2542
1925,23555
1925,2552
1925,23556
1925,23557
1925,23558
1925,23559
1925,13005
1925,23560
1925,21129
1925,23561
1925,23562
1925,23563
1925,2634
1925,13889
1925,23564
1925,2667
1925,23565
1925,23566
1925,23567
1925,23568
1925,23569
1925,23570
1925,17472
1925,2724
1925,23571
1925,23572
1925,2751
1925,21051
1925,21228
1925,2799
1925,23573
1925,2839
1925,18410
1925,2870
1925,17473
1925,18881
1925,22675
1925,2796
1925,2893
1925,2907
1925,23574
1925,23575
1925,2942
1925,23576
1925,2970
1925,3005
1925,3009
1925,3061
1925,23577
1925,23578
1925,3172
1925,23579
1925,3209
1925,3216
1925,21231
1925,3133
1925,23580
1925,23581
1925,11391
1925,23582
1925,3291
1925,19073
1925,23583
1925,3303
1925,3333
1925,3332
1925,3338
1925,23584
1925,11392
1925,20273
1925,23585
1925,23586
1925,20118
1925,3373
1925,3422
1925,3424
1925,23587
1925,3474
1925,3513
1925,11398
1925,23588
1925,23589
1925,3561
1925,23590
1925,3566
1925,11399
1925,11400
1925,23591
1925,21754
1925,23592
1925,3604
1925,6060
1925,3620
1925,13903
1925,23593
1925,5390
1925,15505
1925,3689
1925,3726
1925,3737
1925,3766
1925,10715
1925,20103
1925,23594
1925,3823
1925,21091
1925,23595
1925,23596
1925,3859
1925,23597
1925,23598
1925,3881
1925,5481
1925,5392
1925,3920
1925,11407
1925,8728
1925,20275
1925,13904
1925,9911
1925,3992
1925,23599
1925,4010
1925,4016
1925,4034
1925,23600
1925,13619
1925,4057
1925,21138
1925,15507
1925,23601
1925,23602
1925,20105
1925,4122
1925,23603
1925,6869
1925,4140
1925,13908
1925,23604
1925,23605
1925,4185
1925,4189
1925,23606
1925,23607
1925,4237
1925,23608
1925,15508
1925,7401
1925,4326
1925,23609
1925,4349
1925,4356
1925,21093
1925,15451
1925,4367
1925,4393
1925,21763
1925,23610
1925,17999
1925,23611
1925,7403
1925,23612
1925,23613
1925,4439
1925,4446
1925,16125
1925,4454
1925,15452
1925,11419
1925,6876
1925,5399
1925,9599
1925,23614
1925,13803
1925,6072
1925,22615
1925,23615
1925,6074
1925,23616
1925,7406
1925,5987
1925,5403
1925,4723
1925,4681
1925,4599
1925,4543
1925,23617
1925,23618
1925,23619
1925,23620
1925,23621
1925,23622
1925,23623
1925,23624
1925,7335
1925,23625
1925,23626
1925,23627
1925,23628
1925,23629
1925,23630
1925,23631
1925,8731
1925,5064
1925,8362
1925,23632
1926,2755
1926,23633
1926,12729
1926,23634
1926,23635
1926,2946
1926,23636
1926,23637
1926,23638
1926,3424
1926,23639
1926,23640
1926,23641
1926,12738
1926,5815
1926,23642
1926,23643
1926,23644
1926,4755
1926,23645
1926,4227
1926,23646
1926,23647
1926,4358
1926,22855
1926,4439
1926,23648
1926,23649
1926,23650
1926,4761
1926,23651
1926,4681
1926,5825
1926,5826
1926,4599
1926,23652
1926,23653
1926,23654
1927,23655
1927,23656
1927,23657
1927,8654
1927,23658
1927,23659
1927,23660
1927,23661
1927,23662
1927,23663
1927,23664
1927,12282
1927,23665
1927,23666
1927,23667
1927,23668
1927,4736
1927,23669
1927,2926
1927,17719
1927,23670
1927,4737
1927,23671
1927,5159
1927,23672
1927,23673
1927,8791
1927,23674
1927,4738
1927,23675
1927,23676
1927,23677
1927,23678
1927,4740
1927,23679
1927,23680
1927,23681
1927,4745
1927,23682
1927,23683
1927,23684
1927,23685
1927,23686
1927,4749
1927,23687
1927,4750
1927,6576
1927,23688
1927,23689
1927,23690
1927,23691
1927,23692
1927,23693
1927,23694
1927,4753
1927,4754
1927,23695
1927,10791
1927,23696
1927,23697
1927,23698
1927,23699
1927,23700
1927,4582
1927,23701
1927,12541
1927,23702
1927,23703
1927,16061
1927,4986
1927,12291
1927,23704
1927,23705
1927,23706
1927,4759
1927,23117
1927,15009
1927,4761
1927,4762
1927,4680
1927,4597
1927,23707
1927,4764
1927,23708
1927,4766
1927,4910
1927,23709
1927,4768
1927,23710
1928,7043
1928,15469
1928,7989
1928,18485
1928,23711
1928,23712
1928,4753
1928,7051
1928,23713
1928,23697
1928,23714
1928,23715
1928,23716
1928,4758
1928,23717
1928,6586
1928,23718
1928,23719
1928,23720
1928,23721
1928,23722
1928,23723
1928,5971
1928,23724
1928,7898
1928,23725
1928,23726
1928,23727
1928,9257
1928,23728
1928,23729
1928,4764
1928,4765
1928,23730
1928,4766
1928,23731
1928,23732
1928,23733
1928,23734
1928,23735
1928,23736
1928,23737
1928,23738
1928,23739
1928,23740
1928,23741
1928,23742
1928,5898
1928,23743
1928,23744
1928,23745
1929,23746
1929,2086
1929,5620
1929,23747
1929,10211
1929,7325
1929,18354
1929,23748
1929,23749
1929,5341
1929,6000
1929,8465
1929,13927
1929,18355
1929,6624
1929,12512
1929,5118
1929,12282
1929,23750
1929,23751
1929,5344
1929,23752
1929,23753
1929,23754
1929,13453
1929,5238
1929,23755
1929,5374
1929,23756
1929,9604
1929,5381
1929,8509
1930,23757
1930,23758
1930,23759
1930,23760
1930,23761
1930,4740
1930,23762
1930,23763
1930,23764
1930,23765
1930,23766
1930,15034
1930,10791
1930,22070
1930,23767
1930,23768
1930,23769
1930,5180
1930,23770
1930,23771
1930,5181
1930,4587
1930,23772
1930,23773
1930,23774
1930,23775
1930,23776
1930,23777
1930,4759
1930,4760
1930,23778
1930,23779
1930,23780
1930,4761
1930,4762
1930,10253
1930,4950
1930,4597
1930,23707
1930,15065
1930,5057
1930,18989
1930,4951
1930,4599
1930,23781
1930,21142
1930,5059
1930,9776
1931,23782
1931,23783
1931,1998
1931,23784
1931,2037
1931,23785
1931,2553
1931,2687
1931,2766
1931,23786
1931,3132
1931,23787
1931,3145
1931,3177
1931,23788
1931,3199
1931,3230
1931,23789
1931,9584
1931,3391
1931,3424
1931,23790
1931,23791
1931,3727
1931,8754
1931,3873
1931,23792
1931,3947
1931,3981
1931,4010
1931,3918
1931,10375
1931,4755
1931,4077
1931,4177
1931,4189
1931,14489
1931,6907
1931,4290
1931,23793
1931,23794
1931,23795
1931,4399
1931,23796
1931,4421
1931,4439
1931,4475
1931,17310
1931,4487
1931,4499
1931,23797
1931,5351
1931,8412
1931,23798
1931,5987
1931,23799
1931,4698
1931,6726
1931,4906
1931,4599
1931,5553
1931,16647
1931,23800
1931,4703
1931,23801
1931,23802
1931,23803
1931,23804
1931,23805
1931,10754
1931,23806
1931,23807
1931,23808
1931,8362
1931,23809
1931,23810
1931,23811
1932,23812
1932,23813
1932,23814
1932,23815
1932,23816
1932,23817
1932,23818
1932,23819
1932,7355
1932,15597
1932,23820
1932,23821
1932,23822
1932,23823
1932,23824
1932,23825
1932,4755
1932,23826
1932,23827
1932,23828
1932,23829
1932,23830
1932,23831
1932,23832
1932,23833
1932,23834
1932,23835
1932,23836
1932,23837
1932,23838
1932,23839
1932,23840
1932,23841
1932,11919
1932,23842
1932,23843
1932,23844
1932,23845
1932,23846
1932,23847
1932,23848
1932,23849
1932,23850
1932,23851
1932,23852
1932,23853
1932,23854
1932,23855
1932,23856
1932,23857
1932,23858
1932,23859
1932,23860
1932,23861
1932,23862
1932,23863
1932,23864
1932,23865
1932,23866
1932,23867
1932,23868
1932,23869
1932,23870
1932,23871
1932,23872
1933,12381
1933,23873
1933,23874
1933,23875
1933,23876
1933,2455
1933,23877
1933,23878
1933,23879
1933,23880
1933,23881
1933,23882
1933,3285
1933,3286
1933,4557
1933,23883
1933,23884
1933,23885
1933,23886
1933,23887
1933,15001
1933,23888
1933,23889
1933,23890
1933,10662
1933,23891
1933,23892
1933,12719
1933,23893
1933,15905
1933,23894
1933,10663
1933,23895
1933,4587
1933,4588
1933,23896
1933,10631
1933,23897
1933,10664
1933,23898
1933,23899
1933,4762
1933,6103
1933,4597
1933,23900
1933,4599
1933,23901
1933,23902
1933,23903
1934,23904
1934,16058
1934,23905
1934,9720
1934,6938
1934,23906
1934,23907
1934,2476
1934,23908
1934,15021
1934,23909
1934,5046
1934,5047
1934,23910
1934,23911
1934,23912
1934,23913
1934,13789
1934,3705
1934,23914
1934,6960
1934,23915
1934,23916
1934,17621
1934,5528
1934,23917
1934,23918
1934,23919
1934,23920
1934,23921
1934,23009
1934,23922
1934,4231
1934,4252
1934,23923
1934,4758
1934,5530
1934,17630
1934,15044
1934,4421
1934,15046
1934,15493
1934,13801
1934,13733
1934,10122
1934,23924
1934,12749
1934,4761
1934,6971
1934,5056
1934,16695
1934,5057
1934,4681
1934,4599
1934,23925
1934,4701
1934,5404
1934,12632
1934,23926
1934,23927
1934,23928
1934,5059
1934,23929
1934,12596
1934,23930
1934,23931
1934,5061
1934,5062
1934,5063
1934,23932
1934,5064
1934,5406
1935,23933
1935,15481
1935,23934
1935,15484
1935,8128
1935,23935
1935,23936
1935,3357
1935,12625
1935,3399
1935,5458
1935,15487
1935,3438
1935,9725
1935,6492
1935,17783
1935,23937
1935,23938
1935,12851
1935,6495
1935,15919
1935,3771
1935,22829
1935,23939
1935,15490
1935,23940
1935,23941
1935,15491
1935,4582
1935,23942
1935,15492
1935,23943
1935,23944
1935,16107
1935,15494
1935,8690
1935,6496
1935,15206
1935,4761
1935,6971
1935,5057
1935,12594
1935,6498
1935,4681
1935,5609
1935,5610
1935,23945
1935,5059
1935,23946
1935,4805
1936,23947
1936,23948
1936,23949
1936,5290
1936,23950
1936,23951
1936,3476
1936,23952
1936,7200
1936,4863
1936,4720
1936,23953
1936,4985
1936,12057
1936,5981
1936,6980
1936,23954
1936,5381
1936,23955
1937,22372
1937,22373
1937,22374
1937,23956
1937,23957
1937,23958
1937,23959
1937,2479
1937,22378
1937,23457
1937,22381
1937,2821
1937,23960
1937,2843
1937,22383
1937,22384
1937,22385
1937,3118
1937,23961
1937,6857
1937,23962
1937,4742
1937,23963
1937,3424
1937,3514
1937,3607
1937,3711
1937,23468
1937,3826
1937,23964
1937,4753
1937,3990
1937,16466
1937,4720
1937,4211
1937,6375
1937,23965
1937,5054
1937,4696
1937,9342
1937,14491
1937,16803
1937,9343
1937,5883
1937,5246
1937,4524
1937,9256
1937,23966
1937,4643
1937,23967
1937,4681
1937,23968
1937,4599
1937,13431
1937,5538
1937,4543
1937,5553
1937,23969
1937,23970
1937,4910
1937,23971
1937,23972
1937,23973
1937,21644
1937,23974
1937,4805
1937,4768
1937,5063
1937,5064
1937,4603
1938,23975
1938,23976
1938,2360
1938,23977
1938,10651
1938,23978
1938,10623
1938,10653
1938,23877
1938,2744
1938,21051
1938,2809
1938,14173
1938,23979
1938,23980
1938,23190
1938,10468
1938,2988
1938,2998
1938,2995
1938,23981
1938,23982
1938,14178
1938,10657
1938,23983
1938,11819
1938,4671
1938,23984
1938,23985
1938,23986
1938,3286
1938,23987
1938,4557
1938,3303
1938,8329
1938,14181
1938,5163
1938,5164
1938,23988
1938,10624
1938,23989
1938,4564
1938,23990
1938,4672
1938,3633
1938,10661
1938,23991
1938,23992
1938,14187
1938,23993
1938,23994
1938,23995
1938,10662
1938,5589
1938,23996
1938,23997
1938,10663
1938,23998
1938,4587
1938,4590
1938,10664
1938,4677
1938,4930
1938,4681
1938,4599
1938,4600
1938,9134
1938,23999
1938,4805
1939,24000
1939,24001
1939,4720
1939,24002
1939,7053
1939,4359
1939,16439
1939,24003
1939,24004
1939,9147
1939,24005
1939,24006
1939,4599
1939,24007
1939,24008
1939,20770
1939,4768
1940,24009
1940,1657
1940,24010
1940,24011
1940,2553
1940,15137
1940,24012
1940,24013
1940,3362
1940,3459
1940,22881
1940,3483
1940,12050
1940,4010
1940,24014
1940,4189
1940,5350
1940,5547
1940,24015
1940,4439
1940,24016
1940,4452
1940,16125
1940,24017
1940,15923
1940,23376
1940,5485
1940,15206
1940,12066
1940,4698
1940,23377
1940,6498
1940,18833
1940,4599
1940,4543
1940,6728
1940,5610
1940,24018
1940,12226
1941,24019
1941,4816
1941,5341
1941,24020
1941,24021
1941,12512
1941,24022
1941,4922
1941,24023
1941,24024
1941,24025
1941,24026
1941,24027
1941,6290
1941,4677
1941,19530
1941,24028
1942,23502
1942,24029
1942,24030
1942,24031
1942,17939
1942,4267
1942,24032
1942,17652
1942,6448
1942,24033
1942,24034
1942,24035
1942,24036
1942,24037
1942,7100
1942,4599
1942,24038
1942,24039
1942,24040
1942,24041
1942,24042
1942,24043
1942,24044
1942,24045
1942,24046
1942,24047
1942,24048
1942,4768
1942,24049
1943,5341
1943,6283
1943,5293
1943,3278
1943,9372
1943,24050
1943,6288
1943,7989
1943,5873
1943,9379
1943,17985
1943,11156
1943,18001
1943,6292
1943,6294
1943,6247
1944,18696
1944,24051
1944,24052
1944,24053
1944,24054
1944,24055
1944,24056
1944,24057
1944,18710
1944,24058
1944,24059
1944,24060
1944,24061
1944,24062
1944,24063
1944,24064
1944,3749
1944,24065
1944,24066
1944,7199
1944,24067
1944,4753
1944,18717
1944,24068
1944,24069
1944,15674
1944,24070
1944,12158
1944,24071
1944,24072
1944,7203
1944,6448
1944,24073
1944,10268
1944,7424
1944,6278
1944,17220
1944,24074
1944,7427
1944,24075
1944,10269
1944,6076
1944,24076
1944,24077
1944,24078
1944,24079
1944,7208
1944,24080
1944,24081
1944,5609
1944,18597
1944,7209
1944,24082
1944,24083
1944,23324
1944,24084
1944,24085
1944,4768
1944,24086
1944,24087
1945,19022
1945,19023
1945,2365
1945,19028
1945,19031
1945,19035
1945,19037
1945,19041
1945,5458
1945,12186
1945,12188
1945,24088
1945,24089
1945,21190
1945,12190
1945,19045
1945,19046
1945,19049
1945,19050
1945,19051
1945,21018
1945,19053
1945,19054
1945,19055
1945,4582
1945,24090
1945,19056
1945,24091
1945,4696
1945,24092
1945,24093
1945,24094
1945,19057
1945,19058
1945,19059
1945,4454
1945,14903
1945,19061
1945,8412
1945,4677
1945,19062
1945,19063
1945,4599
1946,24095
1946,11942
1946,24096
1946,9931
1946,24097
1946,19319
1946,3986
1946,19807
1946,24098
1946,4189
1946,24099
1946,24100
1946,24101
1946,24102
1946,5372
1946,4985
1946,6978
1946,24103
1946,24104
1946,6448
1946,4398
1946,24105
1946,24106
1946,24107
1946,24108
1946,7894
1946,24109
1946,24110
1946,24111
1946,4677
1946,4761
1946,24112
1946,24113
1946,4599
1946,24114
1946,9604
1946,5381
1946,8509
1946,24115
1946,24116
1946,24117
1946,24118
1946,4729
1946,4768
1946,5357
1946,23362
1947,9394
1947,24119
1947,2150
1947,12836
1947,9396
1947,12339
1947,24120
1947,22640
1947,22869
1947,8711
1947,15683
1947,19563
1947,5734
1947,15688
1947,24121
1947,19565
1947,8714
1947,22643
1947,14384
1947,4857
1947,24122
1947,9400
1947,5866
1947,19566
1947,12846
1947,21491
1947,15691
1947,24123
1947,19569
1947,7043
1947,9402
1947,9155
1947,9987
1947,13118
1947,8717
1947,6574
1947,10704
1947,4742
1947,19574
1947,7987
1947,5742
1947,10581
1947,4753
1947,5748
1947,6824
1947,6274
1947,5873
1947,19580
1947,12786
1947,5971
1947,5751
1947,9256
1947,11424
1947,9260
1947,5464
1947,5553
1947,5609
1947,24124
1947,10605
1948,24125
1948,24126
1948,24127
1948,24128
1948,24129
1948,24130
1948,18540
1948,3291
1948,24131
1948,5458
1948,23591
1948,4716
1948,3945
1948,4755
1948,4189
1948,10417
1948,4329
1948,9147
1948,16925
1948,4677
1948,5264
1948,15792
1948,12292
1948,24132
1948,4543
1948,12722
1948,4998
1948,12724
1948,4873
1948,24133
1948,12725
1948,12168
1948,24134
1948,16355
1948,4805
1948,5064
1949,24135
1949,1998
1949,8649
1949,24136
1949,5117
1949,2761
1949,2766
1949,2787
1949,24137
1949,2912
1949,24138
1949,3032
1949,24139
1949,3306
1949,3343
1949,24140
1949,3424
1949,3471
1949,24141
1949,24142
1949,6059
1949,13687
1949,3563
1949,16194
1949,24143
1949,7301
1949,24144
1949,3826
1949,3851
1949,3859
1949,4753
1949,5483
1949,3985
1949,14309
1949,4755
1949,4128
1949,24145
1949,4178
1949,24146
1949,21363
1949,6562
1949,24147
1949,11007
1949,5968
1949,13263
1949,4349
1949,4985
1949,4359
1949,24148
1949,24149
1949,24150
1949,5261
1949,24151
1949,14491
1949,7694
1949,4454
1949,24152
1949,24153
1949,24154
1949,8688
1949,8188
1949,5550
1949,4868
1949,24155
1949,24156
1949,6496
1949,15206
1949,9257
1949,4698
1949,5355
1949,4681
1949,8189
1949,5464
1949,4599
1949,4543
1949,8693
1949,5609
1949,24157
1949,6500
1949,4910
1949,24158
1949,24159
1949,18502
1950,24160
1950,24161
1950,2454
1950,24162
1950,24163
1950,24164
1950,24165
1950,24166
1950,24167
1950,5979
1950,5344
1950,24168
1950,5905
1950,24169
1950,22921
1950,24170
1950,24171
1950,24172
1950,4720
1950,24173
1950,4985
1950,24174
1950,24175
1950,10194
1950,22924
1950,24176
1950,24177
1950,5910
1950,24178
1950,24179
1950,10187
1951,24180
1951,8456
1951,24181
1951,24182
1951,24183
1951,24184
1951,14667
1951,16981
1951,5341
1951,24185
1951,8499
1951,24186
1951,24187
1951,8458
1951,24188
1951,24189
1951,7287
1951,19760
1951,6524
1951,5976
1951,17732
1951,24190
1951,24191
1951,24192
1951,5979
1951,24193
1951,10176
1951,5371
1951,24194
1951,4716
1951,24195
1951,4131
1951,4189
1951,4720
1951,24196
1951,24197
1951,24198
1951,24199
1951,24200
1951,24201
1951,4677
1951,24202
1951,24203
1951,24204
1951,4681
1951,24205
1951,5983
1951,24206
1952,2761
1952,3400
1952,3424
1952,3836
1952,3859
1952,3950
1952,3997
1952,4127
1952,4186
1952,4189
1952,4349
1952,4393
1952,4439
1952,4499
1952,4698
1952,4787
1952,4599
1952,4543
1952,15925
1952,24207
1952,5991
1952,10754
1952,5064
1952,24208
1953,24209
1953,24210
1953,24211
1953,14110
1953,12079
1953,24212
1953,24213
1953,24214
1953,9931
1953,24215
1953,5979
1953,24216
1953,24217
1953,9226
1953,4761
1953,24218
1953,24219
1953,24220
1953,5827
1953,24221
1953,4768
1953,4729
1953,20306
1954,24222
1954,24223
1954,24224
1954,4818
1954,24225
1954,24226
1954,5118
1954,24227
1954,4922
1954,24228
1954,24229
1954,24230
1954,24231
1954,24232
1954,24233
1954,24234
1954,24235
1954,4716
1954,24236
1954,24237
1954,24238
1954,24239
1954,24240
1954,24241
1954,24242
1954,24243
1954,4189
1954,24244
1954,24245
1954,24246
1954,24247
1954,24248
1954,24249
1954,24250
1954,24251
1954,24252
1954,24253
1954,24254
1954,24255
1954,24256
1954,24257
1954,4677
1954,24258
1954,24259
1954,24260
1954,24261
1954,24262
1954,24263
1954,4729
1955,24264
1955,20258
1955,24265
1955,18440
1955,24266
1955,14461
1955,4263
1955,4865
1955,6070
1955,6696
1955,6071
1955,24267
1955,7167
1955,20259
1955,24268
1955,12120
1955,5246
1955,11422
1955,24269
1955,4643
1955,9131
1955,6228
1955,4681
1955,21442
1955,4787
1955,5988
1955,5486
1955,5610
1955,4910
1955,4873
1955,24270
1955,24271
1955,24272
1955,24273
1955,5064
1956,24274
1956,2071
1956,24275
1956,2724
1956,23575
1956,24276
1956,11385
1956,3256
1956,21754
1956,3621
1956,24277
1956,3800
1956,4356
1956,9601
1956,4599
1956,24278
1957,24279
1957,24280
1957,4557
1957,8329
1957,5163
1957,3424
1957,4672
1957,24281
1957,4750
1957,24282
1957,24283
1957,24284
1957,10661
1957,24285
1957,24286
1957,5172
1957,10042
1957,11833
1957,4978
1957,24287
1957,24288
1957,4756
1957,4757
1957,4982
1957,24289
1957,10244
1957,7925
1957,24290
1957,24291
1957,4984
1957,4349
1957,4358
1957,24292
1957,24293
1957,24294
1957,5180
1957,5181
1957,4587
1957,4458
1957,4589
1957,4591
1957,24295
1957,24296
1957,6794
1957,4681
1957,4906
1957,4599
1957,15942
1957,4600
1957,5249
1957,12615
1957,24297
1957,15928
1958,17707
1958,5141
1958,24298
1958,10341
1958,5143
1958,5144
1958,24299
1958,5145
1958,22056
1958,5147
1958,24300
1958,24301
1958,4857
1958,5117
1958,2776
1958,24302
1958,16186
1958,5157
1958,24303
1958,24304
1958,12143
1958,24305
1958,24306
1958,23760
1958,24307
1958,24308
1958,5160
1958,5161
1958,5162
1958,24309
1958,12149
1958,5163
1958,12150
1958,4745
1958,24310
1958,24311
1958,24312
1958,24313
1958,4750
1958,12153
1958,24314
1958,24315
1958,5169
1958,24316
1958,5686
1958,17722
1958,24317
1958,4753
1958,10791
1958,24318
1958,5177
1958,24319
1958,24320
1958,9065
1958,5179
1958,24321
1958,24322
1958,5180
1958,24323
1958,5181
1958,5696
1958,24324
1958,4677
1958,7898
1958,24325
1958,10253
1958,24326
1958,7361
1958,5538
1958,24327
1958,12170
1958,24328
1958,4952
1959,24329
1959,24330
1959,24331
1959,24332
1959,24333
1959,24334
1959,24335
1959,24336
1959,24337
1959,24338
1959,3424
1959,24339
1959,24340
1959,24341
1959,3571
1959,24342
1959,3789
1959,24343
1959,13278
1959,24344
1959,24345
1959,24346
1959,24347
1959,24348
1959,21205
1959,24349
1959,4303
1959,4314
1959,24350
1959,4396
1959,4676
1959,24351
1959,24352
1959,24353
1959,24354
1959,4472
1959,7096
1959,24355
1959,24356
1959,16666
1959,24357
1959,24358
1959,4599
1959,4543
1959,24359
1959,15070
1959,11071
1959,24360
1959,24361
1959,24362
1959,24363
1959,18837
1959,16860
1959,24364
1959,24365
2358,24366
2358,24367
2358,24368
2358,3036
2358,24369
2358,10391
2358,24370
2358,24371
2358,24372
2358,9378
2358,4084
2358,4319
2358,24373
2358,21870
2358,10394
2358,4393
2358,4437
2358,4439
2358,4446
2358,6292
2358,22658
2358,7096
2358,10395
2358,21909
2358,6294
2358,24374
2358,18015
2358,4593
2358,4868
2358,10396
2358,5485
2358,12419
2358,4698
2358,10397
2358,10398
2358,9131
2358,5356
2358,4599
2358,22364
2358,5305
2358,5486
2358,11071
2358,24375
2358,24376
2358,5063
2358,5064
1961,24377
1961,7854
1961,24378
1961,24379
1961,24380
1961,24381
1961,24382
1961,24383
1961,24384
1961,24385
1961,24386
1961,24387
1961,4723
1961,24388
1961,24389
1961,24390
1961,24391
1961,24392
1962,2876
1962,13488
1962,24393
1962,24394
1962,24395
1962,7784
1962,24396
1962,7788
1962,7790
1962,6799
1962,5827
1962,4933
1962,11053
1962,18837
1963,13698
1963,5444
1963,24397
1963,5080
1963,9849
1963,5117
1963,24398
1963,4883
1963,13216
1963,24399
1963,24400
1963,24401
1963,5481
1963,5980
1963,13238
1963,10114
1963,24402
1963,7732
1963,4010
1963,4755
1963,4140
1963,10741
1963,24403
1963,4599
1963,4543
1963,5609
1963,24404
1963,12615
1964,17145
1964,17146
1964,24405
1964,24406
1964,24407
1964,10515
1964,3306
1964,12391
1964,24408
1964,24409
1964,17161
1964,12394
1964,12395
1964,3825
1964,24410
1964,24411
1964,24412
1964,8292
1964,16342
1964,24413
1964,24414
1964,24415
1964,7096
1964,24416
1964,24417
1964,8188
1964,12401
1964,24418
1964,4761
1964,22205
1964,24419
1964,4698
1964,6659
1964,4681
1964,7792
1964,4599
1964,24420
1964,4910
1964,24421
1964,24422
1964,24423
1964,24424
1965,24425
1965,24426
1965,6990
1965,24427
1965,24428
1965,6992
1965,6994
1965,6995
1965,6997
1965,19141
1965,24429
1965,2326
1965,2331
1965,4920
1965,19143
1965,6000
1965,8500
1965,8465
1965,24430
1965,24431
1965,5118
1965,4922
1965,7000
1965,7001
1965,24432
1965,24433
1965,7617
1965,24434
1965,4720
1965,12245
1965,19145
1965,4539
1965,4681
1965,24435
1965,10225
1965,19148
1965,24436
1966,23049
1966,24437
1966,24438
1966,11592
1966,24439
1966,24440
1966,24441
1966,24442
1966,24443
1966,24444
1966,24445
1966,24446
1966,24447
1966,13340
1966,24448
1966,24449
1966,24450
1966,24451
1966,24452
1966,24453
1966,24454
1966,24455
1966,4599
1966,24456
1966,24457
1966,24458
1966,23081
1966,24459
1966,24460
1966,24461
1966,24462
1967,5341
1967,24463
1967,24464
1967,22900
1967,5290
1967,14673
1967,14110
1967,15774
1967,6476
1967,24465
1967,8502
1967,24466
1967,3815
1967,24467
1967,11257
1967,4720
1967,24468
1967,5087
1967,24469
1967,4340
1967,24470
1967,4457
1967,11260
1967,4521
1967,4539
1967,4599
1967,24471
1967,24472
1967,24473
1967,24474
1968,24475
1968,24476
1968,24477
1968,24478
1968,24479
1968,24480
1968,24481
1968,24482
1968,20501
1968,24483
1968,24484
1968,24485
1968,24486
1968,24487
1968,24488
1968,24489
1968,24490
1968,22981
1968,9802
1968,24491
1968,5871
1968,24492
1968,9551
1968,24493
1968,24494
1968,24495
1968,22986
1968,24496
1968,24497
1968,24498
1968,24499
1968,24500
1968,24501
1968,24502
1968,9564
1968,9811
1968,24503
1968,6320
1968,24504
1968,5971
1968,17342
1968,24505
1968,5464
1968,24506
1968,24507
1968,24508
1968,24509
1968,24510
1968,24511
1968,24512
1968,9571
1968,24513
1969,6364
1969,24514
1969,24515
1969,19197
1969,9547
1969,24516
1969,11299
1969,6366
1969,12151
1969,24517
1969,24518
1969,8793
1969,6371
1969,24519
1969,15695
1969,8289
1969,15089
1969,3846
1969,21527
1969,24520
1969,14186
1969,24521
1969,4753
1969,7051
1969,24522
1969,5586
1969,7923
1969,4757
1969,4582
1969,5874
1969,4758
1969,24523
1969,23793
1969,4984
1969,24524
1969,12291
1969,4779
1969,7054
1969,17934
1969,4677
1969,4678
1969,4595
1969,11919
1969,4930
1969,4681
1969,4787
1969,5609
1969,5610
1969,4910
1969,16205
1969,24525
1969,4603
1970,24526
1970,24527
1970,24528
1970,24529
1970,10392
1970,24530
1970,4755
1970,14461
1970,24531
1970,15094
1970,24532
1970,24533
1970,17944
1970,17933
1970,8412
1970,24534
1970,4761
1970,24535
1970,24536
1970,5304
1970,24537
1970,4599
1970,24538
1970,24539
1970,11244
1970,5357
1971,14238
1971,24540
1971,7042
1971,24541
1971,7043
1971,3201
1971,12625
1971,3406
1971,7682
1971,9725
1971,12713
1971,17068
1971,8289
1971,5051
1971,3777
1971,4753
1971,5084
1971,7051
1971,4755
1971,5054
1971,15044
1971,15048
1971,10120
1971,7404
1971,24542
1971,13733
1971,12591
1971,5532
1971,5264
1971,11781
1971,5629
1971,5056
1971,5057
1971,10751
1971,13431
1971,4872
1971,12721
1971,12722
1971,5988
1971,12723
1971,12724
1971,4910
1971,4873
1971,12725
1971,9134
1971,12168
1971,24543
1971,5064
1971,5406
1972,24544
1972,24545
1972,24546
1972,19721
1972,24547
1972,21651
1972,4720
1972,24548
1972,4427
1972,12803
1972,24549
1972,24550
1972,24551
1972,4599
1972,4768
1973,3296
1973,3434
1973,9238
1973,9239
1973,24552
1973,3877
1973,3921
1973,24553
1973,21501
1973,9242
1973,4087
1973,9243
1973,4184
1973,21857
1973,9244
1973,4268
1973,24554
1973,4460
1973,24555
1973,9248
1973,24556
1973,6247
1973,8412
1973,15116
1973,24557
1973,24558
1973,9256
1973,9257
1973,5267
1973,9268
1973,24559
1973,4681
1973,7100
1973,24560
1973,21442
1973,12224
1973,4543
1973,5553
1973,5486
1973,4910
1973,24561
1973,10860
1973,5898
1973,24562
1973,5064
1973,24563
1973,24564
1973,24565
1974,15930
1974,2007
1974,24566
1974,4659
1974,2221
1974,24567
1974,21043
1974,2522
1974,2615
1974,2684
1974,2744
1974,13414
1974,24568
1974,3072
1974,24569
1974,10659
1974,24570
1974,24571
1974,3306
1974,15217
1974,3424
1974,9548
1974,24572
1974,12050
1974,3859
1974,3950
1974,4010
1974,7087
1974,24573
1974,24574
1974,4138
1974,24575
1974,24576
1974,4393
1974,5088
1974,4437
1974,4439
1974,4446
1974,4587
1974,7096
1974,5779
1974,4593
1974,13430
1974,5485
1974,24577
1974,24578
1974,24579
1974,4698
1974,6498
1974,16141
1974,24580
1974,24581
1974,4599
1974,4543
1974,7104
1974,5007
1974,24582
1974,4794
1974,24583
1975,24584
1975,10994
1975,24585
1975,2823
1975,3521
1975,24586
1975,24587
1975,24588
1975,24589
1975,24590
1975,24591
1975,24592
1975,21175
1975,24593
1975,4420
1975,24594
1975,24595
1975,24596
1975,21689
1975,24597
1975,4904
1975,12593
1975,24598
1975,12750
1975,24599
1975,24600
1975,15472
1975,4599
1975,24601
1975,24602
1975,24603
1976,18278
1976,24604
1976,24605
1976,24606
1976,24607
1976,4857
1976,6554
1976,24608
1976,5292
1976,24609
1976,24610
1976,24611
1976,24612
1976,18292
1976,7727
1976,24613
1976,24614
1976,24615
1976,24616
1976,24617
1976,24618
1976,7048
1976,24619
1976,24620
1976,24621
1976,24622
1976,24623
1976,23496
1976,4948
1976,24624
1976,21842
1976,11324
1976,24625
1976,24626
1976,24627
1976,21853
1976,4758
1976,24628
1976,10411
1976,10412
1976,13342
1976,6247
1976,24629
1976,5302
1976,24630
1976,5987
1976,24631
1976,5356
1976,5403
1976,24632
1976,5035
1976,24633
1976,24634
1976,24635
1976,24636
1976,24637
1976,24638
1976,24639
1976,5639
1977,24640
1977,16555
1977,24641
1977,24642
1977,16556
1977,19743
1977,24643
1977,6651
1977,24644
1977,24645
1977,24646
1977,19748
1977,3985
1977,3990
1977,24647
1977,16572
1977,24648
1977,5054
1977,4349
1977,5530
1977,12720
1977,4393
1977,5594
1977,5595
1977,24649
1977,4420
1977,4437
1977,4439
1977,4458
1977,24650
1977,7096
1977,5598
1977,4508
1977,8188
1977,24651
1977,4593
1977,5485
1977,4698
1977,4930
1977,24652
1977,4681
1977,4599
1977,4543
1977,5539
1977,5249
1977,24653
1977,24654
1977,24655
1977,11437
1978,24656
1978,24657
1978,24658
1978,24659
1978,3376
1978,24660
1978,5050
1978,3469
1978,6955
1978,24661
1978,17783
1978,5872
1978,24662
1978,24663
1978,24664
1978,24665
1978,24666
1978,24667
1978,22537
1978,12627
1978,24668
1978,8093
1978,24669
1978,22990
1978,24670
1978,11908
1978,20416
1978,6562
1978,15037
1978,4231
1978,24671
1978,20422
1978,4415
1978,15094
1978,10120
1978,24672
1978,13805
1978,24673
1978,6970
1978,24674
1978,12362
1978,24675
1978,24676
1978,19464
1978,6971
1978,5056
1978,8772
1978,5057
1978,12594
1978,6498
1978,4787
1978,5553
1978,24677
1978,24678
1979,16553
1979,19736
1979,19737
1979,24679
1979,24680
1979,16555
1979,24681
1979,24682
1979,24683
1979,24684
1979,24685
1979,19743
1979,10576
1979,24686
1979,24687
1979,19746
1979,13573
1979,5742
1979,24688
1979,15661
1979,16564
1979,19748
1979,4753
1979,16572
1979,5590
1979,4720
1979,5054
1979,24689
1979,9869
1979,5595
1979,5598
1979,8187
1979,4522
1979,6077
1979,6228
1979,4681
1979,15472
1979,24690
1979,5539
1979,4910
1979,16580
1979,4768
1979,5063
1979,5064
1980,24691
1980,24692
1980,24693
1980,11942
1980,24694
1980,5978
1980,22914
1980,17371
1980,6867
1980,24695
1980,6374
1980,24696
1980,4720
1980,17939
1980,5087
1980,4985
1980,9497
1980,24697
1980,11676
1980,4599
1980,24698
1980,4729
1981,24699
1981,24700
1981,24701
1981,24702
1981,24703
1981,24704
1981,17391
1981,24705
1981,24706
1981,24707
1981,24708
1981,6788
1981,24709
1981,24710
1981,24711
1981,24712
1981,24713
1981,23176
1981,24714
1981,10438
1981,24715
1981,10114
1981,24716
1981,24717
1981,24718
1981,24719
1981,4755
1981,24720
1981,24721
1981,24722
1981,24723
1981,7500
1981,24724
1981,24725
1981,24726
1981,24727
1981,24728
1981,24729
1981,24730
1981,24731
1981,24732
1981,24733
1981,24734
1981,24735
1981,4902
1981,24736
1981,24737
1981,24738
1981,4761
1981,24739
1981,7513
1981,24740
1981,4681
1981,24741
1981,24742
1981,8822
1981,10751
1981,24743
1981,4909
1981,24744
1981,24745
1981,16478
1981,4805
1981,24746
1982,2425
1982,24747
1982,24748
1982,19421
1982,5904
1982,19422
1982,17399
1982,16868
1982,3391
1982,19424
1982,3427
1982,19425
1982,14000
1982,19426
1982,24749
1982,19427
1982,24750
1982,19428
1982,3648
1982,24751
1982,5348
1982,19430
1982,14677
1982,24752
1982,4177
1982,19434
1982,5350
1982,4278
1982,24753
1982,4696
1982,4984
1982,19437
1982,19438
1982,24754
1982,4777
1982,4419
1982,7580
1982,19440
1982,19441
1982,19443
1982,7506
1982,24755
1982,24756
1982,5301
1982,5263
1982,6248
1982,14558
1982,6249
1982,19444
1982,4761
1982,4595
1982,24757
1982,5267
1982,5973
1982,14025
1982,5354
1982,4643
1982,24758
1982,4681
1982,5269
1982,5304
1982,24759
1982,4599
1982,6330
1982,5609
1982,4910
1982,19445
1982,4805
1982,19446
1982,5064
1982,5358
1983,24760
1983,5341
1983,24761
1983,7286
1983,17850
1983,20516
1983,6172
1983,5976
1983,24762
1983,22911
1983,3476
1983,24763
1983,24764
1983,19721
1983,16869
1983,24765
1983,12242
1983,24766
1983,20277
1983,10961
1983,4189
1983,4720
1983,24767
1983,24768
1983,20524
1983,9934
1983,24769
1983,24770
1983,5605
1983,4821
1983,4761
1983,24771
1983,24772
1983,4599
1983,7476
1983,24773
1983,24774
1983,10707
1983,18835
1983,4768
1983,24775
1983,4729
1983,24776
1983,11928
1984,24777
1984,24778
1984,24779
1984,24780
1984,24781
1984,24782
1984,2479
1984,24783
1984,2678
1984,14800
1984,2799
1984,2821
1984,24784
1984,24785
1984,3045
1984,24786
1984,3118
1984,24787
1984,24788
1984,24789
1984,3147
1984,24790
1984,24791
1984,24792
1984,24793
1984,24794
1984,24795
1984,24796
1984,3514
1984,3607
1984,9059
1984,24797
1984,15717
1984,23468
1984,4753
1984,20915
1984,24798
1984,24799
1984,4863
1984,24800
1984,4211
1984,7089
1984,9065
1984,5054
1984,11099
1984,5261
1984,9342
1984,7580
1984,4439
1984,24801
1984,5970
1984,24802
1984,20930
1984,13326
1984,24771
1984,4681
1984,4599
1984,4543
1984,5609
1984,14550
1984,4910
1984,5249
1984,24803
1984,5064
1984,4603
1984,23326
1985,24804
1985,24805
1985,16779
1985,24806
1985,24807
1985,24808
1985,24809
1985,24810
1985,24811
1985,16787
1985,23369
1985,24812
1985,24813
1985,24814
1985,17563
1985,15397
1985,24815
1985,24816
1985,24817
1985,9169
1985,24818
1985,5240
1985,11099
1985,24819
1985,24820
1985,21000
1985,7784
1985,6794
1985,15654
1985,6776
1985,6799
1985,5827
1985,24821
1985,5006
1985,24822
1985,24823
1985,24824
1985,24825
1985,5009
1985,8362
1986,24826
1986,2735
1986,2761
1986,2766
1986,2787
1986,24827
1986,3032
1986,3045
1986,3318
1986,3343
1986,6491
1986,3424
1986,3434
1986,3509
1986,3563
1986,24828
1986,12637
1986,22527
1986,3758
1986,7301
1986,4716
1986,3791
1986,3826
1986,5172
1986,3859
1986,5481
1986,3888
1986,24829
1986,5483
1986,24830
1986,3985
1986,16844
1986,24831
1986,7417
1986,16988
1986,4128
1986,24832
1986,15253
1986,4757
1986,4186
1986,19435
1986,5968
1986,4271
1986,21858
1986,4758
1986,4696
1986,4984
1986,4359
1986,4358
1986,24833
1986,24834
1986,4393
1986,5547
1986,14491
1986,4439
1986,4676
1986,4446
1986,24835
1986,4454
1986,24836
1986,7096
1986,7172
1986,8188
1986,12582
1986,4677
1986,7789
1986,5246
1986,24837
1986,5485
1986,4698
1986,10397
1986,24838
1986,8189
1986,4599
1986,4543
1986,5539
1986,5609
1986,5486
1986,24839
1986,24840
1986,24841
1986,24842
1986,12644
1986,8192
1986,5991
1986,4768
1986,5064
1986,4603
1986,5358
1987,3300
1987,3587
1987,24843
1987,24844
1987,4755
1987,8611
1987,4258
1987,5086
1987,4349
1987,4393
1987,13496
1987,4439
1987,6126
1987,6794
1987,7788
1987,24845
1987,4761
1987,7126
1987,24846
1987,6799
1987,4599
1987,24847
1987,24848
1987,24849
1988,6691
1988,24850
1988,4451
1988,4465
1988,24851
1988,24852
1989,24853
1989,24854
1989,24855
1989,24856
1989,24857
1989,24858
1989,24859
1989,24860
1989,24861
1989,24862
1989,24863
1989,24864
1989,24865
1989,24866
1989,4755
1989,24867
1989,24868
1989,24869
1989,24870
1989,4186
1989,4189
1989,24871
1989,24872
1989,24873
1989,4758
1989,8954
1989,24874
1989,24875
1989,24876
1989,5261
1989,8408
1989,4439
1989,10265
1989,24877
1989,4458
1989,24878
1989,24879
1989,24880
1989,8188
1989,24881
1989,4868
1989,24882
1989,24883
1989,24884
1989,24885
1989,24886
1989,4681
1989,4599
1989,5553
1989,5609
1989,24887
1989,24888
1989,24889
1989,24890
1989,11427
1989,24891
1989,24892
1990,3036
1990,3112
1990,3424
1990,3859
1990,3947
1990,3985
1990,4349
1990,4393
1990,24893
1990,6672
1990,4410
1990,4437
1990,4439
1990,4676
1990,5970
1990,21909
1990,8188
1990,4868
1990,14558
1990,6249
1990,4761
1990,11919
1990,4698
1990,6077
1990,10195
1990,10397
1990,4643
1990,4681
1990,4787
1990,4599
1990,4543
1990,5553
1990,5539
1990,5609
1990,24894
1990,5064
1990,24895
1991,24896
1991,2674
1991,24897
1991,24898
1991,24899
1991,24900
1991,3698
1991,24901
1991,24902
1991,13666
1991,4149
1991,24903
1991,4189
1991,24904
1991,24905
1991,24906
1991,24907
1991,4234
1991,24908
1991,24909
1991,4302
1991,24910
1991,24911
1991,24912
1991,4452
1991,4454
1991,24913
1991,24914
1991,4508
1991,4904
1991,15495
1991,24915
1991,6228
1991,4681
1991,4599
1991,5553
1991,24916
1991,24917
1991,24918
1991,24919
1991,24920
1991,24921
1992,24922
1992,24923
1992,24924
1992,24925
1992,24926
1992,24927
1992,23173
1992,5581
1992,24928
1992,9218
1992,24929
1992,3784
1992,11307
1992,24930
1992,9221
1992,24931
1992,13453
1992,24932
1992,24933
1992,4696
1992,24934
1992,24935
1992,5242
1992,18620
1992,24936
1992,24937
1992,19524
1992,11317
1992,24938
1992,4761
1992,11319
1992,6381
1992,4699
1992,24939
1992,4910
1992,5381
1992,8509
1992,24940
1992,4805
1993,1028
1993,24941
1993,24942
1993,24943
1993,24944
1993,2456
1993,2563
1993,15932
1993,2615
1993,24945
1993,2642
1993,24946
1993,2759
1993,2766
1993,2859
1993,2957
1993,3060
1993,24947
1993,3273
1993,3306
1993,3337
1993,3362
1993,3400
1993,3336
1993,3437
1993,3483
1993,3649
1993,3736
1993,3859
1993,3908
1993,3923
1993,24948
1993,13797
1993,24014
1993,4201
1993,4393
1993,24949
1993,14219
1993,4439
1993,4676
1993,4446
1993,4454
1993,24017
1993,6724
1993,4495
1993,6320
1993,7663
1993,7668
1993,4761
1993,12066
1993,4698
1993,5973
1993,24950
1993,6498
1993,4599
1993,4543
1993,6728
1993,24951
1993,5610
1993,24952
1993,24953
1993,12226
1994,12384
1994,24954
1994,24955
1994,24956
1994,6059
1994,24957
1994,4750
1994,24958
1994,24959
1994,24960
1994,12395
1994,5172
1994,20664
1994,24961
1994,24962
1994,6694
1994,24622
1994,5483
1994,24963
1994,16844
1994,12397
1994,24964
1994,5873
1994,4757
1994,8292
1994,4758
1994,24965
1994,4696
1994,12400
1994,5261
1994,21623
1994,12401
1994,4677
1994,4761
1994,5463
1994,24966
1994,4765
1994,4599
1994,5539
1994,21542
1994,10197
1994,24421
1994,17181
1994,24967
1994,10605
1994,24968
1994,4768
1994,24969
1994,12297
1995,2360
1995,2435
1995,10651
1995,24970
1995,10653
1995,2744
1995,2809
1995,11898
1995,2988
1995,2998
1995,14178
1995,10657
1995,10658
1995,10659
1995,3286
1995,4557
1995,3303
1995,24971
1995,24972
1995,3437
1995,4564
1995,3571
1995,3611
1995,10661
1995,24973
1995,4571
1995,3893
1995,14187
1995,23995
1995,4176
1995,10662
1995,24974
1995,10663
1995,4410
1995,24323
1995,4586
1995,4587
1995,7096
1995,8412
1995,4783
1995,23118
1995,4599
1995,4543
1995,23903
1996,2192
1996,24975
1996,24976
1996,5118
1996,5156
1996,24977
1996,23671
1996,21119
1996,5159
1996,5292
1996,2998
1996,24978
1996,3177
1996,3240
1996,24979
1996,11299
1996,11301
1996,24980
1996,3846
1996,24372
1996,3923
1996,4753
1996,7051
1996,5483
1996,11308
1996,4755
1996,22165
1996,4758
1996,9407
1996,4354
1996,11156
1996,24981
1996,6294
1996,18015
1996,6247
1996,5264
1996,10253
1996,24982
1996,4540
1996,18990
1996,13809
1996,4599
1996,4543
1996,6500
1996,24983
1996,11159
1996,4805
1996,24984
1997,24985
1997,24986
1997,24987
1997,24988
1997,24989
1997,24990
1997,24991
1997,24992
1997,24993
1997,7537
1997,24994
1997,24995
1997,24996
1997,24997
1997,19269
1997,24998
1997,24999
1997,25000
1997,25001
1997,25002
1997,25003
1997,25004
1997,25005
1997,25006
1997,25007
1997,25008
1997,25009
1997,25010
1997,25011
1997,25012
1997,19275
1997,19276
1997,25013
1997,25014
1997,25015
1997,25016
1997,19278
1997,25017
1997,25018
1997,25019
1997,25020
1997,25021
1997,25022
1997,25023
1997,25024
1997,25025
1997,25026
1997,25027
1997,25028
1997,25029
1997,25030
1997,25031
1997,19285
1997,25032
1997,25033
1998,14103
1998,25034
1998,25035
1998,5366
1998,7282
1998,25036
1998,25037
1998,14107
1998,25038
1998,25039
1998,5290
1998,14108
1998,25040
1998,25041
1998,25042
1998,2923
1998,25043
1998,5344
1998,4716
1998,25044
1998,25045
1998,25046
1998,20593
1998,5329
1998,20594
1998,5377
1998,7546
1998,20597
1998,25047
1998,20598
1998,4761
1998,5378
1998,24771
1998,11753
1998,20306
1999,25048
1999,25049
1999,25050
1999,25051
1999,25052
1999,25053
1999,25054
1999,25055
1999,25056
1999,25057
1999,25058
1999,25059
1999,25060
1999,25061
1999,25062
1999,25063
1999,25064
1999,25065
1999,25066
1999,25067
1999,25068
1999,3343
1999,11087
1999,25069
1999,25070
1999,25071
1999,12715
1999,12716
1999,4716
1999,3895
1999,11093
1999,25072
1999,25073
1999,25074
1999,12221
1999,25075
1999,25076
1999,25077
1999,25078
1999,25079
1999,25080
1999,25081
1999,25082
1999,25083
1999,4446
1999,9147
1999,22396
1999,25084
1999,25085
1999,25086
1999,25087
1999,25088
1999,25089
1999,25090
1999,25091
1999,12292
1999,25092
1999,25093
1999,25094
1999,22407
1999,25095
2000,25096
2000,25097
2000,25098
2000,5341
2000,25099
2000,25100
2000,25101
2000,25102
2000,25103
2000,19956
2000,25104
2000,13892
2000,5118
2000,25105
2000,25106
2000,25107
2000,20517
2000,25108
2000,25109
2000,11460
2000,25110
2000,25111
2000,25112
2000,8058
2000,25113
2000,5560
2000,25114
2000,18296
2000,5561
2000,25115
2000,25116
2000,25117
2000,25118
2000,25119
2000,25120
2000,25121
2000,6867
2000,22922
2000,14210
2000,5563
2000,25122
2000,25123
2000,4189
2000,25124
2000,25125
2000,25126
2000,7052
2000,6448
2000,5981
2000,9410
2000,25127
2000,7099
2000,5565
2000,5567
2000,7475
2000,13649
2000,25128
2000,25129
2000,25130
2000,6384
2000,4729
2000,25131
2097,25132
2097,3334
2097,25133
2097,25134
2097,3710
2097,3798
2097,25135
2097,25136
2097,5563
2097,25137
2097,25138
2097,4720
2097,4214
2097,25139
2097,25140
2097,4270
2097,25141
2097,8066
2097,25142
2097,21261
2097,25143
2097,25144
2097,25145
2097,25146
2097,4457
2097,20181
2097,4534
2097,11472
2097,11352
2097,4599
2097,25147
2097,25148
2097,20534
2097,25149
2097,25150
2097,25151
2272,25152
2272,25153
2272,25154
2272,25155
2272,25156
2272,25157
2272,25158
2272,25159
2272,16844
2272,25160
2272,25161
2272,4757
2272,4758
2272,25162
2272,25163
2272,25164
2272,4421
2272,25165
2272,17276
2272,24324
2272,5264
2272,8215
2272,4698
2272,7471
2272,25166
2272,4599
2272,4543
2272,25167
2314,24429
2314,2331
2314,2486
2314,5341
2314,2546
2314,2562
2314,23232
2314,8465
2314,5118
2314,7000
2314,6476
2315,10638
2315,18453
2315,25168
2315,25169
2315,25170
2315,25171
2315,25172
2315,25173
2315,25174
2315,25175
2315,25176
2315,25177
2315,7953
2315,25178
2315,25179
2315,25180
2315,25181
2315,15646
2315,25182
2315,25183
2315,25184
2315,25185
2315,25186
2315,25187
2315,4755
2315,25188
2315,25189
2315,25190
2315,4234
2315,25191
2315,25192
2315,15492
2315,25193
2315,15649
2315,15651
2315,25194
2315,25195
2315,25196
2315,15652
2315,6968
2315,25197
2315,25198
2315,6970
2315,4677
2315,25199
2315,15654
2315,25200
2315,4761
2315,5056
2315,15655
2315,5057
2315,8822
2315,4599
2315,25201
2315,25202
2315,21010
2315,25203
2315,25204
2315,25205
2315,25206
2315,4768
2315,25207
2315,10977
2315,5406
2316,25208
2316,25209
2316,9757
2316,25210
2316,9758
2316,3498
2316,25211
2316,4750
2316,9763
2316,9764
2316,25212
2316,9766
2316,4632
2316,25213
2316,4753
2316,4013
2316,22139
2316,25214
2316,9672
2316,25215
2316,13909
2316,4984
2316,9769
2316,4638
2316,4639
2316,22142
2316,25216
2316,25217
2316,4681
2316,5464
2316,12722
2316,25218
2316,4910
2316,25219
2316,25220
2317,25221
2317,25222
2317,25223
2317,25224
2317,25225
2317,25226
2317,25227
2317,25228
2317,16405
2317,25229
2317,25230
2317,25231
2317,25232
2317,25233
2317,3293
2317,25234
2317,25235
2317,3316
2317,25236
2317,25237
2317,25238
2317,25239
2317,25240
2317,25241
2317,16410
2317,16411
2317,25242
2317,25243
2317,16414
2317,22452
2317,25244
2317,7228
2317,25245
2317,25246
2317,16435
2317,16419
2317,16438
2317,25247
2317,25248
2317,4192
2317,25249
2317,7231
2317,25250
2317,25251
2317,25252
2317,25253
2317,4340
2317,25254
2317,25255
2317,25256
2317,25257
2317,22459
2317,22926
2317,25258
2317,11260
2317,4521
2317,5751
2317,25259
2317,4761
2317,25260
2317,4539
2317,5827
2317,25261
2317,25262
2317,8509
2317,25263
2317,25264
2317,25265
2317,25266
2317,25267
2318,24943
2318,2299
2318,25268
2318,2491
2318,25269
2318,2804
2318,25270
2318,3139
2318,3230
2318,3424
2318,18112
2318,16194
2318,17250
2318,25271
2318,14847
2318,25272
2318,6957
2318,25273
2318,7049
2318,25274
2318,21409
2318,15597
2318,18926
2318,22883
2318,25275
2318,25121
2318,12050
2318,25276
2318,12051
2318,25277
2318,3878
2318,8389
2318,13238
2318,7920
2318,25278
2318,7496
2318,25279
2318,4753
2318,13241
2318,9591
2318,6721
2318,5483
2318,4010
2318,4038
2318,4755
2318,25280
2318,4189
2318,4234
2318,19988
2318,25281
2318,4276
2318,4326
2318,4336
2318,4355
2318,4358
2318,23944
2318,4393
2318,25282
2318,4676
2318,4452
2318,4454
2318,4458
2318,16107
2318,16966
2318,4761
2318,4679
2318,25283
2318,22414
2318,4681
2318,4599
2318,4543
2318,25284
2318,4805
2318,12226
2319,25285
2319,6995
2319,25286
2319,6997
2319,19141
2319,2326
2319,5999
2319,4920
2319,19143
2319,5341
2319,2562
2319,5118
2319,4922
2319,7000
2319,7001
2319,11942
2319,9931
2319,3441
2319,5124
2319,5087
2319,4985
2319,6446
2319,19145
2319,11951
2319,4599
2319,19147
2319,19148
2319,18310
2320,25287
2320,25288
2320,25289
2320,25290
2320,25291
2320,25292
2320,25293
2320,25294
2320,25295
2320,25296
2320,25297
2320,25298
2320,25299
2320,25300
2320,25301
2320,25302
2320,25303
2320,25304
2320,25305
2320,25306
2320,25307
2320,25308
2320,25309
2320,25310
2320,25311
2320,25312
2320,25313
2320,25314
2320,25315
2320,25316
2320,25317
2320,25318
2320,25319
2320,25320
2320,25321
2320,25322
2320,25323
2320,25324
2320,25325
2320,9934
2320,25326
2320,25327
2320,25328
2320,25329
2320,25330
2320,25331
2320,25332
2320,25333
2320,25334
2320,25335
2320,25336
2320,25337
2320,25338
2320,9226
2320,25339
2320,25340
2320,16715
2320,25341
2320,25342
2320,25343
2320,25344
2320,25345
2320,25346
2320,25347
2320,25348
2320,25349
2320,25350
2320,25351
2320,25352
2320,25353
2320,25354
2320,25355
2320,25356
2320,4703
2320,5785
2320,25357
2320,10605
2320,25358
2320,25359
2320,4603
2320,6200
2320,25360
2322,25361
2322,2974
2322,25362
2322,25363
2322,3353
2322,5742
2322,25364
2322,3822
2322,9866
2322,25365
2322,25366
2322,25367
2322,5873
2322,10940
2322,7828
2322,4696
2322,25368
2322,25369
2322,7831
2322,5972
2322,4681
2322,4599
2322,5827
2322,4910
2322,25370
2322,25371
2322,25372
2322,9886
2323,25373
2323,19887
2323,3789
2323,25374
2323,4013
2323,25375
2323,4202
2323,4458
2323,25376
2323,4531
2323,16643
2323,4599
2323,5249
2324,25377
2324,25378
2324,25379
2324,25380
2324,25381
2324,25382
2324,25383
2324,16910
2324,25384
2324,25385
2324,5578
2324,3383
2324,25386
2324,25387
2324,8058
2324,25388
2324,25389
2324,6529
2324,25390
2324,19748
2324,25391
2324,3775
2324,5232
2324,3791
2324,25392
2324,25393
2324,25394
2324,5563
2324,15446
2324,25395
2324,24647
2324,18336
2324,25396
2324,25397
2324,4720
2324,25398
2324,7611
2324,6535
2324,17766
2324,25399
2324,6655
2324,25400
2324,19322
2324,4340
2324,25401
2324,4985
2324,4359
2324,4358
2324,25402
2324,25403
2324,25404
2324,18341
2324,16923
2324,7580
2324,23472
2324,25405
2324,5969
2324,5598
2324,25406
2324,25407
2324,25408
2324,25409
2324,25410
2324,5202
2324,6566
2324,25411
2324,7470
2324,9131
2324,4681
2324,13590
2324,4599
2324,5249
2324,25412
2324,25413
2324,25414
2324,17845
2324,25415
2324,25416
2324,25417
2324,25418
2324,8362
2324,25419
2325,25420
2325,25421
2325,25422
2325,25423
2325,25424
2325,25425
2325,25426
2325,25427
2325,25428
2325,25429
2325,4189
2325,25430
2325,25431
2325,25432
2325,25433
2325,25434
2325,25435
2325,25436
2325,25437
2325,25438
2325,25439
2325,25440
2325,16804
2325,25441
2325,25442
2325,25443
2325,25444
2325,25445
2325,12081
2325,5245
2325,17110
2325,9328
2325,16806
2325,10966
2325,25446
2325,4599
2325,25447
2325,25448
2325,23415
2325,5249
2325,7432
2325,25449
2325,25450
2325,25451
2325,25452
2326,25453
2326,1236
2326,25454
2326,2070
2326,25455
2326,25456
2326,7414
2326,2615
2326,25457
2326,2646
2326,7297
2326,17555
2326,3286
2326,3301
2326,8851
2326,21592
2326,3365
2326,3424
2326,25458
2326,3550
2326,3631
2326,3664
2326,3698
2326,15597
2326,3812
2326,3825
2326,3859
2326,5980
2326,25459
2326,25460
2326,13241
2326,3950
2326,5483
2326,3997
2326,4755
2326,5545
2326,4234
2326,25461
2326,4349
2326,4358
2326,4377
2326,4378
2326,4393
2326,6071
2326,4410
2326,4439
2326,4676
2326,4454
2326,4458
2326,7096
2326,5970
2326,25462
2326,25463
2326,4508
2326,4868
2326,4783
2326,5485
2326,4679
2326,11919
2326,4698
2326,25464
2326,4539
2326,4681
2326,4599
2326,5538
2326,12069
2326,4543
2326,5553
2326,5539
2326,5609
2326,5486
2326,7335
2326,5254
2326,25465
2326,6569
2326,5064
2327,5290
2327,11939
2327,3069
2327,3088
2327,3139
2327,19884
2327,10080
2327,3306
2327,5122
2327,11151
2327,25466
2327,3471
2327,15954
2327,20941
2327,5544
2327,3758
2327,4716
2327,3791
2327,21527
2327,23598
2327,7498
2327,4189
2327,5087
2327,10741
2327,4985
2327,4359
2327,25467
2327,4374
2327,4377
2327,4393
2327,4398
2327,5088
2327,4439
2327,4676
2327,4458
2327,9147
2327,16966
2327,21906
2327,4486
2327,25468
2327,6294
2327,4761
2327,5380
2327,4599
2327,4543
2327,5539
2327,25469
2327,9674
2327,25470
2327,12013
2327,25471
2327,5064
2328,25472
2328,25473
2328,25474
2328,25475
2328,25476
2328,25477
2328,25478
2328,25479
2328,25480
2328,25481
2328,25482
2328,25483
2328,25484
2328,25485
2328,25486
2328,25487
2328,25488
2328,25489
2328,25490
2328,25491
2328,25492
2328,25493
2328,25494
2328,25495
2328,25496
2328,25497
2328,25498
2328,25499
2328,25500
2328,11861
2328,25501
2328,25502
2328,14492
2328,25503
2328,25504
2328,25505
2328,25506
2328,7426
2328,5485
2328,6103
2328,25507
2328,4599
2328,5827
2328,4543
2328,25508
2328,25509
2328,25510
2328,25511
2328,25512
2328,25513
2328,4768
2329,3306
2329,3424
2329,15717
2329,3859
2329,3997
2329,4010
2329,25514
2329,6562
2329,25515
2329,25516
2329,4349
2329,4393
2329,7167
2329,4437
2329,4439
2329,4454
2329,4458
2329,7096
2329,4499
2329,4593
2329,6074
2329,4679
2329,9328
2329,4698
2329,4643
2329,10966
2329,4681
2329,8189
2329,4599
2329,4543
2329,25517
2329,6131
2329,5249
2329,25518
2329,5991
2329,25519
2329,5063
2329,10275
2329,5064
2329,8362
2329,5406
2330,3005
2330,3127
2330,25520
2330,21135
2330,3422
2330,3604
2330,25521
2330,3726
2330,25522
2330,25523
2330,4034
2330,11409
2330,6869
2330,23605
2330,4185
2330,11413
2330,20017
2330,25524
2330,4349
2330,4985
2330,17999
2330,5399
2330,9599
2330,13911
2330,5246
2330,25525
2330,5403
2330,17488
2330,4599
2330,5827
2330,4543
2330,25526
2330,25527
2330,25528
2330,4703
2330,19089
2330,21144
2330,5357
2330,5064
2331,25529
2331,25530
2331,25531
2331,25532
2331,25533
2331,5483
2331,25534
2331,4720
2331,6712
2331,5086
2331,4359
2331,4368
2331,5351
2331,25535
2331,4534
2331,4698
2331,8189
2331,4599
2331,25536
2331,5249
2331,25537
2331,25538
2331,25131
2332,25539
2332,25540
2332,25541
2332,25542
2332,4925
2332,25543
2332,7119
2332,25544
2332,25545
2332,4439
2332,24820
2332,25546
2332,25547
2332,4927
2332,25548
2332,25549
2332,25550
2332,25551
2332,25552
2332,4932
2332,4599
2332,25553
2332,4933
2332,4934
2332,25554
2332,25555
2332,25556
2332,25557
2332,25558
2333,21708
2333,10900
2333,10901
2333,25559
2333,10903
2333,25560
2333,3778
2333,21717
2333,4302
2333,10905
2333,21721
2333,11103
2333,9914
2333,21724
2333,21725
2333,25561
2333,4930
2333,21726
2333,21727
2333,9919
2333,25562
2333,25563
2334,7984
2334,25564
2334,7991
2334,7992
2334,25565
2334,7993
2334,7995
2334,25566
2334,25567
2334,10010
2334,25568
2334,25569
2334,12949
2334,7998
2334,4681
2334,25570
2334,4786
2334,25571
2334,25572
2334,4603
2335,25573
2335,10078
2335,25574
2335,25575
2335,25576
2335,25577
2335,3587
2335,7683
2335,25578
2335,13340
2335,25579
2335,25580
2335,25581
2335,25426
2335,25582
2335,3981
2335,6119
2335,4189
2335,25583
2335,25584
2335,25585
2335,25586
2335,8617
2335,6126
2335,7786
2335,12582
2335,18829
2335,7788
2335,24845
2335,4761
2335,25587
2335,4698
2335,6799
2335,25588
2335,4599
2335,5827
2335,9459
2335,5249
2335,21178
2335,11284
2335,20074
2335,20075
2335,25589
2336,14197
2336,25590
2336,25591
2336,25592
2336,25593
2336,25594
2336,25595
2336,5341
2336,23310
2336,25596
2336,25597
2336,25598
2336,25599
2336,25600
2336,25601
2336,25602
2336,25603
2336,21165
2336,19703
2336,25604
2336,25605
2336,25606
2336,25607
2336,10422
2336,6172
2336,25608
2336,25609
2336,14675
2336,25610
2336,25611
2336,25612
2336,6478
2336,25613
2336,25614
2336,25615
2336,25616
2336,19110
2336,5122
2336,25617
2336,25618
2336,25619
2336,5344
2336,20785
2336,25620
2336,25621
2336,25622
2336,25623
2336,25624
2336,25625
2336,25626
2336,25627
2336,25628
2336,25629
2336,19704
2336,4720
2336,25630
2336,25631
2336,25632
2336,25633
2336,16828
2336,25634
2336,25635
2336,25636
2336,25637
2336,23342
2336,25638
2336,6448
2336,25639
2336,17853
2336,25640
2336,7693
2336,25641
2336,25642
2336,25643
2336,25644
2336,25645
2336,4761
2336,7099
2336,17462
2336,25646
2336,7101
2336,25647
2336,12084
2336,25648
2336,18465
2336,25649
2336,25650
2336,25651
2336,25652
2336,23359
2336,25653
2336,25654
2336,25655
2336,25656
2336,25657
2336,25658
2336,25659
2336,4768
2336,25660
2336,4729
2336,25661
2336,25662
2336,25663
2336,25664
2337,1246
2337,25665
2337,25666
2337,25667
2337,25668
2337,2876
2337,25669
2337,25670
2337,19427
2337,25671
2337,6957
2337,7301
2337,22920
2337,3895
2337,25672
2337,9911
2337,5483
2337,25673
2337,4755
2337,14277
2337,4582
2337,25674
2337,4336
2337,4393
2337,5261
2337,4507
2337,12419
2337,4761
2337,4681
2337,8189
2337,5553
2337,25675
2337,25676
2337,20332
2337,5064
2337,8362
2338,15739
2338,2002
2338,15740
2338,9398
2338,2821
2338,15743
2338,3118
2338,6857
2338,3265
2338,3424
2338,3514
2338,3571
2338,3711
2338,17784
2338,3826
2338,9337
2338,4753
2338,3990
2338,4211
2338,9407
2338,5054
2338,4359
2338,12720
2338,7203
2338,9342
2338,4420
2338,5301
2338,20444
2338,25677
2338,4643
2338,4681
2338,4599
2338,9460
2338,5553
2338,25678
2338,11282
2338,15760
2338,25679
2338,5063
2338,5064
2339,5734
2339,25680
2339,12848
2339,3147
2339,25681
2339,10704
2339,3332
2339,20159
2339,25682
2339,7987
2339,4884
2339,5742
2339,16617
2339,3557
2339,25683
2339,25684
2339,25685
2339,15717
2339,3797
2339,3826
2339,7989
2339,25686
2339,4753
2339,9165
2339,25687
2339,4755
2339,22886
2339,6274
2339,5873
2339,4214
2339,4305
2339,5054
2339,25688
2339,25689
2339,9342
2339,25690
2339,4420
2339,20181
2339,25691
2339,25692
2339,25693
2339,25694
2339,25695
2339,25696
2339,25697
2339,25698
2339,25699
2339,11472
2339,6325
2339,25700
2339,4681
2339,4765
2339,5058
2339,4872
2339,5539
2339,25701
2339,6331
2339,5486
2339,25702
2339,25703
2339,25704
2339,25705
2339,25706
2339,5898
2339,5063
2339,5064
2340,25707
2340,25708
2340,25709
2340,25710
2340,4044
2340,25711
2340,21258
2340,25712
2340,25713
2340,5031
2340,25714
2340,25715
2340,25716
2340,25717
2340,25718
2340,4326
2340,7053
2340,25719
2340,25720
2340,25721
2340,25722
2340,25723
2340,25724
2340,25725
2340,25726
2340,4506
2340,4508
2340,6980
2340,4599
2340,5827
2340,25727
2340,4768
2340,25728
2341,25729
2341,23274
2341,25730
2341,25731
2341,25732
2341,25733
2341,25734
2341,9400
2341,25735
2341,19569
2341,9402
2341,25736
2341,14953
2341,25737
2341,8717
2341,15694
2341,25738
2341,10704
2341,25739
2341,4742
2341,19589
2341,25740
2341,19574
2341,25741
2341,5742
2341,19575
2341,25742
2341,25743
2341,16175
2341,7989
2341,25744
2341,4752
2341,9165
2341,3967
2341,6824
2341,6274
2341,25745
2341,5873
2341,25746
2341,12786
2341,25747
2341,13584
2341,9256
2341,5982
2341,11424
2341,10196
2341,4765
2341,4599
2341,5827
2341,11053
2341,6660
2341,25748
2341,9689
2341,25749
2341,25750
2341,25751
2341,10605
2341,5898
2341,20841
2342,3937
2342,25752
2342,20891
2342,20893
2342,21539
2342,4698
2342,4643
2342,24758
2342,9131
2342,20869
2342,4681
2342,25753
2342,25754
2342,25755
2342,4599
2342,22837
2342,4543
2342,25756
2342,25757
2343,25758
2343,25759
2343,25760
2343,25761
2343,25762
2343,13576
2343,25763
2343,25764
2343,25765
2343,25766
2343,25767
2343,25768
2343,25769
2343,25770
2343,25771
2343,25772
2343,2870
2343,25773
2343,25774
2343,25775
2343,14952
2343,25776
2343,25777
2343,3501
2343,25778
2343,25779
2343,25780
2343,15831
2343,25781
2343,25782
2343,25783
2343,4189
2343,6121
2343,4234
2343,17605
2343,11775
2343,14959
2343,15833
2343,22547
2343,6126
2343,4479
2343,7784
2343,7788
2343,6799
2343,7129
2343,13590
2343,4599
2343,5785
2343,25784
2343,25785
2343,25786
2343,25787
2343,6136
2343,25788
2344,25789
2344,25790
2344,25791
2344,25792
2344,25793
2344,25794
2344,25795
2344,25796
2344,25797
2344,5377
2344,24396
2344,25798
2344,25799
2344,4824
2344,25800
2344,25801
2345,25802
2345,25803
2345,25804
2345,25805
2345,25806
2345,25807
2345,25808
2345,3433
2345,25809
2345,6789
2345,3846
2345,8350
2345,4753
2345,22393
2345,3985
2345,25810
2345,25811
2345,15809
2345,25812
2345,4720
2345,22395
2345,4234
2345,11861
2345,4253
2345,13263
2345,4985
2345,4349
2345,4368
2345,4354
2345,25813
2345,6448
2345,25814
2345,8957
2345,25815
2345,15816
2345,15817
2345,8352
2345,25816
2345,8188
2345,25817
2345,25818
2345,25819
2345,25820
2345,25821
2345,4761
2345,25822
2345,25823
2345,22399
2345,25824
2345,4906
2345,4599
2345,5827
2345,4543
2345,25825
2345,10619
2345,25826
2345,25827
2345,25828
2345,4768
2345,20874
2346,23936
2346,25829
2346,3370
2346,3376
2346,3399
2346,3428
2346,23491
2346,3438
2346,3553
2346,25830
2346,25831
2346,25832
2346,3654
2346,12737
2346,12851
2346,3771
2346,5051
2346,25833
2346,25834
2346,25835
2346,5052
2346,3736
2346,25836
2346,23494
2346,25837
2346,21679
2346,22537
2346,13793
2346,15490
2346,3919
2346,25838
2346,25839
2346,25840
2346,25841
2346,4010
2346,15491
2346,4037
2346,25842
2346,25843
2346,25844
2346,25845
2346,25846
2346,25847
2346,4201
2346,21363
2346,25848
2346,15037
2346,4234
2346,25849
2346,25850
2346,4261
2346,7925
2346,4758
2346,25851
2346,15492
2346,4336
2346,4350
2346,21248
2346,25852
2346,25853
2346,5530
2346,17630
2346,23944
2346,25196
2346,11778
2346,23011
2346,4437
2346,4676
2346,4447
2346,15493
2346,16125
2346,16966
2346,6968
2346,25854
2346,7172
2346,4508
2346,10266
2346,5602
2346,24324
2346,4904
2346,5532
2346,12749
2346,17314
2346,6496
2346,15206
2346,5534
2346,6971
2346,5056
2346,5057
2346,4681
2346,4599
2346,20668
2346,21107
2346,4910
2346,5249
2346,12634
2346,25855
2346,25856
2346,21574
2346,25857
2346,25858
2346,4805
2346,25859
2346,25860
2346,12226
2346,25861
2346,25862
2346,4603
2346,5406
2346,25863
2347,25864
2347,22085
2347,25865
2347,7043
2347,25866
2347,25867
2347,12848
2347,10704
2347,25868
2347,5742
2347,4884
2347,25869
2347,25684
2347,3576
2347,7989
2347,4753
2347,4755
2347,4139
2347,22833
2347,5873
2347,25870
2347,25871
2347,25872
2347,4359
2347,6070
2347,12786
2347,14219
2347,4439
2347,6317
2347,25873
2347,21306
2347,9247
2347,4677
2347,25874
2347,5246
2347,6226
2347,7426
2347,5485
2347,8189
2347,4765
2347,4599
2347,4701
2347,7476
2347,25702
2347,8355
2347,25875
2347,25876
2347,4768
2347,5898
2347,25877
2348,25878
2348,25879
2348,25880
2348,2988
2348,25881
2348,4671
2348,10658
2348,14181
2348,8329
2348,10660
2348,4564
2348,4672
2348,3571
2348,25882
2348,3611
2348,10478
2348,3633
2348,25883
2348,25884
2348,14183
2348,4571
2348,25885
2348,4574
2348,3923
2348,10482
2348,10662
2348,4696
2348,10663
2348,25886
2348,14188
2348,4779
2348,4587
2348,4590
2348,10664
2348,4594
2348,4677
2348,7668
2348,11919
2348,4597
2348,4681
2348,25887
2348,4599
2348,4543
2348,12615
2349,25888
2349,25889
2349,25890
2349,25891
2349,25892
2349,25893
2349,25894
2349,25895
2349,25896
2349,25897
2349,25898
2349,25899
2349,25900
2349,25901
2349,25902
2349,25903
2349,25904
2349,25905
2349,25906
2349,25907
2349,25908
2349,25909
2349,25910
2349,25911
2349,25912
2349,25913
2349,25914
2349,25915
2349,25916
2349,25917
2349,25918
2349,25919
2349,25920
2349,25921
2349,25922
2349,25923
2349,25924
2349,25925
2349,25926
2349,25927
2349,25928
2349,25929
2349,25930
2349,25931
2349,25932
2349,25933
2349,25934
2349,25935
2349,25936
2349,25937
2349,25938
2349,25939
2349,25940
2349,25941
2349,25942
2349,25943
2349,25944
2349,5874
2349,25945
2349,25946
2349,25947
2349,25948
2349,25949
2349,25950
2349,25951
2349,25952
2349,25953
2349,25954
2349,25955
2349,25956
2349,25957
2349,25958
2349,25959
2349,25960
2349,25961
2349,6968
2349,25962
2349,21689
2349,25963
2349,25964
2349,25965
2349,25966
2349,25967
2349,25968
2349,25969
2349,25970
2349,6129
2349,25971
2349,25972
2349,25973
2349,25974
2349,25975
2349,25976
2349,25977
2349,25978
2349,25979
2349,23807
2349,25980
2351,25981
2351,22934
2351,22410
2351,25982
2351,25983
2351,4553
2351,25984
2351,8268
2351,25985
2351,25986
2351,25987
2351,25988
2351,4564
2351,25989
2351,25990
2351,25991
2351,25992
2351,25993
2351,25994
2351,25995
2351,25996
2351,25997
2351,25998
2351,25999
2351,26000
2351,26001
2351,3859
2351,10852
2351,26002
2351,7920
2351,25278
2351,15628
2351,6721
2351,26003
2351,26004
2351,26005
2351,14309
2351,15843
2351,22949
2351,19347
2351,4755
2351,26006
2351,26007
2351,26008
2351,26009
2351,22354
2351,4582
2351,14311
2351,26010
2351,4237
2351,26011
2351,8679
2351,22357
2351,26012
2351,11008
2351,24575
2351,22237
2351,26013
2351,26014
2351,16122
2351,26015
2351,26016
2351,8270
2351,26017
2351,12360
2351,4410
2351,26018
2351,12361
2351,26019
2351,4586
2351,26020
2351,14312
2351,26021
2351,4587
2351,26022
2351,4453
2351,4454
2351,26023
2351,22412
2351,26024
2351,11012
2351,26025
2351,26026
2351,24154
2351,26027
2351,14313
2351,26028
2351,26029
2351,8160
2351,26030
2351,8271
2351,26031
2351,20435
2351,21214
2351,26032
2351,26033
2351,16132
2351,14283
2351,26034
2351,16320
2351,4678
2351,4761
2351,8691
2351,26035
2351,26036
2351,4596
2351,26037
2351,26038
2351,26039
2351,4950
2351,12066
2351,26040
2351,8169
2351,26041
2351,9952
2351,22362
2351,26042
2351,22415
2351,26043
2351,12364
2351,4681
2351,26044
2351,26045
2351,26046
2351,4599
2351,7900
2351,12366
2351,22364
2351,8693
2351,26047
2351,4998
2351,6500
2351,4600
2351,26048
2351,26049
2351,26050
2351,26051
2351,26052
2351,26053
2351,26054
2351,26055
2351,26056
2351,4805
2351,26057
2351,26058
2351,26059
2351,26060
2352,26061
2352,26062
2352,26063
2352,6668
2352,26064
2352,3984
2352,3998
2352,26065
2352,25499
2352,10405
2352,26066
2352,4316
2352,23793
2352,8907
2352,26067
2352,5261
2352,5088
2352,26068
2352,10410
2352,10411
2352,10412
2352,8915
2352,5601
2352,14023
2352,17342
2352,8917
2352,4681
2352,5464
2352,4910
2352,10414
2353,26069
2353,26070
2353,19027
2353,15892
2353,9536
2353,26071
2353,19033
2353,12181
2353,12182
2353,9544
2353,12185
2353,12187
2353,12186
2353,12188
2353,26072
2353,12190
2353,26073
2353,14889
2353,26074
2353,26075
2353,12191
2353,12193
2353,12194
2353,20326
2353,4189
2353,12196
2353,12197
2353,20327
2353,4696
2353,12199
2353,26076
2353,12201
2353,4390
2353,4392
2353,9564
2353,9265
2353,26077
2353,9267
2353,14903
2353,12203
2353,20330
2353,12204
2353,4677
2353,9268
2353,26078
2353,26079
2353,26080
2353,26081
2353,12206
2354,5156
2354,26082
2354,26083
2354,26084
2354,26085
2354,26086
2354,26087
2354,26088
2354,26089
2354,26090
2354,23244
2354,26091
2354,4557
2354,19197
2354,26092
2354,5163
2354,26093
2354,24517
2354,11301
2354,26094
2354,8793
2354,6371
2354,26095
2354,12714
2354,18981
2354,26096
2354,3846
2354,26097
2354,26098
2354,10239
2354,26099
2354,11092
2354,26100
2354,4753
2354,7051
2354,26101
2354,26102
2354,26103
2354,26104
2354,23892
2354,24974
2354,26105
2354,26106
2354,11837
2354,15905
2354,26107
2354,26108
2354,26109
2354,18987
2354,26110
2354,4590
2354,4591
2354,23898
2354,26111
2354,4594
2354,26112
2354,26113
2354,26114
2354,26115
2354,26116
2354,26117
2354,26118
2354,26119
2355,23428
2355,1931
2355,23430
2355,23431
2355,26120
2355,2884
2355,26121
2355,23432
2355,3169
2355,3424
2355,5872
2355,26122
2355,8753
2355,3789
2355,22984
2355,8754
2355,23437
2355,23438
2355,26123
2355,26124
2355,3893
2355,19577
2355,3975
2355,26125
2355,22990
2355,14566
2355,19578
2355,22833
2355,4189
2355,26126
2355,26127
2355,4216
2355,4286
2355,4696
2355,4359
2355,23442
2355,4368
2355,4387
2355,4393
2355,4421
2355,7580
2355,4439
2355,19581
2355,6979
2355,19441
2355,4454
2355,23445
2355,10410
2355,8767
2355,19583
2355,9250
2355,4593
2355,8412
2355,7426
2355,5485
2355,17342
2355,9255
2355,16203
2355,6103
2355,4698
2355,8692
2355,13344
2355,18833
2355,4681
2355,19586
2355,7262
2355,14569
2355,4599
2355,18024
2355,22837
2355,5827
2355,4543
2355,5058
2355,23451
2355,14388
2355,14570
2355,22839
2355,8358
2355,23453
2355,26128
2355,26129
2355,26130
2355,7272
2356,2480
2356,26131
2356,26132
2356,26133
2356,3447
2356,12732
2356,17783
2356,3686
2356,25835
2356,5052
2356,3860
2356,26134
2356,26135
2356,26136
2356,4231
2356,5053
2356,26137
2356,26138
2356,11099
2356,15044
2356,26139
2356,26140
2356,5532
2356,6970
2356,5246
2356,13325
2356,15060
2356,13326
2356,6971
2356,26141
2356,5056
2356,4905
2356,5057
2356,4681
2356,4599
2356,5538
2356,26142
2356,26143
2356,26144
2357,26145
2357,26146
2357,2821
2357,11383
2357,26147
2357,3118
2357,26148
2357,3216
2357,11389
2357,11390
2357,20273
2357,21135
2357,3422
2357,23963
2357,26149
2357,3474
2357,11396
2357,26150
2357,3514
2357,11398
2357,11399
2357,6860
2357,3604
2357,3711
2357,26151
2357,20103
2357,3823
2357,3826
2357,6064
2357,23597
2357,26152
2357,3873
2357,5392
2357,26153
2357,11407
2357,8728
2357,26154
2357,5393
2357,3990
2357,11409
2357,13908
2357,4185
2357,15449
2357,11414
2357,17605
2357,5054
2357,7401
2357,5398
2357,4356
2357,26155
2357,12720
2357,11417
2357,11418
2357,9342
2357,4420
2357,9343
2357,5399
2357,11420
2357,26156
2357,6072
2357,26157
2357,26158
2357,6074
2357,25677
2357,9601
2357,6498
2357,5403
2357,4681
2357,26159
2357,4872
2357,5486
2357,4601
2357,26160
2357,11432
2357,21143
2357,26161
2357,8871
2357,11437
2357,5064
2359,15724
2359,26162
2359,26163
2359,26164
2359,26165
2359,26166
2359,26167
2359,26168
2359,26169
2359,26170
2359,26171
2359,26172
2359,26173
2359,26174
2359,4883
2359,26175
2359,22193
2359,26176
2359,17163
2359,26177
2359,22197
2359,6096
2359,22198
2359,6721
2359,5483
2359,26178
2359,4755
2359,22200
2359,26179
2359,26180
2359,26181
2359,26182
2359,4587
2359,15337
2359,26183
2359,26184
2359,4904
2359,26034
2359,15206
2359,4761
2359,6103
2359,11919
2359,12066
2359,6497
2359,5355
2359,6498
2359,26185
2359,4681
2359,5464
2359,4599
2359,9132
2359,6728
2359,20668
2359,15208
2359,7548
2359,4910
2359,26186
2359,26187
2359,26188
2359,26189
2359,26190
2360,26191
2360,26192
2360,26193
2360,26194
2360,26195
2360,26196
2360,26197
2360,22649
2360,26198
2360,5228
2360,26199
2360,26200
2360,23174
2360,26201
2360,26202
2360,4748
2360,6493
2360,26203
2360,7046
2360,26204
2360,26205
2360,26206
2360,14438
2360,26207
2360,3750
2360,26208
2360,26209
2360,3846
2360,26210
2360,14440
2360,26211
2360,4753
2360,13323
2360,7051
2360,26212
2360,3975
2360,4140
2360,26213
2360,26136
2360,4186
2360,4189
2360,6310
2360,4216
2360,26214
2360,4264
2360,26215
2360,26216
2360,4382
2360,26217
2360,4329
2360,5547
2360,26218
2360,4439
2360,6317
2360,4676
2360,4446
2360,26219
2360,4466
2360,26220
2360,26221
2360,5243
2360,26222
2360,26223
2360,5244
2360,26224
2360,21917
2360,26225
2360,4593
2360,13325
2360,26226
2360,5485
2360,9413
2360,13326
2360,26227
2360,4905
2360,4599
2360,23378
2360,14549
2360,26228
2360,26229
2360,26230
2360,7111
2360,26231
2360,10754
2361,26232
2361,26233
2361,26234
2361,26235
2361,26236
2361,26237
2361,26238
2361,26239
2361,26240
2361,26241
2361,26242
2361,22293
2361,16844
2361,7923
2361,4757
2361,7925
2361,4758
2361,4984
2361,26243
2361,22769
2361,26244
2361,13093
2361,26245
2361,5781
2361,26246
2361,10271
2361,26247
2362,11045
2362,26248
2362,26192
2362,3126
2362,26249
2362,3283
2362,3424
2362,3607
2362,26206
2362,3750
2362,3791
2362,4862
2362,4753
2362,13323
2362,5483
2362,26250
2362,4755
2362,26251
2362,17416
2362,26252
2362,26136
2362,26253
2362,26254
2362,9381
2362,4696
2362,4349
2362,5261
2362,7167
2362,26255
2362,17421
2362,26256
2362,26224
2362,6295
2362,5246
2362,26257
2362,13325
2362,26226
2362,13326
2362,4698
2362,4681
2362,4599
2362,5827
2362,4543
2362,6330
2362,5539
2362,23378
2362,26258
2362,4805
2362,10754
2362,4684
2364,26259
2364,26260
2364,5341
2364,26261
2364,5118
2364,26262
2364,26263
2364,9404
2364,26264
2364,5742
2364,26265
2364,4753
2364,5747
2364,4720
2364,5971
2364,4599
2364,26266
2364,26267
2364,26268
2364,26269
2366,24188
2366,26270
2366,4922
2366,26271
2366,26272
2366,12141
2366,26273
2366,7043
2366,26274
2366,12146
2366,26275
2366,9759
2366,12151
2366,12713
2366,12714
2366,15695
2366,19207
2366,8289
2366,16174
2366,26276
2366,8667
2366,20040
2366,4753
2366,7051
2366,4755
2366,26277
2366,26278
2366,4720
2366,26279
2366,12580
2366,17628
2366,12719
2366,6070
2366,12399
2366,12160
2366,5696
2366,6794
2366,6591
2366,6226
2366,7698
2366,4596
2366,6103
2366,4950
2366,15065
2366,6620
2366,4951
2366,7430
2366,4910
2366,26280
2366,14354
2366,4729
2366,5063
2366,11437
2366,5064
2366,26281
2367,26282
2367,26283
2367,3217
2367,26284
2367,26285
2367,3424
2367,25071
2367,26286
2367,8061
2367,26287
2367,7228
2367,22161
2367,20762
2367,4761
2367,4538
2367,26288
2367,4599
2367,4543
2367,26289
2367,4703
2367,4768
2368,14110
2368,12079
2368,26290
2368,9205
2368,24214
2368,24215
2368,5979
2368,5344
2368,26291
2368,26292
2368,4761
2368,26293
2368,26294
2368,5827
2368,5631
2368,24114
2368,26295
2368,4768
2368,26296
2368,20306
2369,25480
2369,26297
2369,22525
2369,3306
2369,20393
2369,3400
2369,22017
2369,4750
2369,15241
2369,3727
2369,18951
2369,26298
2369,20664
2369,3950
2369,5085
2369,3975
2369,3988
2369,3997
2369,4755
2369,4073
2369,26299
2369,4186
2369,7925
2369,4286
2369,4310
2369,4984
2369,4349
2369,4394
2369,26300
2369,4435
2369,4439
2369,22657
2369,7096
2369,24324
2369,17423
2369,26301
2369,5987
2369,11919
2369,4698
2369,24966
2369,14761
2369,4681
2369,5269
2369,4787
2369,5464
2369,4599
2369,26302
2369,5609
2369,4910
2369,10197
2369,14922
2369,5991
2369,4805
2369,7111
2369,4768
2369,12297
2370,26303
2370,26304
2370,26305
2370,8374
2370,26306
2370,3201
2370,26307
2370,26308
2370,26309
2370,26310
2370,26311
2370,26312
2370,26313
2370,26314
2370,26315
2370,26316
2370,26317
2370,26318
2370,26319
2370,8815
2370,26320
2370,26321
2370,26322
2370,23494
2370,21679
2370,22537
2370,26323
2370,26324
2370,23915
2370,26325
2370,26326
2370,26327
2370,26328
2370,26329
2370,26330
2370,26331
2370,4775
2370,8400
2370,21244
2370,15037
2370,5874
2370,5053
2370,5875
2370,4758
2370,5878
2370,26332
2370,4984
2370,26333
2370,5938
2370,26334
2370,26335
2370,26336
2370,10120
2370,5882
2370,26337
2370,26338
2370,10266
2370,12593
2370,26339
2370,8413
2370,11781
2370,12750
2370,12751
2370,6971
2370,26340
2370,5056
2370,5057
2370,26341
2370,12594
2370,4681
2370,4599
2370,7999
2370,26342
2370,26343
2371,26344
2371,26345
2371,5049
2371,26346
2371,26347
2371,26348
2371,26349
2371,26350
2371,26351
2371,21238
2371,25843
2371,5053
2371,26352
2371,26353
2371,26354
2371,15044
2371,13803
2371,20060
2371,26355
2371,8027
2371,26356
2371,5987
2371,12065
2371,6971
2371,5056
2371,5057
2371,6228
2371,7100
2371,26357
2371,4599
2371,5539
2371,5404
2371,5035
2371,16578
2371,10051
2371,5406
2372,23538
2372,26358
2372,7382
2372,6057
2372,20118
2372,11396
2372,3689
2372,3764
2372,26359
2372,3823
2372,6064
2372,18826
2372,6065
2372,7394
2372,13908
2372,7397
2372,7401
2372,4356
2372,26360
2372,7580
2372,5399
2372,26361
2372,5403
2372,4681
2372,4599
2372,4871
2372,5553
2372,10881
2372,26362
2372,8362
2373,26363
2373,26364
2373,26365
2373,26366
2373,26367
2373,26368
2373,26369
2373,4755
2373,26370
2373,26371
2373,26372
2373,26373
2373,26374
2373,26375
2373,26376
2373,26377
2373,26378
2373,26379
2373,4761
2373,26380
2373,16664
2373,26381
2373,26382
2373,26383
2373,26384
2373,26385
2373,26386
2373,26387
2373,26388
2373,26389
2373,26390
2374,26391
2374,26392
2374,26393
2374,26394
2374,26395
2374,26396
2374,26397
2374,26398
2374,26399
2374,26400
2374,26401
2374,26402
2374,26403
2374,26404
2374,26405
2374,26406
2374,26407
2374,26408
2374,16419
2374,4192
2374,26409
2374,25250
2374,26410
2374,26411
2374,26412
2374,18639
2374,18640
2374,25259
2374,26413
2374,26414
2375,2553
2375,26415
2375,26416
2375,26417
2375,26418
2375,3160
2375,26419
2375,13052
2375,10938
2375,26420
2375,3859
2375,26421
2375,4189
2375,4203
2375,26422
2375,26423
2375,4393
2375,10193
2375,5088
2375,10941
2375,10942
2375,5485
2375,4698
2375,10945
2375,26424
2375,4599
2375,4543
2375,16383
2375,26425
2375,26426
2376,26427
2376,15084
2376,15916
2376,26428
2376,4750
2376,26429
2376,26430
2376,26431
2376,26432
2376,26433
2376,6562
2376,26434
2376,26435
2376,26436
2376,26437
2376,26438
2376,20965
2376,26439
2376,26440
2377,26441
2377,11253
2377,26442
2377,2588
2377,2600
2377,20730
2377,26443
2377,22148
2377,26444
2377,11254
2377,7219
2377,26445
2377,2826
2377,26446
2377,26447
2377,3217
2377,8502
2377,26448
2377,3245
2377,22154
2377,26449
2377,26285
2377,26450
2377,21736
2377,7225
2377,8061
2377,26451
2377,7228
2377,26452
2377,22161
2377,20752
2377,7230
2377,7231
2377,22459
2377,6794
2377,21278
2377,4761
2377,5827
2378,26453
2378,26454
2378,26455
2378,26456
2378,20682
2378,26457
2378,26458
2378,26459
2378,26460
2378,26461
2378,4967
2378,19565
2378,26462
2378,26463
2378,26464
2378,26465
2378,26466
2378,26467
2378,26468
2378,26469
2378,26470
2378,26471
2378,23295
2378,26472
2378,26473
2378,26474
2378,23296
2378,14738
2378,26475
2378,23712
2378,26476
2378,14747
2378,8679
2378,26477
2378,4355
2378,14754
2378,26478
2378,26479
2378,21429
2378,26480
2378,7096
2378,26481
2378,26482
2378,26483
2378,26484
2378,14759
2378,26485
2378,17426
2378,10378
2378,14761
2378,17427
2378,26486
2378,26487
2378,4599
2378,23807
2379,26488
2379,26489
2379,26490
2379,23502
2379,23503
2379,6867
2379,26491
2379,26492
2379,26493
2379,26494
2379,26495
2379,4189
2379,10520
2379,17939
2379,26496
2379,26497
2379,26498
2379,17767
2379,4350
2379,6448
2379,26499
2379,14019
2379,4428
2379,21917
2379,8412
2379,4677
2379,5485
2379,26500
2379,26501
2379,26502
2379,26503
2379,4599
2379,4543
2379,26504
2379,26505
2379,26506
2379,26507
2379,26508
2379,26509
2379,26510
2379,26511
2379,4768
2379,26512
2379,26513
2379,11928
2379,26514
2380,9721
2380,26515
2380,26516
2380,26517
2380,26518
2380,26519
2380,26520
2380,26521
2380,26522
2380,4077
2380,22923
2380,26523
2380,26524
2380,26525
2380,26526
2380,19968
2380,26527
2380,26528
2380,26529
2380,26530
2380,6968
2380,13803
2380,26531
2380,26532
2380,14494
2380,21688
2380,26533
2380,12749
2380,6970
2380,26534
2380,11781
2380,12750
2380,26535
2380,12751
2380,26536
2380,6971
2380,5056
2380,12594
2380,26537
2380,26538
2380,26539
2380,9688
2380,26540
2380,4599
2380,26541
2380,26542
2380,26543
2380,26544
2380,26545
2380,16266
2380,10605
2380,4729
2380,4768
2380,26546
2380,26547
2380,5406
2381,2499
2381,26548
2381,26549
2381,21102
2381,3791
2381,21199
2381,3893
2381,3934
2381,26550
2381,26551
2381,4157
2381,4186
2381,22093
2381,5589
2381,26552
2381,26553
2381,26554
2381,26555
2381,4420
2381,21104
2381,26556
2381,4458
2381,16107
2381,26557
2381,26558
2381,21106
2381,10744
2381,4524
2381,4678
2381,26559
2381,4599
2381,10752
2381,15208
2381,5610
2381,26560
2381,26561
2381,21109
2381,16043
2382,26562
2382,8476
2382,26563
2382,26564
2382,26565
2382,17628
2382,12719
2382,10741
2382,6070
2382,12057
2382,5261
2382,8685
2382,6103
2382,26566
2382,15068
2382,4599
2382,5827
2382,4872
2382,26567
2382,26568
2382,26569
2382,11437
2382,5064
2382,26570
2383,26571
2383,26572
2383,3614
2383,8476
2383,26573
2383,3702
2383,26574
2383,26575
2383,26576
2383,26577
2383,17237
2383,26578
2383,26579
2383,26580
2383,26564
2383,26581
2383,26582
2383,26583
2383,26584
2383,26585
2383,26586
2383,26587
2383,26588
2383,11277
2383,9065
2383,12719
2383,26589
2383,26590
2383,26591
2383,17242
2383,26592
2383,26593
2383,26594
2383,9342
2383,26595
2383,9343
2383,26596
2383,26597
2383,26598
2383,26599
2383,26600
2383,16853
2383,15054
2383,26601
2383,26602
2383,26603
2383,26604
2383,26605
2383,26606
2383,24674
2383,6074
2383,5485
2383,13326
2383,5202
2383,26607
2383,26608
2383,26609
2383,26610
2383,26611
2383,8862
2383,4681
2383,26612
2383,4787
2383,4599
2383,26613
2383,4543
2383,26614
2383,13591
2383,26615
2383,5035
2383,14550
2383,26616
2383,26617
2383,8775
2383,26618
2383,20935
2383,26619
2383,26620
2383,26621
2383,26622
2383,5357
2383,5063
2383,11437
2383,5064
2383,26623
2383,8362
2384,2741
2384,6488
2384,26624
2384,2813
2384,22646
2384,26625
2384,26626
2384,26627
2384,26628
2384,22649
2384,3384
2384,26629
2384,26630
2384,19979
2384,8793
2384,6371
2384,26631
2384,26632
2384,12714
2384,7046
2384,19982
2384,26633
2384,26634
2384,21329
2384,26635
2384,11305
2384,26636
2384,26637
2384,4753
2384,7051
2384,26638
2384,26639
2384,4755
2384,26640
2384,26641
2384,26642
2384,26643
2384,26644
2384,4582
2384,26645
2384,26646
2384,26647
2384,26648
2384,26649
2384,26650
2384,26651
2384,26652
2384,26653
2384,26654
2384,26655
2384,26656
2384,26657
2384,26658
2384,26659
2384,4761
2384,8035
2384,4595
2384,8036
2384,4681
2384,26660
2384,4787
2384,26661
2384,26662
2384,5609
2384,26663
2385,3278
2385,26664
2385,3299
2385,13216
2385,26665
2385,3758
2385,20325
2385,13236
2385,5746
2385,24400
2385,14488
2385,5771
2385,26666
2385,7732
2385,6002
2385,5483
2385,26667
2385,4755
2385,17981
2385,26668
2385,14489
2385,26669
2385,26670
2385,6712
2385,11861
2385,26671
2385,26672
2385,9672
2385,4368
2385,12245
2385,7764
2385,16233
2385,19542
2385,26673
2385,26674
2385,26675
2385,26676
2385,7668
2385,26677
2385,4761
2385,26678
2385,26679
2385,12721
2385,4910
2385,4873
2385,26680
2385,4805
2385,4768
2385,5064
2386,26681
2386,2868
2386,26682
2386,26683
2386,26684
2386,26685
2386,26686
2386,26687
2386,26688
2386,26689
2386,7228
2386,26690
2386,26691
2386,26692
2386,7230
2386,26693
2386,26694
2386,26695
2386,26696
2386,26697
2386,26698
2386,4681
2386,4599
2386,26699
2386,26700
2386,10619
2386,26701
2386,4768
2387,26702
2387,26703
2387,26704
2387,26705
2387,26706
2387,26707
2387,26708
2387,10080
2387,26709
2387,26710
2387,26711
2387,26712
2387,26713
2387,26714
2387,26715
2387,26716
2387,26717
2387,26718
2387,26719
2387,26720
2387,26721
2387,26722
2387,26723
2387,13912
2387,26603
2387,26724
2387,4677
2387,26725
2387,7789
2387,26726
2387,26727
2387,26728
2387,26729
2387,26730
2387,9706
2387,26731
2387,26732
2387,26733
2387,4768
2387,26734
2387,12297
2387,26735
2387,26736
2388,26737
2388,26738
2388,26739
2388,26740
2388,26741
2388,26742
2388,26743
2388,4742
2388,19816
2388,26744
2388,26745
2388,26746
2388,4753
2388,26747
2388,26748
2388,14215
2388,26749
2388,26750
2388,26751
2388,26752
2388,26753
2388,26754
2388,26755
2388,26756
2388,4599
2388,4910
2388,16670
2388,26757
2388,26758
2390,24230
2390,26759
2390,26760
2390,26761
2390,26762
2390,26763
2390,26764
2390,26765
2390,10515
2390,26766
2390,8666
2390,11606
2390,26767
2390,9160
2390,26768
2390,16617
2390,11610
2390,26769
2390,26770
2390,26771
2390,26772
2390,26773
2390,20988
2390,8669
2390,8608
2390,10518
2390,26774
2390,26775
2390,26776
2390,26777
2390,4189
2390,25940
2390,4720
2390,6121
2390,26778
2390,7052
2390,4758
2390,4984
2390,4349
2390,26779
2390,20995
2390,16125
2390,26780
2390,26781
2390,26782
2390,26783
2390,26784
2390,26785
2390,26786
2390,26787
2390,26788
2390,4906
2390,4599
2390,26789
2390,26790
2390,4701
2390,22548
2390,7605
2390,26791
2390,26792
2390,4768
2390,26793
2390,26794
2390,26795
2391,24947
2391,3145
2391,2674
2391,3325
2391,3337
2391,3362
2391,20348
2391,6059
2391,8946
2391,3789
2391,3791
2391,12050
2391,3736
2391,12051
2391,6721
2391,4010
2391,26796
2391,24014
2391,4696
2391,4364
2391,4378
2391,5261
2391,26797
2391,4452
2391,4454
2391,24017
2391,15923
2391,4508
2391,6496
2391,26798
2391,12066
2391,4698
2391,23377
2391,6498
2391,4681
2391,15497
2391,5464
2391,12224
2391,4599
2391,4543
2391,6728
2391,5610
2391,5249
2391,12226
2391,4952
2392,26799
2392,8502
2392,26800
2392,4225
2392,26801
2392,4985
2392,7203
2392,6448
2392,17853
2392,26802
2392,26803
2392,4761
2392,7099
2392,7101
2392,4599
2392,8492
2392,26804
2392,26805
2392,4768
2392,26806
2392,26807
2392,26808
2393,26809
2393,26810
2393,23908
2393,15021
2393,2845
2393,5047
2393,3131
2393,23912
2393,5049
2393,26811
2393,3424
2393,26812
2393,26813
2393,5172
2393,3860
2393,6960
2393,23915
2393,23916
2393,23919
2393,15037
2393,5874
2393,4231
2393,4252
2393,4696
2393,4984
2393,4349
2393,4355
2393,17630
2393,4415
2393,15493
2393,6968
2393,26814
2393,21687
2393,20066
2393,6103
2393,6971
2393,5056
2393,4681
2393,4786
2393,4599
2393,4543
2393,4910
2393,5059
2393,12596
2393,26815
2393,26816
2393,26817
2393,23931
2393,10127
2393,5063
2393,5064
2394,26818
2394,26819
2394,24979
2394,3337
2394,3400
2394,3424
2394,5544
2394,26820
2394,3859
2394,26821
2394,4189
2394,21363
2394,4696
2394,4312
2394,4349
2394,17943
2394,26822
2394,4393
2394,4437
2394,4439
2394,4676
2394,4446
2394,12639
2394,7096
2394,9345
2394,5970
2394,16501
2394,4868
2394,26823
2394,5485
2394,12419
2394,4698
2394,5536
2394,6659
2394,4643
2394,9131
2394,4681
2394,4599
2394,5538
2394,4543
2394,26824
2394,6330
2394,4701
2394,6079
2394,4910
2394,10754
2394,5063
2394,26825
2394,5064
2395,2878
2395,12103
2395,3337
2395,3571
2395,4750
2395,3598
2395,3859
2395,3923
2395,3950
2395,3997
2395,4010
2395,11913
2395,4778
2395,4676
2395,8412
2395,4678
2395,5606
2395,6659
2395,5463
2395,4681
2395,4599
2395,4543
2395,5609
2395,5785
2395,12615
2395,7111
2396,26826
2396,4857
2396,26827
2396,26828
2396,26829
2396,26830
2396,26831
2396,26832
2396,26833
2396,26834
2396,6494
2396,4750
2396,26835
2396,19779
2396,26836
2396,5172
2396,20664
2396,9164
2396,9165
2396,5873
2396,4757
2396,26837
2396,4758
2396,5696
2396,26838
2396,26839
2396,15051
2396,4677
2396,7669
2396,4930
2396,4681
2396,26840
2396,26841
2396,4599
2396,12069
2396,26842
2396,4910
2396,26843
2396,4873
2396,12070
2396,26844
2396,26845
2396,5064
2397,26846
2397,26847
2397,26848
2397,24954
2397,2644
2397,2752
2397,5736
2397,15085
2397,9366
2397,26849
2397,5739
2397,21805
2397,22820
2397,26850
2397,26851
2397,26852
2397,4883
2397,26853
2397,26854
2397,26855
2397,6490
2397,3343
2397,5480
2397,17734
2397,20394
2397,26856
2397,25988
2397,26857
2397,13208
2397,13210
2397,12049
2397,9374
2397,13214
2397,16194
2397,21818
2397,10342
2397,3758
2397,9376
2397,15597
2397,7301
2397,7758
2397,13232
2397,13233
2397,25276
2397,26858
2397,5986
2397,26859
2397,11672
2397,5746
2397,26860
2397,25672
2397,13241
2397,9911
2397,5482
2397,5483
2397,26861
2397,4755
2397,14347
2397,22991
2397,6120
2397,5054
2397,10416
2397,26862
2397,6448
2397,16107
2397,15337
2397,17934
2397,26034
2397,6248
2397,4678
2397,6496
2397,4761
2397,4595
2397,23118
2397,26863
2397,4599
2397,5539
2397,8492
2397,5609
2397,26864
2397,26865
2397,26866
2397,26867
2397,26868
2397,26869
2397,4805
2397,26870
2397,4768
2397,26871
2397,26872
2398,26873
2398,26874
2398,20734
2398,26875
2398,26876
2398,21268
2398,20742
2398,26877
2398,13039
2398,20748
2398,15696
2398,26878
2398,21270
2398,20756
2398,10406
2398,26879
2398,8907
2398,10409
2398,26880
2398,19443
2398,26881
2398,16924
2398,13132
2398,21283
2398,26289
2398,20767
2399,26882
2399,26883
2399,26884
2399,26885
2399,26886
2399,26887
2399,26888
2399,26889
2399,26890
2399,26891
2399,26892
2399,26893
2399,9769
2399,26894
2399,4638
2399,22142
2399,26658
2399,17934
2399,26895
2399,26896
2399,5606
2399,4643
2399,4681
2399,26897
2399,5464
2399,4599
2399,5553
2399,26898
2399,26899
2400,26900
2400,22672
2400,26901
2400,26902
2400,26903
2400,26904
2400,3588
2400,26905
2400,26906
2400,4187
2400,4299
2400,19103
2400,22687
2400,22688
2400,15142
2400,22690
2400,21623
2400,26907
2400,5973
2400,15151
2400,5609
2401,4857
2401,26908
2401,26909
2401,26910
2401,26911
2401,26912
2401,26913
2401,26914
2401,26915
2401,26916
2401,17401
2401,26917
2401,26918
2401,12184
2401,26919
2401,26920
2401,17404
2401,26921
2401,17406
2401,13574
2401,6494
2401,4750
2401,26922
2401,26923
2401,26924
2401,6577
2401,18951
2401,26925
2401,26926
2401,17407
2401,5172
2401,26927
2401,26928
2401,20664
2401,26929
2401,26930
2401,12874
2401,7731
2401,26931
2401,26932
2401,5085
2401,26933
2401,18121
2401,5483
2401,26934
2401,26935
2401,12718
2401,4755
2401,17412
2401,7923
2401,4757
2401,17420
2401,4758
2401,26936
2401,4984
2401,4439
2401,23704
2401,6794
2401,26937
2401,5246
2401,4761
2401,4599
2401,26938
2401,26939
2401,4805
2401,26940
2402,26941
2402,26942
2402,7625
2402,26943
2402,26944
2402,15741
2402,26945
2402,26946
2402,26947
2402,26948
2402,26949
2402,26950
2402,26951
2402,26952
2402,26953
2402,26954
2402,26955
2402,7636
2402,18977
2402,26956
2402,26957
2402,26958
2402,26959
2402,26960
2402,26961
2402,7643
2402,7644
2402,26962
2402,26963
2402,7647
2402,26964
2402,26965
2402,10518
2402,7649
2402,26966
2402,26967
2402,5874
2402,26968
2402,7925
2402,26969
2402,4758
2402,4303
2402,26970
2402,4984
2402,7657
2402,7658
2402,26971
2402,7404
2402,19325
2402,8618
2402,26972
2402,26973
2402,7667
2402,7126
2402,7127
2402,26974
2402,26975
2402,6799
2402,21004
2402,21006
2402,26976
2402,26977
2402,26978
2402,26979
2402,26980
2402,24847
2402,26981
2402,26982
2402,26983
2402,17131
2402,26984
2402,26985
2402,12123
2403,18822
2403,26986
2403,9364
2403,24955
2403,26987
2403,26988
2403,26989
2403,26990
2403,26991
2403,26992
2403,12601
2403,26993
2403,26994
2403,26995
2403,15240
2403,26996
2403,26997
2403,26998
2403,26999
2403,27000
2403,27001
2403,3400
2403,27002
2403,3454
2403,27003
2403,27004
2403,13528
2403,8522
2403,17161
2403,27005
2403,27006
2403,27007
2403,27008
2403,27009
2403,27010
2403,27011
2403,7758
2403,27012
2403,5172
2403,27013
2403,27014
2403,3964
2403,9911
2403,5483
2403,3981
2403,27015
2403,4046
2403,4755
2403,27016
2403,27017
2403,4186
2403,4185
2403,6310
2403,27018
2403,27019
2403,4248
2403,5968
2403,4260
2403,7925
2403,27020
2403,4758
2403,27021
2403,27022
2403,4984
2403,4349
2403,4359
2403,6070
2403,4368
2403,4354
2403,17653
2403,7694
2403,27023
2403,4446
2403,6452
2403,27024
2403,5504
2403,27025
2403,27026
2403,6794
2403,10266
2403,27027
2403,8525
2403,24324
2403,12401
2403,27028
2403,7668
2403,4761
2403,4698
2403,12976
2403,16856
2403,27029
2403,27030
2403,21442
2403,4599
2403,4543
2403,27031
2403,27032
2403,27033
2403,27034
2403,27035
2403,19113
2403,27036
2403,27037
2403,16996
2404,22535
2404,27038
2404,27039
2404,27040
2404,27041
2404,27042
2404,3708
2404,17237
2404,27043
2404,9103
2404,27044
2404,27045
2404,27046
2404,27047
2404,17238
2404,25125
2404,27048
2404,11277
2404,19125
2404,9106
2404,27049
2404,9108
2404,21533
2404,27050
2404,27051
2404,27052
2404,27053
2404,9109
2404,26592
2404,27054
2404,27055
2404,5196
2404,27056
2404,6968
2404,27057
2404,27058
2404,27059
2404,15054
2404,11279
2404,27060
2404,27061
2404,26601
2404,27062
2404,27063
2404,26604
2404,18585
2404,5202
2404,21539
2404,4698
2404,8861
2404,4643
2404,25700
2404,4681
2404,26612
2404,4599
2404,5538
2404,5058
2404,4543
2404,6728
2404,6330
2404,5553
2404,13591
2404,5486
2404,11071
2404,27064
2404,27065
2404,5898
2404,5064
2404,27066
2404,5406
2405,27067
2405,27068
2405,24369
2405,3103
2405,26876
2405,21267
2405,27069
2405,21268
2405,7223
2405,27070
2405,26286
2405,8061
2405,27071
2405,26287
2405,3782
2405,3930
2405,6002
2405,20748
2405,15696
2405,20749
2405,27072
2405,27073
2405,21273
2405,27074
2405,27075
2405,7231
2405,16422
2405,27076
2405,27077
2405,13132
2405,4599
2405,20767
2405,27078
2405,20075
2406,27079
2406,1981
2406,27080
2406,27081
2406,27082
2406,27083
2406,27084
2406,27085
2406,14504
2406,27086
2406,6355
2406,2798
2406,6358
2406,23786
2406,20339
2406,27087
2406,18474
2406,12600
2406,3105
2406,27088
2406,27089
2406,27090
2406,27091
2406,18478
2406,6364
2406,27092
2406,22525
2406,19197
2406,3332
2406,27093
2406,27094
2406,9547
2406,11299
2406,3416
2406,27095
2406,3461
2406,23174
2406,20877
2406,24517
2406,8793
2406,6371
2406,27096
2406,27097
2406,24957
2406,4750
2406,22327
2406,13220
2406,7049
2406,14185
2406,3846
2406,26097
2406,24520
2406,4753
2406,7051
2406,9591
2406,11308
2406,4246
2406,24524
2406,18573
2406,4377
2406,19989
2406,19990
2406,11070
2406,19991
2406,12291
2406,5034
2406,24542
2406,7054
2406,27098
2406,4761
2406,5126
2406,6381
2406,16138
2406,8189
2406,27099
2406,6382
2406,4906
2406,27100
2406,4787
2406,10751
2406,6383
2406,4599
2406,5609
2406,18597
2406,24115
2406,26939
2406,4768
2407,27101
2407,27102
2407,27103
2407,13756
2407,8840
2407,5118
2407,19365
2407,27104
2407,6212
2407,27105
2407,27106
2407,8854
2407,22753
2407,6215
2407,27107
2407,27108
2407,3859
2407,20817
2407,6219
2407,13768
2407,4755
2407,4090
2407,8856
2407,22355
2407,4217
2407,27109
2407,14349
2407,7052
2407,6223
2407,4359
2407,4368
2407,6448
2407,27110
2407,22652
2407,17854
2407,4439
2407,4676
2407,6452
2407,27111
2407,13770
2407,22773
2407,27112
2407,5981
2407,6225
2407,4677
2407,4761
2407,8860
2407,27113
2407,4698
2407,22363
2407,27114
2407,6981
2407,19394
2407,4599
2407,27115
2407,13063
2407,4701
2407,7475
2407,4910
2407,18719
2407,22367
2407,27116
2407,5488
2407,7335
2407,4768
2407,13776
2408,27117
2408,27118
2408,27119
2408,27120
2408,27121
2408,2957
2408,27122
2408,27123
2408,27124
2408,27125
2408,17304
2408,3562
2408,3696
2408,27126
2408,27127
2408,3859
2408,17307
2408,27128
2408,10904
2408,27129
2408,5054
2408,4314
2408,4349
2408,4353
2408,27130
2408,22656
2408,5261
2408,4421
2408,9343
2408,5970
2408,4499
2408,27131
2408,27132
2408,27133
2408,4593
2408,7424
2408,6278
2408,4868
2408,17312
2408,4524
2408,17313
2408,17315
2408,27134
2408,5987
2408,4698
2408,27135
2408,22861
2408,27136
2408,4599
2408,5827
2408,4543
2408,13810
2408,17318
2408,27137
2408,27138
2408,17320
2409,2506
2409,24463
2409,23949
2409,27139
2409,27140
2409,27141
2409,27142
2409,27143
2409,27144
2409,5290
2409,20801
2409,18617
2409,27145
2409,27146
2409,27147
2409,27148
2409,27149
2409,27150
2409,27151
2409,27152
2409,6436
2409,27153
2409,7758
2409,27154
2409,27155
2409,27156
2409,14346
2409,27157
2409,27158
2409,27159
2409,4189
2409,4720
2409,27160
2409,27161
2409,4234
2409,27162
2409,27163
2409,27164
2409,27165
2409,27166
2409,27167
2409,27168
2409,6042
2409,27169
2409,27170
2409,27171
2409,27172
2409,27173
2409,27174
2409,27175
2409,27176
2409,27177
2409,27178
2409,27179
2409,27180
2409,27181
2409,27182
2409,27183
2409,4698
2409,27184
2409,27185
2409,27186
2409,27187
2409,27188
2409,27189
2409,27190
2409,9604
2409,27191
2409,8509
2409,27192
2409,27193
2409,27194
2409,27195
2410,27196
2410,11899
2410,3164
2410,15916
2410,3237
2410,3337
2410,3424
2410,15487
2410,3550
2410,3571
2410,3611
2410,27197
2410,27198
2410,27199
2410,27200
2410,3789
2410,27201
2410,3792
2410,27202
2410,27203
2410,3893
2410,3923
2410,3934
2410,12638
2410,27204
2410,27205
2410,27206
2410,4191
2410,5589
2410,5592
2410,4777
2410,4410
2410,3813
2410,4421
2410,4437
2410,4439
2410,4779
2410,20260
2410,4508
2410,8412
2410,17934
2410,27207
2410,26112
2410,5485
2410,4785
2410,4786
2410,4787
2410,4699
2410,4599
2410,4543
2410,5609
2410,27208
2410,27209
2410,12013
2410,12615
2411,27210
2411,4359
2411,4368
2411,4377
2411,7468
2411,5981
2411,17220
2411,4599
2411,5785
2411,4768
2412,27211
2412,27212
2412,27213
2412,15916
2412,27214
2412,27215
2412,27216
2412,27217
2412,27218
2412,3917
2412,27219
2412,27220
2412,27221
2412,27222
2412,27223
2412,5883
2412,27224
2412,27225
2412,4868
2412,5971
2412,27226
2412,27227
2412,9256
2412,11919
2412,19693
2412,9260
2412,5464
2412,4599
2412,5553
2412,5609
2412,27228
2413,27229
2413,27230
2413,24747
2413,27231
2413,27232
2413,3085
2413,19422
2413,27233
2413,19423
2413,3291
2413,3391
2413,27234
2413,14000
2413,3463
2413,24749
2413,19427
2413,3560
2413,27235
2413,3812
2413,5986
2413,27236
2413,10625
2413,5481
2413,27237
2413,4755
2413,22528
2413,4177
2413,27238
2413,4194
2413,4250
2413,4290
2413,4314
2413,4984
2413,4358
2413,4777
2413,7580
2413,27239
2413,4458
2413,16107
2413,4499
2413,4593
2413,4761
2413,4595
2413,5973
2413,4643
2413,24758
2413,6598
2413,4681
2413,4787
2413,4599
2413,5827
2413,6330
2413,5609
2413,4910
2413,27240
2413,27241
2413,27242
2413,4805
2413,16996
2413,27243
2413,5064
2413,7710
2413,27244
2414,3133
2414,6059
2414,27245
2414,13903
2414,4185
2414,27246
2414,15449
2414,11414
2414,27247
2414,27248
2414,17993
2414,7402
2414,11417
2414,4393
2414,27249
2414,27250
2414,11418
2414,9342
2414,4420
2414,27251
2414,15452
2414,11419
2414,27252
2414,27253
2414,27254
2414,4698
2414,9601
2414,5403
2414,5269
2414,5304
2414,4599
2414,4543
2414,27255
2414,27256
2414,27257
2414,5064
2414,5358
2416,27258
2416,27259
2416,27260
2416,27261
2416,27262
2416,27263
2416,27264
2416,27265
2416,27266
2416,27267
2416,27268
2416,4755
2416,27269
2416,27270
2416,27271
2416,27272
2416,4189
2416,27273
2416,27274
2416,27275
2416,9381
2416,27276
2416,27277
2416,27278
2416,27279
2416,27280
2416,27281
2416,27282
2416,27283
2416,4868
2416,8554
2416,27284
2416,7668
2416,27285
2416,5987
2416,27286
2416,27287
2416,27288
2416,27289
2416,27290
2416,4681
2416,27291
2416,27292
2416,27293
2416,27294
2416,27295
2416,27296
2416,27297
2417,27298
2417,27299
2417,27300
2417,7044
2417,20016
2417,27301
2417,7199
2417,27302
2417,27303
2417,4225
2417,7053
2417,7203
2417,20556
2417,27304
2417,27305
2417,27306
2417,4768
2417,27307
2418,10732
2418,5116
2418,6001
2418,5118
2418,5119
2418,11942
2418,3065
2418,3139
2418,27308
2418,7045
2418,4715
2418,5979
2418,9404
2418,17404
2418,4750
2418,27309
2418,19247
2418,7049
2418,18951
2418,3791
2418,3878
2418,20664
2418,4753
2418,5084
2418,9591
2418,27310
2418,4755
2418,4720
2418,14349
2418,19988
2418,6712
2418,5086
2418,7052
2418,4758
2418,4984
2418,4359
2418,6376
2418,4368
2418,4377
2418,6448
2418,4439
2418,7054
2418,5351
2418,4677
2418,6249
2418,4761
2418,4698
2418,5353
2418,5267
2418,27311
2418,6381
2418,7056
2418,10751
2418,4599
2418,5609
2418,10223
2418,27312
2418,4768
2419,27313
2419,27314
2419,27315
2419,27316
2419,27317
2419,27318
2419,27319
2419,27320
2419,27321
2419,27322
2419,27323
2419,23791
2419,27324
2419,27325
2419,27326
2419,27327
2419,27328
2419,27329
2419,27330
2419,3980
2419,27331
2419,15091
2419,27332
2419,27333
2419,27334
2419,27335
2419,27336
2419,27337
2419,27338
2419,27339
2419,27340
2419,8680
2419,27341
2419,27342
2419,27343
2419,27344
2419,27345
2419,27346
2419,4393
2419,23795
2419,27347
2419,27348
2419,27349
2419,4779
2419,27350
2419,5531
2419,27351
2419,27352
2419,27353
2419,27354
2419,27355
2419,8188
2419,4782
2419,6910
2419,14253
2419,27356
2419,27357
2419,15792
2419,17798
2419,17799
2419,17800
2419,4681
2419,5537
2419,4787
2419,27358
2419,27359
2420,23554
2420,20100
2420,9293
2420,4358
2420,4368
2420,27360
2420,27361
2420,27362
2420,9307
2420,27363
2420,27364
2420,27365
2420,27366
2420,16355
2420,27367
2421,19848
2421,13535
2421,27368
2421,27369
2421,3224
2421,27370
2421,27371
2421,22570
2421,21199
2421,21824
2421,21501
2421,27372
2421,27373
2421,26551
2421,4157
2421,27374
2421,27375
2421,27376
2421,21204
2421,27377
2421,10406
2421,27378
2421,4696
2421,27379
2421,19437
2421,8907
2421,8684
2421,21212
2421,10409
2421,19443
2421,10413
2421,21215
2421,4868
2421,27380
2421,5247
2421,11731
2421,15206
2421,21795
2421,27381
2421,6619
2421,27382
2421,11676
2421,21217
2421,12594
2421,27383
2421,27384
2421,21218
2421,4681
2421,27385
2421,4599
2421,5827
2421,27386
2421,6500
2421,4910
2421,27387
2421,17586
2421,27388
2421,5639
2421,5064
2421,27389
2422,23550
2422,27390
2422,27391
2422,27392
2422,27393
2422,27394
2422,17572
2422,13313
2422,27395
2422,6055
2422,13316
2422,6057
2422,13317
2422,27396
2422,27397
2422,27398
2422,10735
2422,27399
2422,13687
2422,9587
2422,11399
2422,5371
2422,7049
2422,4716
2422,7989
2422,27400
2422,4753
2422,9591
2422,4755
2422,27401
2422,7761
2422,21842
2422,27402
2422,19988
2422,6376
2422,19989
2422,11417
2422,16469
2422,11070
2422,19991
2422,5034
2422,9147
2422,27403
2422,6967
2422,24542
2422,27404
2422,12110
2422,4761
2422,5403
2422,27405
2422,10751
2422,27406
2422,27407
2422,27408
2422,4768
2423,3069
2423,3286
2423,3303
2423,11824
2423,3571
2423,27200
2423,26096
2423,3671
2423,3923
2423,16374
2423,11834
2423,3997
2423,26102
2423,4176
2423,10662
2423,26104
2423,21206
2423,11837
2423,15905
2423,26109
2423,4388
2423,27409
2423,4410
2423,4428
2423,4587
2423,4454
2423,4590
2423,4591
2423,7096
2423,10664
2423,8412
2423,4594
2423,4677
2423,4783
2423,4762
2423,26301
2423,4595
2423,4992
2423,11919
2423,4698
2423,27410
2423,4599
2423,5538
2423,4543
2423,4600
2423,12439
2423,23903
2424,12845
2424,5866
2424,12141
2424,22646
2424,27411
2424,7043
2424,27412
2424,13118
2424,27413
2424,10704
2424,22909
2424,4742
2424,27414
2424,5742
2424,4716
2424,22920
2424,10828
2424,7050
2424,4753
2424,27415
2424,27416
2424,27417
2424,5873
2424,7053
2424,27418
2424,4677
2424,9256
2424,11424
2424,7055
2424,7056
2424,5464
2424,5609
2424,27419
2425,27420
2425,27421
2425,27422
2425,27423
2425,3386
2425,27424
2425,7682
2425,27425
2425,12626
2425,9725
2425,3793
2425,27426
2425,21679
2425,27427
2425,4004
2425,5528
2425,23919
2425,27428
2425,27429
2425,15037
2425,4252
2425,4327
2425,19462
2425,15044
2425,4415
2425,7580
2425,5088
2425,27430
2425,6565
2425,4676
2425,21685
2425,21250
2425,6967
2425,6968
2425,13803
2425,20060
2425,25463
2425,27431
2425,16501
2425,5550
2425,5532
2425,4868
2425,6970
2425,12751
2425,6971
2425,5056
2425,16695
2425,6659
2425,5057
2425,4681
2425,4599
2425,5538
2425,5553
2425,12721
2425,5988
2425,12420
2425,5035
2425,4910
2425,12421
2425,4873
2425,27432
2425,27433
2425,12170
2425,5064
2426,27434
2426,6562
2426,15728
2426,27435
2426,4303
2426,4349
2426,4358
2426,4367
2426,15729
2426,27436
2426,27437
2426,4676
2426,4458
2426,4457
2426,27438
2426,12202
2426,16966
2426,27439
2426,4499
2426,27440
2426,21917
2426,4593
2426,27441
2426,27442
2426,27443
2426,26034
2426,27444
2426,15732
2426,27445
2426,6103
2426,27446
2426,15733
2426,27447
2426,4681
2426,27448
2426,27449
2426,4599
2426,4543
2426,7739
2426,27450
2426,15734
2426,4701
2426,27451
2426,5249
2426,27452
2427,27453
2427,27454
2427,27455
2427,27456
2427,27457
2427,27458
2427,27459
2427,27460
2427,27461
2427,27462
2427,27463
2427,27464
2427,27465
2427,5378
2427,5493
2427,27466
2427,27467
2427,20657
2427,27468
2427,27469
2427,27470
2428,27471
2428,27472
2428,27473
2428,27474
2428,3112
2428,27475
2428,27476
2428,27477
2428,27478
2428,27479
2428,27480
2428,17304
2428,27481
2428,27482
2428,27483
2428,27484
2428,17306
2428,17307
2428,4755
2428,27485
2428,27486
2428,21609
2428,1537
2428,7419
2428,26254
2428,4349
2428,20885
2428,27487
2428,6316
2428,4439
2428,4475
2428,17310
2428,27488
2428,20888
2428,27489
2428,27490
2428,20891
2428,17311
2428,7424
2428,6278
2428,4990
2428,17316
2428,27491
2428,7427
2428,27492
2428,4698
2428,27135
2428,27493
2428,27494
2428,13809
2428,4599
2428,4543
2428,13810
2428,27495
2428,20874
2428,27496
2429,27497
2429,27498
2429,27499
2429,4750
2429,27500
2429,27501
2429,27502
2429,4755
2429,27503
2429,27504
2429,27505
2429,27506
2429,6315
2429,5883
2429,27507
2429,27508
2429,27509
2429,27510
2429,4677
2429,7789
2429,27511
2429,6321
2429,27512
2429,6322
2429,5606
2429,27513
2429,27514
2429,27290
2429,25824
2429,4681
2429,4787
2429,27515
2429,27516
2429,27517
2429,27518
2429,4599
2429,27519
2429,5553
2429,22863
2429,27520
2429,27521
2429,27522
2429,27523
2429,27524
2429,27525
2429,4910
2429,27526
2429,5991
2429,12615
2429,4805
2429,27527
2429,27528
2429,27529
2429,27530
2430,3337
2430,5123
2430,27531
2430,3571
2430,3611
2430,3792
2430,3893
2430,3923
2430,4010
2430,4127
2430,27532
2430,14489
2430,27533
2430,23793
2430,4358
2430,4777
2430,17517
2430,4410
2430,27534
2430,5088
2430,4778
2430,4435
2430,4437
2430,4779
2430,4458
2430,5697
2430,16966
2430,27535
2430,4499
2430,17933
2430,7332
2430,8412
2430,17934
2430,7425
2430,4678
2430,7426
2430,10864
2430,4595
2430,11919
2430,5606
2430,4698
2430,16643
2430,12011
2430,27536
2430,4681
2430,4786
2430,4787
2430,4599
2430,4543
2430,5609
2430,11071
2430,5249
2430,5991
2430,12615
2430,4805
2430,27537
2431,27538
2431,27539
2431,3208
2431,27540
2431,27541
2431,27542
2431,27543
2431,27544
2431,27545
2431,4189
2431,27546
2431,27547
2431,27548
2431,27549
2431,27550
2431,27551
2431,7422
2431,27552
2431,27553
2431,22614
2431,4508
2431,27554
2431,12975
2431,4761
2431,20379
2431,4681
2431,4599
2431,27555
2431,27556
2431,27557
2431,27558
2431,27559
2431,19782
2431,27560
2431,27561
2431,27562
2431,27563
2432,4755
2432,27564
2432,4359
2432,17275
2432,27565
2432,5261
2432,27566
2432,4761
2432,5248
2432,4599
2432,27115
2432,4601
2432,4910
2432,27567
2432,5785
2432,27568
2432,4805
2432,4768
2432,12978
2432,4603
2433,27569
2433,20730
2433,27570
2433,27571
2433,27572
2433,27573
2433,27574
2433,27575
2433,27576
2433,27577
2433,3262
2433,3286
2433,27578
2433,19198
2433,27579
2433,27580
2433,27581
2433,27582
2433,27583
2433,3362
2433,27584
2433,7228
2433,27585
2433,27586
2433,27587
2433,27073
2433,27588
2433,14347
2433,19216
2433,27589
2433,27590
2433,7230
2433,7231
2433,27591
2433,27592
2433,27593
2433,27594
2433,21275
2433,27595
2433,4359
2433,4377
2433,27596
2433,27597
2433,27598
2433,7764
2433,5088
2433,27599
2433,4454
2433,16924
2433,27600
2433,27601
2433,9454
2433,21140
2433,21278
2433,8412
2433,27602
2433,4761
2433,4698
2433,9456
2433,21280
2433,27603
2433,27604
2433,4906
2433,13132
2433,4599
2433,4543
2433,27605
2433,27606
2433,27607
2433,20767
2433,5000
2433,27608
2433,27609
2433,27610
2433,27611
2433,27612
2433,27613
2434,27614
2434,27615
2434,27616
2434,2072
2434,6710
2434,12236
2434,5283
2434,27617
2434,5284
2434,14662
2434,8892
2434,11143
2434,27618
2434,14665
2434,15532
2434,27619
2434,27620
2434,9660
2434,27621
2434,5340
2434,27622
2434,27623
2434,27624
2434,27625
2434,27626
2434,27627
2434,27628
2434,27629
2434,5341
2434,10506
2434,5287
2434,2562
2434,27630
2434,27631
2434,6000
2434,27632
2434,27633
2434,6283
2434,16950
2434,7845
2434,27634
2434,2631
2434,27635
2434,5289
2434,5290
2434,2679
2434,7286
2434,27636
2434,27637
2434,11145
2434,11939
2434,13334
2434,27638
2434,4921
2434,4922
2434,27639
2434,5737
2434,5904
2434,6476
2434,27640
2434,5291
2434,12513
2434,6172
2434,7453
2434,5976
2434,27641
2434,22151
2434,2923
2434,2949
2434,27642
2434,2978
2434,5292
2434,10573
2434,16538
2434,15829
2434,5293
2434,11942
2434,27643
2434,20782
2434,27644
2434,7455
2434,19884
2434,12238
2434,27645
2434,10080
2434,6478
2434,3278
2434,10735
2434,5978
2434,27646
2434,12516
2434,3424
2434,5979
2434,5344
2434,27647
2434,5124
2434,5626
2434,3683
2434,6436
2434,9376
2434,4716
2434,3789
2434,3790
2434,5349
2434,27648
2434,12288
2434,27649
2434,17979
2434,4189
2434,27650
2434,4720
2434,9379
2434,6671
2434,27651
2434,6443
2434,27652
2434,17988
2434,5087
2434,4985
2434,27653
2434,25403
2434,27654
2434,4393
2434,6672
2434,7693
2434,18001
2434,4439
2434,11673
2434,27655
2434,27656
2434,6293
2434,5981
2434,24556
2434,5301
2434,13342
2434,4523
2434,7099
2434,5493
2434,10989
2434,8917
2434,7768
2434,5267
2434,14025
2434,13040
2434,4539
2434,11349
2434,6980
2434,10398
2434,13344
2434,5269
2434,5304
2434,4599
2434,7475
2434,27657
2434,27658
2434,27659
2434,23206
2434,27660
2434,27661
2434,27662
2434,19147
2434,19730
2434,18266
2434,16971
2434,27663
2434,27194
2434,23425
2434,27664
2434,27665
2434,21547
2434,27666
2434,27667
2434,27668
2434,27669
2434,27670
2434,27671
2434,19494
2434,9676
2434,27672
2434,11159
2434,27673
2434,7214
2434,4729
2434,27674
2434,10187
2434,27675
2434,27676
2434,27677
2434,27678
2434,5358
2435,27679
2435,27680
2435,27681
2435,27682
2435,27683
2435,27684
2435,27685
2435,27686
2435,27687
2435,4599
2435,21985
2435,27688
2435,9959
2435,26506
2435,27689
2435,5357
2435,27690
2436,5341
2436,5288
2436,5118
2436,4922
2436,2833
2436,27691
2436,5976
2436,2978
2436,19931
2436,19654
2436,12238
2436,3279
2436,3278
2436,5978
2436,5122
2436,27692
2436,23420
2436,5124
2436,5371
2436,22921
2436,27693
2436,3962
2436,27694
2436,12437
2436,4090
2436,4720
2436,12243
2436,5296
2436,6293
2436,7468
2436,5981
2436,5780
2436,5300
2436,18015
2436,4761
2436,21932
2436,5463
2436,4599
2436,27660
2436,7903
2436,27671
2436,27695
2436,27665
2436,6384
2436,4768
2436,4729
2436,12297
2437,27696
2437,3304
2437,3424
2437,3563
2437,27697
2437,7153
2437,27698
2437,26317
2437,3859
2437,4753
2437,19660
2437,27699
2437,27700
2437,6562
2437,4349
2437,6070
2437,27701
2437,4439
2437,27702
2437,4458
2437,4487
2437,8188
2437,4868
2437,4677
2437,6226
2437,4761
2437,4679
2437,4698
2437,4643
2437,4681
2437,7794
2437,4599
2437,5827
2437,4543
2437,12806
2437,20668
2437,5609
2437,8988
2437,4910
2437,17644
2437,4805
2438,27703
2438,27704
2438,27705
2438,27706
2438,26305
2438,27707
2438,26315
2438,9725
2438,26813
2438,27708
2438,20712
2438,3810
2438,26320
2438,7989
2438,26321
2438,22537
2438,13793
2438,26324
2438,23915
2438,26327
2438,27709
2438,5935
2438,4775
2438,5873
2438,27710
2438,27711
2438,5967
2438,4231
2438,5878
2438,27712
2438,27713
2438,5938
2438,25853
2438,5530
2438,4393
2438,15044
2438,4415
2438,5261
2438,27714
2438,5882
2438,27715
2438,26338
2438,27716
2438,27717
2438,27718
2438,13807
2438,27719
2438,6970
2438,6971
2438,5056
2438,27720
2438,5057
2438,12594
2438,26612
2438,27721
2438,13591
2438,4910
2438,27722
2438,27723
2439,1056
2439,5047
2439,27724
2439,27725
2439,25843
2439,27726
2439,15037
2439,15412
2439,27727
2439,6313
2439,27728
2439,27729
2439,6966
2439,27730
2439,15044
2439,27731
2439,20060
2439,27732
2439,27733
2439,5532
2439,6321
2439,11781
2439,27734
2439,5056
2439,6077
2439,6726
2439,5973
2439,5057
2439,27735
2439,9131
2439,4681
2439,27736
2439,7100
2439,27737
2439,27738
2439,27739
2439,27740
2439,4599
2439,5553
2439,5539
2439,27741
2439,27742
2439,12631
2439,27743
2439,27744
2439,5486
2439,27745
2439,27746
2439,27747
2439,27748
2439,27749
2439,27750
2439,17319
2439,27751
2439,27752
2439,27753
2439,22867
2440,27754
2440,27755
2440,5872
2440,27756
2440,24664
2440,20403
2440,27757
2440,27758
2440,27759
2440,8093
2440,27760
2440,27761
2440,27762
2440,27763
2440,27764
2440,27765
2440,27766
2440,27767
2440,27768
2440,27769
2440,27770
2440,27771
2440,8772
2440,27772
2440,27773
2440,27774
2440,27775
2440,27776
2440,27777
2440,27778
2440,27779
2441,27780
2441,27781
2441,3132
2441,27782
2441,27783
2441,27784
2441,27785
2441,22621
2441,27786
2441,27787
2441,27788
2441,27789
2441,14489
2441,27790
2441,27791
2441,27792
2441,6696
2441,27793
2441,27794
2441,4429
2441,27795
2441,27796
2441,27797
2441,6320
2441,27798
2441,27799
2441,26603
2441,4522
2441,6226
2441,4678
2441,4679
2441,4595
2441,27800
2441,27801
2441,5973
2441,4681
2441,10255
2441,4599
2441,5827
2441,27802
2441,5486
2441,27803
2441,27804
2441,27805
2441,27806
2441,27807
2441,27808
2441,27809
2441,5357
2442,27810
2442,5290
2442,27811
2442,5291
2442,6172
2442,2923
2442,16219
2442,11942
2442,5028
2442,6479
2442,5979
2442,5344
2442,4720
2442,4985
2442,4359
2442,4368
2442,4377
2442,5300
2442,4599
2443,23538
2443,2964
2443,3261
2443,3306
2443,3362
2443,3422
2443,3424
2443,3471
2443,3563
2443,27812
2443,3587
2443,4692
2443,3601
2443,6060
2443,27813
2443,3710
2443,3722
2443,27814
2443,3764
2443,3780
2443,3789
2443,3791
2443,3793
2443,20103
2443,27815
2443,21091
2443,3829
2443,3832
2443,27816
2443,27817
2443,27818
2443,3888
2443,3895
2443,3922
2443,3934
2443,3945
2443,20275
2443,27819
2443,19858
2443,8757
2443,3988
2443,3918
2443,3995
2443,4030
2443,20105
2443,6869
2443,27820
2443,4149
2443,4157
2443,7782
2443,16847
2443,4186
2443,4185
2443,4189
2443,4196
2443,4194
2443,14489
2443,6562
2443,4209
2443,27821
2443,4216
2443,17942
2443,4234
2443,4237
2443,4258
2443,26646
2443,4267
2443,4272
2443,4290
2443,27822
2443,15508
2443,27823
2443,4310
2443,4314
2443,4317
2443,4322
2443,10741
2443,4337
2443,9769
2443,27824
2443,4330
2443,4349
2443,4350
2443,4355
2443,4356
2443,4359
2443,4353
2443,27825
2443,4368
2443,4377
2443,27826
2443,4387
2443,7249
2443,4396
2443,4400
2443,5547
2443,27436
2443,25145
2443,27827
2443,5261
2443,4418
2443,4421
2443,6316
2443,4423
2443,14019
2443,27828
2443,4429
2443,5777
2443,4437
2443,4439
2443,27829
2443,4447
2443,4446
2443,6452
2443,27830
2443,4458
2443,27831
2443,4472
2443,21623
2443,7096
2443,27832
2443,15817
2443,27833
2443,4486
2443,6794
2443,5779
2443,9454
2443,4499
2443,4508
2443,27834
2443,27835
2443,11199
2443,27836
2443,21917
2443,8188
2443,27837
2443,4593
2443,27838
2443,8412
2443,27839
2443,19546
2443,27840
2443,4524
2443,17314
2443,27841
2443,7426
2443,11470
2443,5485
2443,9413
2443,27842
2443,4679
2443,24356
2443,6103
2443,4533
2443,27843
2443,6971
2443,4698
2443,6839
2443,6799
2443,16347
2443,5565
2443,5057
2443,4539
2443,27844
2443,16138
2443,13590
2443,24742
2443,4906
2443,4787
2443,27845
2443,27846
2443,4599
2443,4543
2443,27847
2443,27848
2443,27849
2443,5000
2443,4910
2443,5249
2443,27850
2443,27851
2443,23623
2443,5991
2443,27852
2443,23628
2443,4768
2443,19329
2443,23807
2443,5898
2443,5064
2443,19473
2444,27853
2444,2005
2444,24944
2444,27854
2444,27855
2444,2260
2444,7069
2444,2310
2444,2549
2444,2572
2444,15932
2444,2766
2444,27856
2444,3060
2444,24947
2444,3145
2444,3273
2444,3306
2444,3362
2444,3400
2444,3336
2444,3437
2444,3483
2444,12050
2444,3736
2444,3859
2444,3923
2444,4010
2444,27857
2444,13797
2444,24014
2444,4201
2444,4342
2444,4358
2444,27858
2444,4393
2444,14219
2444,4439
2444,4676
2444,4446
2444,4452
2444,4454
2444,27026
2444,24017
2444,6724
2444,15923
2444,23376
2444,4904
2444,14285
2444,5485
2444,15206
2444,26798
2444,12066
2444,4698
2444,24757
2444,5973
2444,24950
2444,23377
2444,5355
2444,4681
2444,15497
2444,5464
2444,12224
2444,27859
2444,4599
2444,4543
2444,6728
2444,5609
2444,24952
2444,5249
2444,12226
2444,27689
2444,27690
2444,27860
2444,26513
2444,27861
2444,27862
2444,26514
2445,27863
2445,27864
2445,27865
2445,21023
2445,27866
2445,27867
2445,27868
2445,27869
2445,27870
2445,5460
2445,21025
2445,27871
2445,7761
2445,27872
2445,21026
2445,27873
2445,20368
2445,27874
2445,9912
2445,27875
2445,5399
2445,6072
2445,7428
2445,5403
2445,4599
2445,27876
2445,27877
2445,27878
2445,21034
2446,27879
2446,8476
2446,27880
2446,17238
2446,25125
2446,11277
2446,19125
2446,12719
2446,9108
2446,9109
2446,4411
2446,17242
2446,26592
2446,26593
2446,8685
2446,9246
2446,5196
2446,5055
2446,18530
2446,6295
2446,5201
2446,5202
2446,7698
2446,16203
2446,27881
2446,8862
2446,27882
2446,4643
2446,25700
2446,4599
2446,5058
2446,13591
2446,7430
2446,27064
2446,27883
2446,27884
2446,27885
2446,11437
2446,5064
2447,27886
2447,27887
2447,27888
2447,27889
2447,3475
2447,15292
2447,27890
2447,8383
2447,3722
2447,27891
2447,27892
2447,4234
2447,27893
2447,27894
2447,27895
2447,27896
2447,27897
2447,4499
2447,7425
2447,15732
2447,8415
2447,27898
2447,6600
2447,4599
2447,4543
2447,7208
2447,6079
2447,15311
2447,27899
2448,27900
2448,27901
2448,4189
2448,27902
2448,25462
2448,27903
2448,4681
2448,4599
2448,27904
2448,27905
2448,27906
2448,27907
2448,27908
2448,27909
2448,27910
2448,27911
2448,27912
2448,27913
2449,23538
2449,27914
2449,27915
2449,27916
2449,27917
2449,21229
2449,27918
2449,3005
2449,27919
2449,27920
2449,27921
2449,27922
2449,27923
2449,27924
2449,27925
2449,27926
2449,17727
2449,27927
2449,27928
2449,27929
2449,27930
2449,27931
2449,27932
2449,27933
2449,25493
2449,6870
2449,4189
2449,4720
2449,6290
2449,27934
2449,11413
2449,24767
2449,5372
2449,9147
2449,5399
2449,4761
2449,6659
2449,5403
2449,4681
2449,27935
2449,4951
2449,4599
2449,5567
2449,27936
2449,27937
2449,5381
2449,27938
2449,27939
2449,27940
2449,6384
2449,27941
2450,12731
2450,27942
2450,25182
2450,27943
2450,25848
2450,15412
2450,4336
2450,27944
2450,27945
2450,27946
2450,5057
2450,4681
2450,4599
2450,5609
2450,4910
2450,27947
2450,27948
2451,27949
2451,27950
2451,3112
2451,27951
2451,3219
2451,27952
2451,3337
2451,27953
2451,27954
2451,23790
2451,27955
2451,27956
2451,27957
2451,27958
2451,27959
2451,27960
2451,3730
2451,27961
2451,27962
2451,3671
2451,27963
2451,27964
2451,27965
2451,4755
2451,4582
2451,27966
2451,1537
2451,27967
2451,27968
2451,27969
2451,23444
2451,6316
2451,27970
2451,27971
2451,27972
2451,19583
2451,6278
2451,27973
2451,4990
2451,4761
2451,9259
2451,4539
2451,27974
2451,4681
2451,27975
2451,4786
2451,27976
2451,4599
2451,16204
2451,5827
2451,27977
2451,5553
2451,10866
2451,27978
2451,27979
2451,27980
2451,27138
2451,27981
2451,27982
2452,27983
2452,16942
2452,27984
2452,27985
2452,27986
2452,27987
2452,14246
2452,27988
2452,14248
2452,27989
2452,15790
2452,12625
2452,5050
2452,3438
2452,27990
2452,12626
2452,9725
2452,6955
2452,27991
2452,27992
2452,27993
2452,24959
2452,26349
2452,5052
2452,19779
2452,5172
2452,3860
2452,22537
2452,9164
2452,25838
2452,24829
2452,27994
2452,16844
2452,27995
2452,7923
2452,27996
2452,4757
2452,27997
2452,15037
2452,4252
2452,10117
2452,4758
2452,4984
2452,27998
2452,21248
2452,5530
2452,27999
2452,10264
2452,19240
2452,15044
2452,5548
2452,13803
2452,28000
2452,28001
2452,20060
2452,16853
2452,6794
2452,10122
2452,24324
2452,12749
2452,6970
2452,12593
2452,17636
2452,15060
2452,12750
2452,4595
2452,12751
2452,6971
2452,5056
2452,4930
2452,5057
2452,12594
2452,24966
2452,17427
2452,4681
2452,4786
2452,4787
2452,15308
2452,4599
2452,6728
2452,5486
2452,4910
2452,28002
2452,5059
2452,17494
2452,5061
2452,23019
2452,28003
2452,5064
2452,5406
2452,15281
2453,28004
2453,28005
2453,6495
2453,28006
2453,28007
2453,28008
2453,21599
2453,4755
2453,4582
2453,21611
2453,28009
2453,21617
2453,28010
2453,28011
2453,28012
2453,28013
2453,6378
2453,28014
2453,28015
2453,28016
2453,7789
2453,28017
2453,28018
2453,4761
2453,28019
2453,28020
2453,28021
2453,28022
2453,28023
2453,28024
2453,8556
2453,8558
2453,4681
2453,21639
2453,28025
2453,28026
2453,22364
2453,28027
2453,28028
2453,15152
2453,5889
2453,8560
2453,28029
2453,28030
2453,28031
2453,28032
2453,28033
2453,28034
2453,28035
2453,28036
2453,28037
2453,4910
2453,28038
2453,28039
2453,28040
2453,28041
2453,28042
2454,28043
2454,28044
2454,28045
2454,28046
2454,2876
2454,28047
2454,28048
2454,28049
2454,28050
2454,28051
2454,3622
2454,28052
2454,28053
2454,28054
2454,3829
2454,28055
2454,28056
2454,3922
2454,3950
2454,24816
2454,28057
2454,28058
2454,28059
2454,28060
2454,28061
2454,28062
2454,28063
2454,9166
2454,7782
2454,8611
2454,28064
2454,8612
2454,4189
2454,6562
2454,6121
2454,28065
2454,4258
2454,6123
2454,7783
2454,28066
2454,28067
2454,6125
2454,28068
2454,21000
2454,6126
2454,21001
2454,7784
2454,7785
2454,28069
2454,24396
2454,28070
2454,5751
2454,7788
2454,28071
2454,7126
2454,9170
2454,28072
2454,6799
2454,19327
2454,28073
2454,11352
2454,5304
2454,4599
2454,18024
2454,8620
2454,5305
2454,28074
2454,6130
2454,28075
2454,28076
2454,28077
2454,17303
2454,26982
2454,28078
2454,24849
2454,7799
2454,4603
2454,23326
2455,16984
2455,28079
2455,28080
2455,28081
2455,16219
2455,5978
2455,4715
2455,28082
2455,28083
2455,5627
2455,6771
2455,4720
2455,16990
2455,4985
2455,4359
2455,6448
2455,7693
2455,28084
2455,4599
2455,11071
2455,5249
2455,4729
2455,28085
2456,28086
2456,2777
2456,28087
2456,28088
2456,28089
2456,15240
2456,17155
2456,28090
2456,28091
2456,12391
2456,3456
2456,28092
2456,19820
2456,28093
2456,28094
2456,28095
2456,7758
2456,12395
2456,28096
2456,28097
2456,28098
2456,28099
2456,28100
2456,28101
2456,28102
2456,28103
2456,4755
2456,3778
2456,28104
2456,28105
2456,28106
2456,8292
2456,27021
2456,28107
2456,12398
2456,28108
2456,12400
2456,4411
2456,28109
2456,5504
2456,28110
2456,28111
2456,28112
2456,28113
2456,28114
2456,28115
2456,28116
2456,6659
2456,28117
2456,28118
2456,5631
2456,28119
2456,28120
2456,28121
2456,28122
2456,28123
2456,10772
2456,28124
2456,28125
2456,28126
2457,28127
2457,28128
2457,28129
2457,28130
2457,28131
2457,28132
2457,28133
2457,28134
2457,28135
2457,28136
2457,28137
2457,28138
2457,28139
2457,28140
2457,28141
2457,28142
2457,28143
2457,28144
2457,28145
2457,9164
2457,28146
2457,28147
2457,28148
2457,28149
2457,28150
2457,28151
2457,28152
2457,28153
2457,28154
2457,4189
2457,28155
2457,28156
2457,4234
2457,28157
2457,28158
2457,28159
2457,28160
2457,28161
2457,28162
2457,28163
2457,28164
2457,28165
2457,28166
2457,28167
2457,28168
2457,28169
2457,28170
2457,28171
2457,28172
2457,28173
2457,28174
2457,28175
2457,28176
2457,28177
2457,7668
2457,14023
2457,28178
2457,28179
2457,28180
2457,5987
2457,18589
2457,28181
2457,5606
2457,6726
2457,28182
2457,5973
2457,28183
2457,11886
2457,4681
2457,28184
2457,13809
2457,4599
2457,6330
2457,5553
2457,4701
2457,28185
2457,5486
2457,5000
2457,28186
2457,28187
2457,28188
2457,25702
2457,28189
2457,28190
2457,10271
2457,18675
2457,28191
2457,28192
2457,28193
2457,28194
2457,28195
2457,28196
2457,28197
2457,28198
2457,28199
2457,28200
2457,28201
2458,28202
2458,28203
2458,3248
2458,15194
2458,28204
2458,28205
2458,28206
2458,3468
2458,9648
2458,13902
2458,19510
2458,9404
2458,4750
2458,12716
2458,28207
2458,19247
2458,28208
2458,28209
2458,28210
2458,6867
2458,4753
2458,5084
2458,12242
2458,28211
2458,22923
2458,4161
2458,4720
2458,28212
2458,28213
2458,19988
2458,24933
2458,17767
2458,28214
2458,25403
2458,19990
2458,28215
2458,4415
2458,28216
2458,9147
2458,11316
2458,20060
2458,28217
2458,28218
2458,12749
2458,6970
2458,12593
2458,16475
2458,6971
2458,28219
2458,5056
2458,28220
2458,6383
2458,4599
2458,13431
2458,16928
2458,19529
2458,5609
2458,18597
2458,5404
2458,9604
2458,5381
2458,8509
2458,28221
2458,6384
2458,28222
2458,4768
2458,28223
2458,12297
2458,28224
2458,28225
2458,5406
2459,28226
2459,28227
2459,3383
2459,3424
2459,3789
2459,3880
2459,28228
2459,28229
2459,28230
2459,28231
2459,5483
2459,3981
2459,28232
2459,28233
2459,6562
2459,28234
2459,28235
2459,28236
2459,4234
2459,4267
2459,4286
2459,28237
2459,4359
2459,4368
2459,12826
2459,3813
2459,28238
2459,28239
2459,28240
2459,28241
2459,28242
2459,28243
2459,28244
2459,13590
2459,28245
2459,28246
2459,4599
2459,4701
2459,28247
2459,28248
2459,28249
2459,28250
2459,28251
2459,4768
2459,28252
2459,4729
2459,12297
2460,26234
2460,28253
2460,28254
2460,28255
2460,28256
2460,28257
2460,28258
2460,28259
2460,28260
2460,28261
2460,28262
2460,28263
2460,28264
2460,28265
2460,28266
2460,28267
2460,28268
2460,28269
2460,26336
2460,28270
2460,28271
2460,28272
2460,23473
2460,28273
2460,28274
2460,28275
2460,28276
2460,28277
2460,28278
2460,28279
2460,25283
2460,20858
2460,28280
2460,6726
2460,28281
2460,5827
2460,15151
2460,28282
2460,28283
2460,28284
2460,28285
2460,28286
2460,28287
2460,28288
2460,20860
2460,28289
2460,28290
2460,28291
2460,28292
2461,28293
2461,28294
2461,28295
2461,28296
2461,28297
2461,15030
2461,9762
2461,4860
2461,28298
2461,28299
2461,20040
2461,28300
2461,28301
2461,28302
2461,28303
2461,4863
2461,28304
2461,28305
2461,28306
2461,4189
2461,5874
2461,4758
2461,7658
2461,28307
2461,15052
2461,15054
2461,7098
2461,4596
2461,28308
2461,15065
2461,19591
2461,4599
2461,12722
2461,15077
2461,5063
2461,11437
2461,5064
2462,28309
2462,28310
2462,20504
2462,28311
2462,28312
2462,28313
2462,28314
2462,28315
2462,28316
2462,14387
2462,6577
2462,12443
2462,28317
2462,28318
2462,12874
2462,4753
2462,7731
2462,28319
2462,28320
2462,28321
2462,28322
2462,28323
2462,28324
2462,28325
2462,28326
2462,4758
2462,4696
2462,4984
2462,28327
2462,28328
2462,28329
2462,28330
2462,28331
2462,28332
2462,5261
2462,28333
2462,27437
2462,12202
2462,15303
2462,28334
2462,28335
2462,6595
2462,28336
2462,6077
2462,4599
2462,28337
2462,28338
2462,28339
2462,28340
2462,28341
2462,14388
2462,10021
2462,28342
2462,28343
2462,28344
2462,4910
2462,12753
2462,28345
2462,28346
2462,4805
2462,28347
2463,3045
2463,3305
2463,3337
2463,3362
2463,3400
2463,3424
2463,22527
2463,3710
2463,3859
2463,4696
2463,4349
2463,4358
2463,4439
2463,4676
2463,16966
2463,5970
2463,4868
2463,7668
2463,12419
2463,11919
2463,4698
2463,4643
2463,4681
2463,4787
2463,4599
2463,4543
2463,6728
2463,5553
2463,5539
2463,4701
2463,5064
2464,23912
2464,28348
2464,6955
2464,28349
2464,26813
2464,5052
2464,6960
2464,28350
2464,23915
2464,23916
2464,5085
2464,5528
2464,4755
2464,28351
2464,23918
2464,23919
2464,23920
2464,7923
2464,4757
2464,28352
2464,5874
2464,5237
2464,4231
2464,23923
2464,4758
2464,20053
2464,4984
2464,5530
2464,17630
2464,15044
2464,15493
2464,10120
2464,13733
2464,6794
2464,10122
2464,23924
2464,5532
2464,12749
2464,6970
2464,4522
2464,5246
2464,15063
2464,26536
2464,5056
2464,5057
2464,4681
2464,4599
2464,5553
2464,5404
2464,5486
2464,5059
2464,23931
2464,5063
2464,5064
2464,4603
2465,28353
2465,28354
2465,11390
2465,21559
2465,23594
2465,5392
2465,11409
2465,11410
2465,28355
2465,4185
2465,28356
2465,11414
2465,17877
2465,7401
2465,4356
2465,12057
2465,28357
2465,28358
2465,5399
2465,5602
2465,4868
2465,5604
2465,5246
2465,12419
2465,6566
2465,16203
2465,26566
2465,28359
2465,5403
2465,4681
2465,28360
2465,5827
2465,28361
2465,28362
2466,28363
2466,12099
2466,28364
2466,28365
2466,28366
2466,28367
2466,28368
2466,28369
2466,19779
2466,5172
2466,9164
2466,16844
2466,28370
2466,7923
2466,7924
2466,4757
2466,5874
2466,4758
2466,20667
2466,4984
2466,5696
2466,16853
2466,16925
2466,6077
2466,16856
2466,15308
2466,4910
2466,8775
2466,28371
2466,10605
2466,5898
2467,28372
2467,1710
2467,1949
2467,22373
2467,22374
2467,23956
2467,23957
2467,23958
2467,23959
2467,22378
2467,28373
2467,9398
2467,28374
2467,23457
2467,22381
2467,2821
2467,23960
2467,2843
2467,28375
2467,22383
2467,3118
2467,6857
2467,28376
2467,28377
2467,4742
2467,23963
2467,28378
2467,11398
2467,4750
2467,28379
2467,3711
2467,23468
2467,3826
2467,5172
2467,4753
2467,3990
2467,4755
2467,4757
2467,4211
2467,17197
2467,4758
2467,4306
2467,5054
2467,28380
2467,4696
2467,4984
2467,4349
2467,9342
2467,4421
2467,4439
2467,28381
2467,9343
2467,5883
2467,10266
2467,17933
2467,4868
2467,4524
2467,5485
2467,14516
2467,15206
2467,10180
2467,6103
2467,8692
2467,4681
2467,23968
2467,4599
2467,6500
2467,4910
2467,24653
2467,23972
2467,24803
2467,28382
2467,22406
2467,4805
2467,4768
2467,5064
2467,4603
2468,17783
2468,12851
2468,15489
2468,3771
2468,15490
2468,3919
2468,28383
2468,15491
2468,10116
2468,17482
2468,15037
2468,4231
2468,26352
2468,15492
2468,6966
2468,17630
2468,23944
2468,28384
2468,15044
2468,5088
2468,28385
2468,6565
2468,15493
2468,6968
2468,13803
2468,12591
2468,13733
2468,4496
2468,21688
2468,21689
2468,10122
2468,4904
2468,5532
2468,28386
2468,6970
2468,12593
2468,15060
2468,15206
2468,11781
2468,12750
2468,12751
2468,6971
2468,5056
2468,6077
2468,5057
2468,28387
2468,4681
2468,28388
2468,15497
2468,4599
2468,6728
2468,20668
2468,28389
2468,5404
2468,4910
2468,5059
2468,24842
2468,15498
2468,17494
2468,12596
2468,28390
2468,5064
2468,8362
2469,28391
2469,11148
2469,28392
2469,28393
2469,3424
2469,28394
2469,28395
2469,28396
2469,4189
2469,4234
2469,9027
2469,9672
2469,28397
2469,28398
2469,28399
2469,4930
2469,28400
2469,28401
2469,9029
2469,18022
2469,28402
2469,28403
2469,28404
2469,4599
2469,28405
2469,4543
2469,28406
2469,28407
2469,4601
2469,28408
2469,28409
2469,28410
2469,28411
2469,28412
2469,28413
2469,28414
2469,28415
2469,28416
2469,28417
2469,28418
2469,28419
2469,20232
2469,28420
2470,11386
2470,28421
2470,28422
2470,28423
2470,28424
2470,13321
2470,28425
2470,21754
2470,3823
2470,13017
2470,28426
2470,28427
2470,6872
2470,7401
2470,6069
2470,5398
2470,4356
2470,24322
2470,7402
2470,27252
2470,5399
2470,6877
2470,6074
2470,5403
2470,13329
2470,12170
2470,28428
2470,7411
2470,5898
2470,28429
2470,8362
2471,28430
2471,28431
2471,2591
2471,28432
2471,2644
2471,28433
2471,28434
2471,28435
2471,28436
2471,2761
2471,8539
2471,2819
2471,10569
2471,5866
2471,21585
2471,5904
2471,20697
2471,28437
2471,2988
2471,3010
2471,9402
2471,3139
2471,3164
2471,28438
2471,3265
2471,28439
2471,3306
2471,3337
2471,28440
2471,13201
2471,3424
2471,28441
2471,3459
2471,5742
2471,3571
2471,28442
2471,3722
2471,10392
2471,8542
2471,13241
2471,3950
2471,17274
2471,4010
2471,28443
2471,28444
2471,28445
2471,28446
2471,8546
2471,4176
2471,28447
2471,28448
2471,4696
2471,28449
2471,28450
2471,27826
2471,28451
2471,28452
2471,8550
2471,15142
2471,8553
2471,19689
2471,21634
2471,28453
2471,4765
2471,4599
2471,5609
2471,8560
2471,28454
2471,5991
2472,18942
2472,28455
2472,20501
2472,20901
2472,17732
2472,6145
2472,28456
2472,28457
2472,28458
2472,17733
2472,28459
2472,7045
2472,28460
2472,5742
2472,6493
2472,28461
2472,17068
2472,14387
2472,28462
2472,28463
2472,26564
2472,4753
2472,5483
2472,7924
2472,4720
2472,4234
2472,28464
2472,28465
2472,4866
2472,28466
2472,4868
2472,28467
2472,28468
2472,28469
2472,28470
2472,28471
2472,4599
2472,20510
2472,28472
2472,4910
2472,28473
2472,28474
2472,4729
2472,12297
2473,28475
2473,28476
2473,28477
2473,4189
2473,5237
2473,28478
2473,7889
2473,28479
2473,28480
2473,12081
2473,28481
2473,28482
2473,9328
2473,28483
2473,28484
2473,28485
2473,10966
2473,28486
2473,28487
2473,5357
2474,20825
2474,3293
2474,28488
2474,3607
2474,16431
2474,28489
2474,28490
2474,28491
2474,3801
2474,28492
2474,3989
2474,4049
2474,17941
2474,4105
2474,25123
2474,4179
2474,20831
2474,24468
2474,28493
2474,8931
2474,5054
2474,17768
2474,5372
2474,4985
2474,4350
2474,28494
2474,4368
2474,4377
2474,28495
2474,28496
2474,5374
2474,6452
2474,7619
2474,28497
2474,10084
2474,5301
2474,13937
2474,5263
2474,4521
2474,20834
2474,6003
2474,26863
2474,4539
2474,28498
2474,28499
2474,28500
2474,9688
2474,13914
2474,11352
2474,23423
2474,4599
2474,5827
2474,5249
2474,28501
2474,9604
2474,5381
2474,8509
2474,28502
2474,6384
2474,5898
2474,13949
2474,5358
2474,28503
2475,28504
2475,5292
2475,28505
2475,28506
2475,28507
2475,11149
2475,5978
2475,28508
2475,28509
2475,28510
2475,25869
2475,5743
2475,16415
2475,28511
2475,5349
2475,28512
2475,12437
2475,4720
2475,7052
2475,4359
2475,6448
2475,28513
2475,28514
2475,5751
2475,28515
2475,14024
2475,4761
2475,28516
2475,28517
2475,28518
2475,28519
2475,5463
2475,5269
2475,5304
2475,4599
2475,7476
2475,5249
2475,4729
2475,4768
2475,28520
2475,28521
2476,28522
2476,28523
2476,28524
2476,20649
2476,28525
2476,28526
2476,28527
2476,28528
2476,28529
2476,28530
2476,28531
2476,28532
2476,28533
2476,28534
2476,28535
2476,28536
2476,28537
2476,28538
2476,28539
2476,28540
2476,28541
2476,28542
2476,11053
2476,28543
2476,28544
2476,28545
2476,28546
2476,28547
2476,28548
2476,28549
2476,28550
2476,28551
2476,28552
2476,12423
2476,28553
2477,28554
2477,28555
2477,28556
2477,3422
2477,28557
2477,3823
2477,26152
2477,28558
2477,5392
2477,20104
2477,13964
2477,4185
2477,28559
2477,28560
2477,5398
2477,7403
2477,9343
2477,5399
2477,28561
2477,20528
2477,28562
2477,20110
2477,28563
2477,22615
2477,5971
2477,26158
2477,28564
2477,6073
2477,28565
2477,28566
2477,5564
2477,5565
2477,5403
2477,24560
2477,15472
2477,21141
2477,4599
2477,5827
2477,6080
2477,28567
2477,13649
2477,8775
2477,28568
2477,28569
2477,11956
2477,28570
2477,5898
2477,5064
2477,13852
2477,28571
2478,28572
2478,2015
2478,9746
2478,5078
2478,11045
2478,6488
2478,28573
2478,12704
2478,2957
2478,17732
2478,3105
2478,11048
2478,3174
2478,3177
2478,3199
2478,7045
2478,5121
2478,28574
2478,11187
2478,3362
2478,28575
2478,19979
2478,24957
2478,4750
2478,15695
2478,19982
2478,13216
2478,19247
2478,3704
2478,3722
2478,3727
2478,18951
2478,3791
2478,5083
2478,28576
2478,3878
2478,4753
2478,5084
2478,7051
2478,5085
2478,4755
2478,5692
2478,25280
2478,4777
2478,5261
2478,5088
2478,10705
2478,6794
2478,7054
2478,4677
2478,4761
2478,4595
2478,4681
2478,4599
2478,4543
2478,5609
2478,18597
2478,4910
2478,4805
2479,28577
2479,2674
2479,5480
2479,28578
2479,16194
2479,6957
2479,7048
2479,13223
2479,15597
2479,3791
2479,12050
2479,5349
2479,13241
2479,3945
2479,4010
2479,4099
2479,4127
2479,4194
2479,14489
2479,4234
2479,4314
2479,4368
2479,4429
2479,4452
2479,4454
2479,28579
2479,4499
2479,4500
2479,28580
2479,13911
2479,5263
2479,4679
2479,5355
2479,6498
2479,28581
2479,18833
2479,4599
2479,6728
2479,20668
2479,15208
2479,24018
2479,12226
2479,28582
2479,11928
2480,28583
2480,28584
2480,28585
2480,28586
2480,28587
2480,28588
2480,28589
2480,28590
2480,28591
2480,28592
2480,28593
2480,28594
2480,24526
2480,28595
2480,28596
2480,28597
2480,28598
2480,28599
2480,28600
2480,28601
2480,15916
2480,28602
2480,11150
2480,28603
2480,28604
2480,28605
2480,28606
2480,28607
2480,28608
2480,28609
2480,28610
2480,28611
2480,28612
2480,28613
2480,28614
2480,28615
2480,28616
2480,28617
2480,28618
2480,28619
2480,5349
2480,26821
2480,9669
2480,5907
2480,19660
2480,28620
2480,26796
2480,28621
2480,28622
2480,21847
2480,14461
2480,9379
2480,22165
2480,28623
2480,21858
2480,21454
2480,17930
2480,23793
2480,24373
2480,21870
2480,28624
2480,10193
2480,28625
2480,28626
2480,28627
2480,28628
2480,7580
2480,28629
2480,5970
2480,24533
2480,17933
2480,21106
2480,28630
2480,4868
2480,6248
2480,4678
2480,6249
2480,21539
2480,5353
2480,28631
2480,27844
2480,13344
2480,4785
2480,28632
2480,4786
2480,4787
2480,4699
2480,4599
2480,28633
2480,26824
2480,12631
2480,5486
2480,27255
2480,28634
2480,28635
2480,28636
2480,28637
2480,28638
2480,28639
2480,28640
2480,9386
2480,28641
2480,5358
2481,28642
2481,3118
2481,3400
2481,3514
2481,6059
2481,28643
2481,23468
2481,8754
2481,3826
2481,3859
2481,3871
2481,26134
2481,3888
2481,8757
2481,6563
2481,4211
2481,17626
2481,9065
2481,4758
2481,4306
2481,5054
2481,28644
2481,4369
2481,4393
2481,9342
2481,28645
2481,4446
2481,9343
2481,5970
2481,28646
2481,4868
2481,5246
2481,6248
2481,12419
2481,4595
2481,10398
2481,4681
2481,7361
2481,4699
2481,4599
2481,4543
2481,5553
2481,4701
2481,4601
2481,4910
2481,19810
2481,4847
2481,5063
2481,11437
2481,5064
2481,4603
2481,8362
2481,28647
2481,21701
2482,19566
2482,28648
2482,28649
2482,28650
2482,8717
2482,15694
2482,28651
2482,4742
2482,4743
2482,19574
2482,25741
2482,28652
2482,26400
2482,28653
2482,28654
2482,28655
2482,28656
2482,28657
2482,7989
2482,28658
2482,28659
2482,4752
2482,24962
2482,9165
2482,3967
2482,6824
2482,4755
2482,6274
2482,28660
2482,5873
2482,10940
2482,28661
2482,21507
2482,5883
2482,28662
2482,9256
2482,28663
2482,28664
2482,4765
2482,7103
2482,5889
2482,28665
2482,28666
2482,28667
2482,28668
2482,28669
2482,28670
2482,5898
2482,5064
2482,4603
2483,10258
2483,2884
2483,2969
2483,28671
2483,28672
2483,3521
2483,10260
2483,28673
2483,10261
2483,28674
2483,28675
2483,3981
2483,4001
2483,16844
2483,4058
2483,18334
2483,4085
2483,17414
2483,15407
2483,7923
2483,4757
2483,4189
2483,4234
2483,28676
2483,12719
2483,6070
2483,28677
2483,28678
2483,5547
2483,3813
2483,7167
2483,28679
2483,8685
2483,4439
2483,22547
2483,5055
2483,4593
2483,28680
2483,8412
2483,5246
2483,6226
2483,4698
2483,8692
2483,6799
2483,5973
2483,4643
2483,28681
2483,4681
2483,4599
2483,4543
2483,28682
2483,28683
2483,5553
2483,4701
2483,28684
2483,5486
2483,4910
2483,10727
2483,28685
2483,28686
2483,24525
2483,15432
2483,28687
2483,28688
2483,28689
2483,28690
2483,28691
2483,28692
2483,28693
2483,28694
2483,5064
2483,28695
2484,2869
2484,28696
2484,28697
2484,28698
2484,3343
2484,28699
2484,13214
2484,19857
2484,5483
2484,28700
2484,4755
2484,28701
2484,28702
2484,11010
2484,28703
2484,28704
2484,28705
2484,28706
2484,11014
2484,28707
2484,28708
2484,28709
2484,28710
2484,5464
2484,4599
2484,11020
2484,28711
2484,28712
2484,4910
2484,11022
2484,6336
2484,4805
2484,15132
2485,11903
2485,21813
2485,28713
2485,28714
2485,3571
2485,4750
2485,10391
2485,28715
2485,28716
2485,28717
2485,9376
2485,6288
2485,24372
2485,3889
2485,3893
2485,26821
2485,5483
2485,4084
2485,17985
2485,28718
2485,4696
2485,4319
2485,21870
2485,10394
2485,21889
2485,6292
2485,10395
2485,21909
2485,28719
2485,18015
2485,5351
2485,4520
2485,4678
2485,28720
2485,11919
2485,6659
2485,10397
2485,10398
2485,7262
2485,4599
2485,5539
2485,5609
2485,5305
2485,5035
2485,4805
2485,28721
2485,5064
2486,4687
2486,28722
2486,28723
2486,6115
2486,10515
2486,28724
2486,28725
2486,9057
2486,7954
2486,28726
2486,4750
2486,7955
2486,28727
2486,25183
2486,28728
2486,5483
2486,28729
2486,28730
2486,13379
2486,28731
2486,28732
2486,7958
2486,28733
2486,28734
2486,28735
2486,28736
2486,25192
2486,28737
2486,4984
2486,28738
2486,28739
2486,7961
2486,28740
2486,28741
2486,6127
2486,7172
2486,6794
2486,28742
2486,28743
2486,7963
2486,28744
2486,28745
2486,28746
2486,4761
2486,6659
2486,4931
2486,4681
2486,28747
2486,28748
2486,28749
2487,26548
2487,3611
2487,28750
2487,3893
2487,3934
2487,23534
2487,5589
2487,4237
2487,4410
2487,21104
2487,26556
2487,26557
2487,21106
2487,28751
2487,4678
2487,11919
2487,4599
2487,5610
2487,12615
2487,21109
2487,28752
2487,16043
2488,28753
2488,28754
2488,9527
2488,5105
2488,28755
2488,28756
2488,28757
2488,28758
2488,28759
2488,28760
2488,28761
2488,28762
2488,28763
2488,28764
2488,28765
2488,8782
2488,2192
2488,28766
2488,28767
2488,28768
2488,28769
2488,28770
2488,28771
2488,28772
2488,28773
2488,28774
2488,28775
2488,27081
2488,15622
2488,16895
2488,28776
2488,28777
2488,8785
2488,28778
2488,28779
2488,28780
2488,28781
2488,28782
2488,28783
2488,28784
2488,28785
2488,28786
2488,8786
2488,28787
2488,28788
2488,2418
2488,21112
2488,12095
2488,5341
2488,21113
2488,28789
2488,28790
2488,8787
2488,28791
2488,28792
2488,28793
2488,28794
2488,27086
2488,28795
2488,28796
2488,28797
2488,28798
2488,6353
2488,23234
2488,13177
2488,15084
2488,28799
2488,28800
2488,4857
2488,28801
2488,19190
2488,28802
2488,28803
2488,5117
2488,28804
2488,21115
2488,8789
2488,24976
2488,28805
2488,28806
2488,6355
2488,2760
2488,28807
2488,6356
2488,21050
2488,28808
2488,28809
2488,2781
2488,28810
2488,2798
2488,6357
2488,16605
2488,6358
2488,21116
2488,28811
2488,28812
2488,5119
2488,28813
2488,28814
2488,23786
2488,21117
2488,28815
2488,28816
2488,28817
2488,15584
2488,21119
2488,5159
2488,18474
2488,28818
2488,28819
2488,28820
2488,28821
2488,7043
2488,28822
2488,5985
2488,8791
2488,14086
2488,3105
2488,28823
2488,27088
2488,12146
2488,12285
2488,28824
2488,18478
2488,6364
2488,27092
2488,28825
2488,28826
2488,26625
2488,23935
2488,19197
2488,28827
2488,8792
2488,22649
2488,17734
2488,8329
2488,12104
2488,11903
2488,9547
2488,11299
2488,5458
2488,6366
2488,3416
2488,27095
2488,5581
2488,15593
2488,15088
2488,9404
2488,5123
2488,26093
2488,24517
2488,24518
2488,21122
2488,11301
2488,5742
2488,18481
2488,8793
2488,6059
2488,18482
2488,13687
2488,6371
2488,24519
2488,18112
2488,6492
2488,6493
2488,24980
2488,27096
2488,27097
2488,12714
2488,4750
2488,12715
2488,15695
2488,4860
2488,28828
2488,28829
2488,28830
2488,18981
2488,28831
2488,8289
2488,3692
2488,15918
2488,28832
2488,28833
2488,28834
2488,23763
2488,7049
2488,6495
2488,28835
2488,28836
2488,14185
2488,6578
2488,12050
2488,23765
2488,28837
2488,5172
2488,3846
2488,26097
2488,21062
2488,28838
2488,7920
2488,24520
2488,24521
2488,4753
2488,28839
2488,5084
2488,7051
2488,20507
2488,9591
2488,28840
2488,11308
2488,4755
2488,28841
2488,28842
2488,5586
2488,4863
2488,28843
2488,28844
2488,28845
2488,28846
2488,5873
2488,7923
2488,28847
2488,4720
2488,4582
2488,28848
2488,28849
2488,28850
2488,28851
2488,28852
2488,5592
2488,17930
2488,28853
2488,4984
2488,23943
2488,28854
2488,24524
2488,28855
2488,28856
2488,19991
2488,28857
2488,6448
2488,28858
2488,21124
2488,12291
2488,21125
2488,5261
2488,16106
2488,28859
2488,4779
2488,4587
2488,22546
2488,5697
2488,15051
2488,6794
2488,28860
2488,7054
2488,28861
2488,28862
2488,27098
2488,17933
2488,28863
2488,28864
2488,4904
2488,15494
2488,17934
2488,7897
2488,4594
2488,28865
2488,4678
2488,16475
2488,6496
2488,9254
2488,4761
2488,4595
2488,4642
2488,10253
2488,21539
2488,12112
2488,11919
2488,12066
2488,28219
2488,28519
2488,6077
2488,15065
2488,12113
2488,8452
2488,28243
2488,5355
2488,28866
2488,6498
2488,11886
2488,6381
2488,18135
2488,4681
2488,21728
2488,27099
2488,18990
2488,4787
2488,7056
2488,5464
2488,10751
2488,4699
2488,6383
2488,13431
2488,21511
2488,28867
2488,6728
2488,7208
2488,28868
2488,5553
2488,5539
2488,20668
2488,27386
2488,5609
2488,7209
2488,22334
2488,10223
2488,28869
2488,10707
2488,28870
2488,28871
2488,28872
2488,28873
2488,28874
2488,28875
2488,4805
2488,28876
2488,12170
2488,28877
2488,28878
2488,28879
2488,4768
2488,4729
2488,28880
2489,15026
2489,3424
2489,15029
2489,15031
2489,3746
2489,15032
2489,15033
2489,5172
2489,28881
2489,28882
2489,4755
2489,4189
2489,4234
2489,28883
2489,28884
2489,4349
2489,15042
2489,4437
2489,4439
2489,28885
2489,28886
2489,28887
2489,4595
2489,4681
2489,4787
2489,4599
2489,12721
2489,5988
2489,28888
2489,5035
2489,4910
2489,28889
2489,5064
2489,4603
2490,28890
2490,28891
2490,3209
2490,28892
2490,28893
2490,28894
2490,28895
2490,28896
2490,3689
2490,20102
2490,25522
2490,5232
2490,25393
2490,5392
2490,28897
2490,4122
2490,28898
2490,6871
2490,13966
2490,22686
2490,13967
2490,28899
2490,5398
2490,28900
2490,4421
2490,20107
2490,6876
2490,5399
2490,28901
2490,6877
2490,28902
2490,20111
2490,20112
2490,7332
2490,6073
2490,5972
2490,5493
2490,23497
2490,28903
2490,5403
2490,4681
2490,4599
2490,28904
2490,20115
2490,28905
2490,17696
2490,28906
2490,28907
2490,5064
2491,3461
2491,28908
2491,4140
2491,28909
2491,12438
2491,28910
2491,4368
2491,28911
2491,28912
2491,28913
2491,28914
2491,28915
2491,28916
2491,28917
2491,28918
2491,13912
2491,9673
2491,28919
2491,22030
2491,12082
2491,6980
2491,16993
2491,12083
2491,4599
2491,28920
2491,28921
2491,8355
2491,4910
2491,28922
2491,28923
2491,28924
2491,4768
2491,12297
2492,28925
2492,22820
2492,28926
2492,28927
2492,6059
2492,8753
2492,28928
2492,28929
2492,28930
2492,28931
2492,7496
2492,28932
2492,4755
2492,28933
2492,26127
2492,26126
2492,10591
2492,28934
2492,19991
2492,23444
2492,28935
2492,23445
2492,28936
2492,9248
2492,28937
2492,19583
2492,28938
2492,5550
2492,7123
2492,28939
2492,17342
2492,4761
2492,28940
2492,28941
2492,9259
2492,23449
2492,22836
2492,9260
2492,4681
2492,28942
2492,19586
2492,28943
2492,14569
2492,5464
2492,22837
2492,5827
2492,5553
2492,28944
2492,26049
2492,8775
2492,28945
2492,4805
2492,26128
2493,3343
2493,11903
2493,3424
2493,7301
2493,25672
2493,13241
2493,7732
2493,5483
2493,4755
2493,17763
2493,6562
2493,4582
2493,5968
2493,4349
2493,4358
2493,6071
2493,4410
2493,5261
2493,7167
2493,4439
2493,4676
2493,4454
2493,4458
2493,21623
2493,5970
2493,16501
2493,4868
2493,5246
2493,4783
2493,12419
2493,4761
2493,5987
2493,4698
2493,6659
2493,6598
2493,4681
2493,4599
2493,5538
2493,4543
2493,6330
2493,5539
2493,12721
2493,5486
2493,4805
2493,5064
2493,8362
2494,28946
2494,28947
2494,28948
2494,28949
2494,28950
2494,28951
2494,28952
2494,28953
2494,28954
2494,28955
2494,5294
2494,28956
2494,28957
2494,4720
2494,28958
2494,28959
2494,28960
2494,28961
2494,28962
2494,28963
2494,28964
2495,28965
2495,3424
2495,3598
2495,3611
2495,3789
2495,3880
2495,4058
2495,4189
2495,6562
2495,4234
2495,7052
2495,4286
2495,4349
2495,4358
2495,3813
2495,4439
2495,4676
2495,28966
2495,7096
2495,5970
2495,4508
2495,6295
2495,19862
2495,4868
2495,7332
2495,8412
2495,28967
2495,11731
2495,28968
2495,4698
2495,12011
2495,4681
2495,8189
2495,4787
2495,4599
2495,4543
2495,28969
2495,5553
2495,5539
2495,28970
2495,28971
2495,5249
2495,28972
2495,6569
2495,4768
2495,20075
2495,5064
2495,28973
2495,28974
2495,28975
2496,6268
2496,28976
2496,28977
2496,27005
2496,28978
2496,26451
2496,3739
2496,28979
2496,28980
2496,28981
2496,28982
2496,4105
2496,4200
2496,28983
2496,28984
2496,28985
2496,28986
2496,4340
2496,28987
2496,25144
2496,28988
2496,4431
2496,22459
2496,28989
2496,11260
2496,28990
2496,28991
2496,4761
2496,28992
2496,20836
2496,4539
2496,7100
2496,11352
2496,13941
2496,4599
2496,5827
2496,28993
2496,7902
2496,28994
2496,28995
2496,8509
2496,7903
2496,28996
2496,20841
2497,28997
2497,28998
2497,28999
2497,2840
2497,9364
2497,29000
2497,29001
2497,5291
2497,29002
2497,6034
2497,29003
2497,29004
2497,29005
2497,5292
2497,29006
2497,16219
2497,13193
2497,16538
2497,29007
2497,29008
2497,3023
2497,11942
2497,29009
2497,29010
2497,29011
2497,19931
2497,29012
2497,22908
2497,29013
2497,29014
2497,29015
2497,29016
2497,14481
2497,12238
2497,21807
2497,29017
2497,29018
2497,29019
2497,29020
2497,29021
2497,9485
2497,26854
2497,3250
2497,29022
2497,29023
2497,29024
2497,13196
2497,29025
2497,29026
2497,3278
2497,3279
2497,29027
2497,29028
2497,29029
2497,29030
2497,29031
2497,5978
2497,3343
2497,29032
2497,29033
2497,29034
2497,5122
2497,29035
2497,16868
2497,29036
2497,11151
2497,4715
2497,26285
2497,29037
2497,29038
2497,29039
2497,3427
2497,29040
2497,21197
2497,5979
2497,29041
2497,29042
2497,29043
2497,29044
2497,7756
2497,29045
2497,3504
2497,13337
2497,20323
2497,19015
2497,29046
2497,10424
2497,13338
2497,19290
2497,13211
2497,15700
2497,28714
2497,29047
2497,9374
2497,29048
2497,9650
2497,3603
2497,29049
2497,22917
2497,29050
2497,13216
2497,13339
2497,29051
2497,29052
2497,29053
2497,20631
2497,5371
2497,29054
2497,7048
2497,29055
2497,13220
2497,3524
2497,29056
2497,29057
2497,6976
2497,29058
2497,22052
2497,29059
2497,20325
2497,9376
2497,29060
2497,13229
2497,29061
2497,29062
2497,22919
2497,7228
2497,24751
2497,13232
2497,29063
2497,13233
2497,29064
2497,29065
2497,12050
2497,9998
2497,6977
2497,5986
2497,5746
2497,9668
2497,29066
2497,29067
2497,29068
2497,3891
2497,8898
2497,27648
2497,13241
2497,29069
2497,26403
2497,3947
2497,29070
2497,7732
2497,29071
2497,26064
2497,19538
2497,27694
2497,6721
2497,5483
2497,19016
2497,4754
2497,29072
2497,29073
2497,29074
2497,29075
2497,4755
2497,5586
2497,29076
2497,12825
2497,7759
2497,4102
2497,29077
2497,21836
2497,29078
2497,29079
2497,29080
2497,5749
2497,29081
2497,13243
2497,8901
2497,4720
2497,4582
2497,6243
2497,29082
2497,29083
2497,6712
2497,11861
2497,29084
2497,29085
2497,29086
2497,5086
2497,6443
2497,21862
2497,4301
2497,13245
2497,29087
2497,27823
2497,6445
2497,4359
2497,8905
2497,18301
2497,9340
2497,4368
2497,20328
2497,8907
2497,11156
2497,29088
2497,18506
2497,16233
2497,7580
2497,19542
2497,18001
2497,29089
2497,6292
2497,29090
2497,29091
2497,4466
2497,10410
2497,9383
2497,29092
2497,10395
2497,29093
2497,8915
2497,6294
2497,5981
2497,5780
2497,18015
2497,4868
2497,6247
2497,29094
2497,5302
2497,29095
2497,29096
2497,4761
2497,5987
2497,8917
2497,29097
2497,6659
2497,5463
2497,10397
2497,4681
2497,5269
2497,5304
2497,4599
2497,5305
2497,29098
2497,29099
2497,29100
2497,29101
2497,29102
2497,29103
2497,29104
2497,19890
2497,20332
2497,29105
2497,29106
2497,29107
2497,4805
2497,26870
2497,29108
2497,29109
2497,29110
2497,4768
2497,29111
2497,29112
2497,4729
2497,12297
2497,14068
2498,29113
2498,12504
2498,14667
2498,5341
2498,5342
2498,29114
2498,5290
2498,29115
2498,4922
2498,6476
2498,6172
2498,2923
2498,24166
2498,11942
2498,10080
2498,6479
2498,29116
2498,5122
2498,29117
2498,5979
2498,5344
2498,29118
2498,29119
2498,5124
2498,29120
2498,18357
2498,29121
2498,5905
2498,29122
2498,24169
2498,7200
2498,29123
2498,24170
2498,3981
2498,18718
2498,5908
2498,29124
2498,29125
2498,4720
2498,24174
2498,16963
2498,24176
2498,7207
2498,11924
2498,11925
2498,29126
2498,29127
2498,11926
2498,29128
2498,29129
2498,29130
2498,29131
2498,29099
2498,29132
2498,29133
2498,29134
2499,29135
2499,2987
2499,29136
2499,7053
2499,4359
2499,9246
2499,4677
2499,29137
2499,7111
2500,29138
2500,29139
2500,29140
2500,26934
2500,29141
2500,29142
2500,26936
2500,29143
2500,29144
2500,29145
2500,29146
2500,15732
2500,27447
2500,4681
2500,7739
2522,7758
2522,29147
2522,29148
2522,29149
2522,27504
2522,29150
2522,29151
2522,29152
2522,27594
2522,4306
2522,5054
2522,29153
2522,9343
2522,9345
2522,29154
2522,4868
2522,6248
2522,9256
2522,24950
2522,11424
2522,4681
2522,7100
2522,29155
2522,29156
2522,4599
2522,5538
2522,27847
2522,9460
2522,5553
2522,6079
2522,4910
2522,29157
2522,5898
2522,5064
2522,4603
2546,29158
2546,29159
2546,29160
2546,3498
2546,29161
2546,4629
2546,22136
2546,4631
2546,29162
2546,9766
2546,4632
2546,22140
2546,29163
2546,29164
2546,4638
2546,4639
2546,29165
2546,29166
2546,29167
2546,29168
2561,29169
2561,6059
2561,29170
2561,29171
2561,29172
2561,29173
2561,29174
2561,29175
2561,29176
2561,29177
2561,29178
2561,29179
2561,29180
2561,29181
2561,29182
2561,29183
2561,29184
2561,29185
2561,29186
2561,29187
2561,29188
2561,6906
2561,29189
2561,29190
2561,17789
2561,12544
2561,29191
2561,29192
2561,29193
2561,29194
2561,29195
2561,29196
2561,29197
2561,24267
2561,6909
2561,29198
2561,29199
2561,29200
2561,29201
2561,29202
2561,29203
2561,29204
2561,29205
2561,29206
2561,29207
2561,12554
2561,29208
2561,12064
2561,29209
2561,14253
2561,29210
2561,29211
2561,4679
2561,29212
2561,16395
2561,29213
2561,29214
2561,29215
2561,17798
2561,4950
2561,29216
2561,14254
2561,5973
2561,29217
2561,29218
2561,6598
2561,5537
2561,7100
2561,29219
2561,5827
2561,17802
2561,29220
2561,18598
2561,29221
2561,4910
2561,29222
2561,29223
2561,29224
2561,29225
2561,14315
2561,29226
2561,29227
2561,11427
2561,29228
2561,29229
2561,29230
2561,29231
2561,29232
2561,29233
2561,29234
2561,7436
2561,7437
2561,29235
2570,29236
2570,25925
2570,29237
2570,17973
2570,29238
2570,29239
2570,29240
2570,29241
2570,29242
2570,29243
2570,28622
2570,29244
2570,29245
2570,14461
2570,17987
2570,29246
2570,21866
2570,4323
2570,29247
2570,29248
2570,29249
2570,29250
2570,29251
2570,26556
2570,29252
2570,9345
2570,5600
2570,29253
2570,29254
2570,25463
2570,7509
2570,29255
2570,16131
2570,17933
2570,21106
2570,4868
2570,14285
2570,8412
2570,29256
2570,6248
2570,14558
2570,29257
2570,4698
2570,21938
2570,4681
2570,4785
2570,4787
2570,4599
2570,20668
2570,5486
2570,29258
2570,21966
2570,29259
2570,29260
2570,29261
2570,29262
2570,27689
2570,27862
2662,29263
2662,29264
2662,29265
2662,13089
2662,29266
2662,29267
2662,4010
2662,29268
2662,29269
2662,11912
2662,12056
2662,5261
2662,29270
2662,4452
2662,16125
2662,4454
2662,24017
2662,6724
2662,12062
2662,29271
2662,15923
2662,29272
2662,29273
2662,21278
2662,4904
2662,7788
2662,11747
2662,26798
2662,12066
2662,15496
2662,4698
2662,23377
2662,5355
2662,6498
2662,29274
2662,11886
2662,29275
2662,4681
2662,29276
2662,15497
2662,29277
2662,4599
2662,29278
2662,6728
2662,5553
2662,29279
2662,5610
2662,29280
2662,5249
2662,29281
2662,29282
2662,29283
2662,29284
2662,29285
2662,29286
2662,24967
2662,12226
2662,29287
2662,29288
2694,29289
2694,3625
2694,29290
2694,29291
2694,29292
2694,29293
2694,29294
2694,3993
2694,29295
2694,29296
2694,29297
2694,29298
2694,29299
2694,29300
2694,29301
2694,29302
2694,4696
2694,17768
2694,28494
2694,4359
2694,12438
2694,24382
2694,29303
2694,29304
2694,29305
2694,29306
2694,29307
2694,29308
2694,29309
2694,29310
2694,26535
2694,28519
2694,29311
2694,26539
2694,29312
2694,9688
2694,4599
2694,5827
2694,7208
2694,29313
2694,29314
2694,4729
2694,4768
2790,3112
2790,17304
2790,29315
2790,29316
2790,29317
2790,29318
2790,21609
2790,7419
2790,29319
2790,29320
2791,2626
2791,2742
2791,3571
2791,3611
2791,3893
2791,3923
2791,29321
2791,4176
2791,5589
2791,27532
2791,4696
2791,4393
2791,4777
2791,11156
2791,29322
2791,4410
2791,4778
2791,15922
2791,4676
2791,4779
2791,17933
2791,5301
2791,8412
2791,17934
2791,4678
2791,4783
2791,4595
2791,11919
2791,4698
2791,4681
2791,4785
2791,4787
2791,5464
2791,4599
2791,5609
2791,4600
2791,5990
2791,16206
2791,12615
2791,4805
2791,29323
2791,29324
2791,6603
2792,29325
2792,9289
2792,9591
2792,29326
2792,29327
2792,29328
2792,9305
2792,8412
2792,4677
2792,4678
2792,29329
2792,9307
2792,29330
2792,4599
2792,9132
2792,4701
2792,29331
2792,29332
2792,29333
2792,4805
2792,4768
2793,29334
2793,29335
2793,29336
2793,29337
2793,29338
2793,7228
2793,29339
2793,29340
2793,22161
2793,29341
2793,29342
2793,29343
2793,7230
2793,29344
2793,4985
2793,12438
2793,18091
2793,6448
2793,13132
2793,4768
2793,4729
2793,20147
2794,29345
2794,29346
2794,21693
2794,7455
2794,29347
2794,29348
2794,29349
2794,5560
2794,12434
2794,20519
2794,12435
2794,5563
2794,21697
2794,9406
2794,29350
2794,29351
2794,10741
2794,25688
2794,4377
2794,21698
2794,20181
2794,29352
2794,4508
2794,5351
2794,29353
2794,4593
2794,9410
2794,4698
2794,5564
2794,6839
2794,11472
2794,15472
2794,4599
2794,4701
2794,29354
2794,29355
2794,29356
2795,10325
2795,29357
2795,29358
2795,29359
2795,29360
2795,4696
2795,29361
2795,22275
2795,29362
2795,29363
2795,29364
2795,29365
2795,29366
2795,29367
2795,22279
2795,13735
2795,29368
2795,29369
2795,5057
2795,29370
2795,29371
2795,6182
2795,29372
2795,29373
2795,4599
2795,29374
2795,29375
2795,29376
2795,25800
2795,13744
2795,29377
2795,29378
2795,17586
2795,7432
2795,10973
2795,29379
2795,29380
2795,29381
2795,29382
2795,29383
2795,29384
2795,10977
2796,29385
2796,29386
2796,29387
2796,29388
2796,29389
2796,29390
2796,4696
2796,5261
2796,29391
2796,29392
2796,7698
2796,5827
2796,29393
2796,29394
2796,29395
2796,29396
2796,5785
2796,10772
2796,29397
2796,29398
2797,2998
2797,29399
2797,10656
2797,29400
2797,29401
2797,23983
2797,29402
2797,24569
2797,29403
2797,4671
2797,29404
2797,14179
2797,3286
2797,4557
2797,3303
2797,29405
2797,14180
2797,29406
2797,8329
2797,14181
2797,5164
2797,23988
2797,10624
2797,4563
2797,10660
2797,4564
2797,29407
2797,4672
2797,29408
2797,3571
2797,29409
2797,3613
2797,10478
2797,10661
2797,14183
2797,23991
2797,23992
2797,10042
2797,29410
2797,3923
2797,4577
2797,10482
2797,10662
2797,15905
2797,4696
2797,23997
2797,10663
2797,4587
2797,4590
2797,10664
2797,14903
2797,29411
2797,4594
2797,4677
2797,4595
2797,6971
2797,9257
2797,4787
2797,4699
2797,4599
2797,29412
2798,3244
2798,29413
2798,29414
2798,29415
2798,7228
2798,26692
2798,29416
2798,29417
2798,29418
2798,29419
2798,29420
2798,29421
2798,29422
2798,29423
2798,29424
2798,29425
2798,29426
2798,29427
2798,4768
2798,29428
2798,29429
2798,29430
2799,29431
2799,29432
2799,14724
2799,29433
2799,14737
2799,14738
2799,3921
2799,14744
2799,10589
2799,29434
2799,14747
2799,9244
2799,4268
2799,14751
2799,4696
2799,14753
2799,10006
2799,29435
2799,14757
2799,5971
2799,29436
2799,9256
2799,14759
2799,14761
2799,4681
2799,5827
2799,14388
2799,14775
2799,14776
2800,8502
2800,29437
2800,15779
2800,19913
2800,29438
2800,15783
2800,29439
2800,16446
2800,29440
2800,4599
2800,15788
2801,29441
2801,26628
2801,29442
2801,26629
2801,11299
2801,26630
2801,26631
2801,26632
2801,26633
2801,26634
2801,3846
2801,21329
2801,29443
2801,26637
2801,4753
2801,26638
2801,26639
2801,29444
2801,26641
2801,26644
2801,4582
2801,26645
2801,26646
2801,26647
2801,26648
2801,26649
2801,26650
2801,26653
2801,26654
2801,26655
2801,26656
2801,12401
2801,26658
2801,26659
2801,4595
2801,8036
2801,4681
2801,26660
2801,6600
2801,4787
2801,26661
2801,5609
2801,29445
2801,29446
2801,26663
2801,4603
2802,29447
2802,3342
2802,29448
2802,13573
2802,29449
2802,10325
2802,3682
2802,29450
2802,27456
2802,3735
2802,3780
2802,3801
2802,29451
2802,10326
2802,18826
2802,3988
2802,24344
2802,3918
2802,4030
2802,3995
2802,8610
2802,29452
2802,4202
2802,29453
2802,7783
2802,29454
2802,4303
2802,29455
2802,29456
2802,29457
2802,4428
2802,4458
2802,4486
2802,4499
2802,10122
2802,17567
2802,7425
2802,7426
2802,9413
2802,5378
2802,29458
2802,29459
2802,4599
2802,15756
2802,4543
2802,29460
2802,15758
2802,10332
2802,11071
2802,29461
2802,10333
2802,29462
2802,10335
2802,18837
2802,29463
2802,29464
2802,29465
2803,29466
2803,29467
2803,29468
2803,29469
2803,29470
2803,29471
2803,29472
2803,29473
2803,29474
2803,4189
2803,29475
2803,29476
2803,29477
2803,29478
2803,29479
2803,29480
2803,21205
2803,29481
2803,5261
2803,29482
2803,29483
2803,29484
2803,19324
2803,29485
2803,21277
2803,5970
2803,29486
2803,29487
2803,29488
2803,29489
2803,29490
2803,29491
2803,18581
2803,4868
2803,7789
2803,29492
2803,6249
2803,12419
2803,29493
2803,5987
2803,29494
2803,29495
2803,18833
2803,13130
2803,5269
2803,5304
2803,29496
2803,29497
2803,4599
2803,4543
2803,9351
2803,29498
2803,29499
2803,29500
2803,29501
2803,29502
2803,25702
2803,29503
2803,29504
2803,29505
2803,5249
2803,29506
2803,29507
2803,29508
2803,29509
2803,29510
2803,29511
2805,29512
2805,29513
2805,29514
2805,29515
2805,29516
2805,29517
2805,29518
2805,29519
2805,29520
2805,29521
2805,5231
2805,29522
2805,3812
2805,29523
2805,29524
2805,29525
2805,21562
2805,29526
2805,29527
2805,29528
2805,4755
2805,5966
2805,29529
2805,29530
2805,29531
2805,29532
2805,29533
2805,29534
2805,5239
2805,29535
2805,29536
2805,29537
2805,29538
2805,29539
2805,29540
2805,29541
2805,29542
2805,9872
2805,17792
2805,10769
2805,5245
2805,29543
2805,5972
2805,29544
2805,29545
2805,16806
2805,29546
2805,11886
2805,4681
2805,4599
2805,5827
2805,7103
2805,4871
2805,5553
2805,29547
2805,16669
2805,29548
2805,29549
2805,24744
2805,29550
2805,29551
2805,29552
2805,29553
2805,29554
2805,4805
2805,7112
2805,5064
2806,29555
2806,29556
2806,29557
2806,29558
2806,29559
2806,29560
2806,29561
2806,29562
2806,29563
2806,29564
2806,29565
2806,29566
2806,29567
2806,10114
2806,29568
2806,29569
2806,29570
2806,29571
2806,29572
2806,29573
2806,29574
2806,29575
2806,29576
2806,29577
2806,29578
2806,29579
2806,29580
2806,6724
2806,29581
2806,26034
2806,7668
2806,29582
2806,21334
2806,29583
2806,29584
2806,4681
2806,29585
2806,4599
2806,5827
2806,29586
2806,29587
2806,29588
2806,29589
2806,29590
2806,29591
2807,29592
2807,3139
2807,3154
2807,3164
2807,3174
2807,29593
2807,4883
2807,29594
2807,6490
2807,3343
2807,6491
2807,11903
2807,3475
2807,22017
2807,21736
2807,5123
2807,17404
2807,24957
2807,6494
2807,4750
2807,3598
2807,13216
2807,15241
2807,18951
2807,7758
2807,25276
2807,5172
2807,3859
2807,6002
2807,5483
2807,4010
2807,4755
2807,5692
2807,4368
2807,4393
2807,12160
2807,29595
2807,7580
2807,5088
2807,10705
2807,4437
2807,4439
2807,4446
2807,10343
2807,15337
2807,4677
2807,4761
2807,4595
2807,6497
2807,4681
2807,4599
2807,4543
2807,5539
2807,5609
2807,29596
2807,4805
2807,29109
2807,4768
2808,13687
2808,29597
2808,29598
2808,29599
2808,29600
2808,29601
2808,20752
2808,7230
2808,29602
2808,29603
2808,7232
2808,16439
2808,29604
2808,29605
2808,29606
2808,29607
2808,29608
2808,27610
2808,6384
2809,3051
2809,3118
2809,6857
2809,3514
2809,3557
2809,3711
2809,29609
2809,3826
2809,3830
2809,29610
2809,3871
2809,9337
2809,27427
2809,24798
2809,4019
2809,22092
2809,4211
2809,4305
2809,4306
2809,5054
2809,5530
2809,12720
2809,22563
2809,29611
2809,11778
2809,9342
2809,4420
2809,9343
2809,29612
2809,6878
2809,11781
2809,29613
2809,29614
2809,12750
2809,5493
2809,4698
2809,4643
2809,4681
2809,15759
2809,5898
2809,5063
2809,11437
2809,5064
2810,29615
2810,3519
2810,29616
2810,3789
2810,5986
2810,3947
2810,29617
2810,4189
2810,4198
2810,29618
2810,29619
2810,4234
2810,29620
2810,4326
2810,4349
2810,4358
2810,4393
2810,4410
2810,29595
2810,7167
2810,4437
2810,4439
2810,4446
2810,29621
2810,7424
2810,15510
2810,6278
2810,18581
2810,4868
2810,5246
2810,5485
2810,7698
2810,7427
2810,4698
2810,6076
2810,6077
2810,27493
2810,4643
2810,18833
2810,4681
2810,5269
2810,4599
2810,12069
2810,4543
2810,5553
2810,13811
2810,4910
2810,17179
2810,5249
2810,21966
2810,12071
2810,5063
2810,5064
2810,4603
2810,21701
2811,3198
2811,29622
2811,29623
2811,3531
2811,29624
2811,21174
2811,3587
2811,28050
2811,29625
2811,29626
2811,29627
2811,3622
2811,3651
2811,29628
2811,29629
2811,3710
2811,3732
2811,29630
2811,29631
2811,29632
2811,26820
2811,29633
2811,29634
2811,24862
2811,24588
2811,3829
2811,29635
2811,3836
2811,3847
2811,3875
2811,3922
2811,29636
2811,3975
2811,4027
2811,4026
2811,24816
2811,4036
2811,13490
2811,29637
2811,4110
2811,4115
2811,29638
2811,29639
2811,7782
2811,29640
2811,29641
2811,6310
2811,6562
2811,11617
2811,29642
2811,29643
2811,4216
2811,4237
2811,29644
2811,11773
2811,4253
2811,4258
2811,9244
2811,4267
2811,24974
2811,29645
2811,4280
2811,29646
2811,4696
2811,29647
2811,28066
2811,4333
2811,4337
2811,8615
2811,4372
2811,29648
2811,4381
2811,29649
2811,4393
2811,4399
2811,29456
2811,5547
2811,25586
2811,29650
2811,4427
2811,29651
2811,4439
2811,4446
2811,29652
2811,21000
2811,29653
2811,22547
2811,4466
2811,29654
2811,6126
2811,4479
2811,29655
2811,4508
2811,29656
2811,21917
2811,13497
2811,29657
2811,4593
2811,28070
2811,29658
2811,8412
2811,21310
2811,29659
2811,26034
2811,7788
2811,5485
2811,7126
2811,4679
2811,7127
2811,29660
2811,4698
2811,6839
2811,6799
2811,16347
2811,26785
2811,7129
2811,4681
2811,13590
2811,29661
2811,4599
2811,4543
2811,22548
2811,29662
2811,24178
2811,29663
2811,29664
2811,6136
2811,5064
2811,26793
2811,4603
2811,8362
2812,29665
2812,4671
2812,10658
2812,10659
2812,4564
2812,22018
2812,4673
2812,29666
2812,29667
2812,29668
2812,29669
2812,29670
2812,4577
2812,29671
2812,22947
2812,22948
2812,22950
2812,29672
2812,27857
2812,29673
2812,10482
2812,29674
2812,4237
2812,29675
2812,11007
2812,29676
2812,29677
2812,5261
2812,29678
2812,5181
2812,4453
2812,4454
2812,22955
2812,6586
2812,8271
2812,29679
2812,4677
2812,29680
2812,8336
2812,10378
2812,4599
2812,4543
2812,6500
2812,26049
2812,29681
2812,29682
2812,29323
2812,10387
2813,29683
2813,29684
2813,29685
2813,29686
2813,29687
2813,29688
2813,29689
2813,29690
2813,29691
2813,29692
2813,29693
2813,29694
2813,29695
2813,4189
2813,29696
2813,29697
2813,29698
2813,29699
2813,6696
2813,29700
2813,29701
2813,29702
2813,29703
2813,29704
2813,15792
2813,29705
2813,29706
2813,29707
2813,18893
2813,29708
2813,5827
2813,29709
2813,5539
2813,29710
2813,29711
2813,29712
2813,29713
2813,6335
2813,29714
2813,10051
2813,29715
2813,29716
2814,26447
2814,3064
2814,26283
2814,3217
2814,29717
2814,26449
2814,3380
2814,29718
2814,29719
2814,29720
2814,13120
2814,29721
2814,8061
2814,7228
2814,3801
2814,7230
2814,4206
2814,13129
2814,7513
2814,16347
2814,29722
2814,13130
2814,13132
2814,10948
2815,6562
2815,10741
2815,29723
2815,29724
2815,14834
2815,4595
2815,29213
2815,4681
2815,29725
2815,5464
2815,4599
2815,29726
2815,29727
2815,29728
2815,29729
2815,29730
2815,29731
2815,29732
2816,29733
2816,29734
2816,29735
2816,29736
2816,29737
2816,29738
2816,29739
2816,29740
2816,29741
2816,8670
2816,21696
2816,29742
2816,29743
2816,15696
2816,29744
2816,4149
2816,29745
2816,4189
2816,4248
2816,4267
2816,29746
2816,11343
2816,29747
2816,4377
2816,29748
2816,29749
2816,29750
2816,3813
2816,8685
2816,14019
2816,22657
2816,29751
2816,4458
2816,4466
2816,25462
2816,5602
2816,6566
2816,28359
2816,9687
2816,7360
2816,4681
2816,7100
2816,29752
2816,4599
2816,29753
2816,7111
2816,29754
2816,29755
2816,4768
2817,29756
2817,8478
2817,29757
2817,8479
2817,25841
2817,5528
2817,4066
2817,25189
2817,8482
2817,5530
2817,6565
2817,29758
2817,20060
2817,13807
2817,12749
2817,4677
2817,12750
2817,6971
2817,5056
2817,29759
2817,5057
2817,17487
2817,4599
2817,5404
2817,29760
2817,8497
2818,29761
2818,29762
2818,21753
2818,21561
2818,29763
2818,11404
2818,29764
2818,23596
2818,29765
2818,16573
2818,9595
2818,15449
2818,11414
2818,15451
2818,29766
2818,13910
2818,15452
2818,29767
2818,9599
2818,6878
2818,13911
2818,7406
2818,29768
2818,9601
2818,29769
2818,5403
2818,4599
2818,29770
2818,29771
2819,29772
2819,29773
2819,29774
2819,29775
2819,29776
2819,29777
2819,29778
2819,29779
2819,29780
2819,29781
2819,29782
2819,29783
2819,29784
2819,29785
2819,29786
2819,29787
2819,29788
2819,29789
2819,29790
2819,29791
2819,29792
2819,29793
2819,4189
2819,29794
2819,29795
2819,29796
2819,22587
2819,29797
2819,5086
2819,29798
2819,29799
2819,4359
2819,4368
2819,4377
2819,29800
2819,29801
2819,29802
2819,29803
2819,6452
2819,29804
2819,19616
2819,29805
2819,29806
2819,29807
2819,29808
2819,29809
2819,29810
2819,29811
2819,29812
2819,29813
2819,19622
2819,29814
2819,29815
2819,29816
2819,29817
2819,29818
2819,4599
2819,29819
2819,29820
2819,29821
2819,29822
2819,29823
2819,29824
2819,29825
2819,29826
2819,29827
2819,29828
2819,29829
2819,29830
2819,4768
2819,29831
2819,29832
2819,29833
2819,29834
2819,26546
2819,29835
2819,29836
2819,29837
2820,21519
2820,6491
2820,29838
2820,19207
2820,19857
2820,20040
2820,25121
2820,13236
2820,21527
2820,4753
2820,5483
2820,4755
2820,4696
2820,12160
2820,7580
2820,14515
2820,6318
2820,20059
2820,15054
2820,4869
2820,15065
2820,4951
2820,4599
2820,5058
2820,22334
2820,4910
2820,29839
2820,21544
2820,21546
2820,29840
2821,3279
2821,7300
2821,9376
2821,19538
2821,27694
2821,5483
2821,29841
2821,29842
2821,4755
2821,29843
2821,4090
2821,29844
2821,29845
2821,4720
2821,4239
2821,6712
2821,29846
2821,5086
2821,6443
2821,29847
2821,4985
2821,6445
2821,4355
2821,4359
2821,4368
2821,20328
2821,4377
2821,29848
2821,18001
2821,6452
2821,5981
2821,4761
2821,21932
2821,4599
2821,29849
2821,4805
2821,4768
2821,7272
2821,29850
2822,3177
2822,3424
2822,3432
2822,3523
2822,3560
2822,29851
2822,5544
2822,29852
2822,3789
2822,3791
2822,29853
2822,3908
2822,29854
2822,16919
2822,3982
2822,4001
2822,29855
2822,29856
2822,4186
2822,4194
2822,4198
2822,14489
2822,4280
2822,4349
2822,29857
2822,4411
2822,29858
2822,5261
2822,4421
2822,7167
2822,7694
2822,4439
2822,29859
2822,7696
2822,5246
2822,5485
2822,7698
2822,4679
2822,4698
2822,5973
2822,4681
2822,4599
2822,4543
2822,4701
2822,5249
2823,3102
2823,29860
2823,5581
2823,14182
2823,15088
2823,29861
2823,15089
2823,29862
2823,6002
2823,5586
2823,4189
2823,4582
2823,5086
2823,28910
2823,4368
2823,4761
2823,4681
2823,4787
2823,4599
2823,5609
2823,5249
2823,4805
2823,29863
2823,4768
2824,29864
2824,29865
2824,3263
2824,7081
2824,3400
2824,29866
2824,5231
2824,3775
2824,3781
2824,10115
2824,29867
2824,18314
2824,4090
2824,5237
2824,7052
2824,5240
2824,4359
2824,4439
2824,4508
2824,29582
2824,7099
2824,4681
2824,5269
2824,4599
2824,4543
2824,7103
2824,5035
2824,5991
2824,7112
2824,4768
2825,4659
2825,13158
2825,5076
2825,5080
2825,29868
2825,5117
2825,2819
2825,4972
2825,14988
2825,5738
2825,2957
2825,7678
2825,29869
2825,5739
2825,24978
2825,3102
2825,11665
2825,29870
2825,5480
2825,12711
2825,3427
2825,13207
2825,17404
2825,13210
2825,3560
2825,13213
2825,4750
2825,12637
2825,3758
2825,19857
2825,3791
2825,7758
2825,13233
2825,29871
2825,12051
2825,5172
2825,5771
2825,5481
2825,4753
2825,16919
2825,5483
2825,4755
2825,4757
2825,26672
2825,4696
2825,4428
2825,4458
2825,26675
2825,4761
2825,7514
2825,4599
2825,29872
2825,5539
2825,29873
2825,29874
2825,29596
2825,29875
2825,29876
2826,26321
2826,29877
2826,26324
2826,26325
2826,29878
2826,26327
2826,26328
2826,27709
2826,29879
2826,5935
2826,29880
2826,29881
2826,4775
2826,29882
2826,29883
2826,5878
2826,5879
2826,29884
2826,5938
2826,4369
2826,4393
2826,29885
2826,20717
2826,4437
2826,5882
2826,29886
2826,5883
2826,29887
2826,26338
2826,29888
2826,13584
2826,29889
2826,8188
2826,29890
2826,9252
2826,7426
2826,29891
2826,4698
2826,6726
2826,26341
2826,21638
2826,4599
2826,5538
2826,5827
2826,4543
2826,29892
2826,29893
2826,29894
2827,29895
2827,29896
2827,29897
2827,7385
2827,29898
2827,29899
2827,6860
2827,29900
2827,29901
2827,19305
2827,29902
2827,10715
2827,7391
2827,29903
2827,19310
2827,29904
2827,29905
2827,24624
2827,29906
2827,29907
2827,29908
2827,19080
2827,15448
2827,29909
2827,21092
2827,29910
2827,5398
2827,21093
2827,9598
2827,11417
2827,13910
2827,29911
2827,27252
2827,5399
2827,8188
2827,29912
2827,15510
2827,29913
2827,29914
2827,5403
2827,4681
2827,29915
2827,29916
2827,29917
2827,29918
2827,5064
2827,4603
2827,8362
2828,29022
2828,16868
2828,7457
2828,9650
2828,3624
2828,3655
2828,20631
2828,3735
2828,3793
2828,8897
2828,3849
2828,29919
2828,6002
2828,4042
2828,4046
2828,7417
2828,17069
2828,4720
2828,6243
2828,6712
2828,11861
2828,9671
2828,5086
2828,7052
2828,4289
2828,4985
2828,29920
2828,4355
2828,4359
2828,4358
2828,29921
2828,29922
2828,6978
2828,4368
2828,4377
2828,6672
2828,19542
2828,4428
2828,6452
2828,4458
2828,6246
2828,17840
2828,7468
2828,5981
2828,4513
2828,5302
2828,17220
2828,4761
2828,7099
2828,5353
2828,6980
2828,5269
2828,6981
2828,5304
2828,4599
2828,5827
2828,4543
2828,7475
2828,4768
2828,19447
2828,4729
2828,10092
2828,17946
2828,26808
2828,29923
2828,7113
2828,29924
2828,5358
2828,29925
2829,29926
2829,29927
2829,25428
2829,29928
2829,29929
2829,29930
2829,16802
2829,29931
2829,29932
2829,18220
2829,4677
2829,29933
2829,29934
2829,29935
2829,29368
2829,29936
2829,29937
2829,29370
2829,5827
2829,29938
2829,29939
2829,29940
2829,29941
2829,29942
2829,4844
2829,29943
2829,29944
2829,29945
2829,29946
2829,29947
2829,29948
2829,29949
2829,29950
2829,10971
2829,29951
2829,29952
2829,29953
2829,29954
2829,29955
2829,29956
2829,10977
2830,29957
2830,29958
2830,29959
2830,29960
2830,29961
2830,3615
2830,29962
2830,29963
2830,29964
2830,29965
2830,29966
2830,29967
2830,29968
2830,29969
2830,29970
2830,29971
2830,29972
2830,29973
2830,29974
2830,29975
2830,29976
2830,15492
2830,29977
2830,28856
2830,4393
2830,5181
2830,29978
2830,29979
2830,29980
2830,29981
2830,5184
2830,5057
2830,6728
2830,20668
2830,5609
2830,29982
2831,23960
2831,22383
2831,29983
2831,22384
2831,22385
2831,29984
2831,6857
2831,28377
2831,23963
2831,28378
2831,23468
2831,29985
2831,3826
2831,29986
2831,4211
2831,4306
2831,5054
2831,4696
2831,9342
2831,9343
2831,5883
2831,4524
2831,5485
2831,4681
2831,4599
2831,5538
2831,4910
2831,28382
2831,23973
2831,4768
2831,5898
2831,5064
2832,29987
2832,29988
2832,4225
2832,6712
2832,7053
2832,29989
2832,10964
2832,6452
2832,29990
2832,15783
2832,29991
2832,29992
2832,4677
2832,29993
2832,5485
2832,29994
2832,11352
2832,4599
2832,4543
2832,29995
2833,29996
2833,29997
2833,5046
2833,29998
2833,29999
2833,30000
2833,23912
2833,22679
2833,30001
2833,30002
2833,30003
2833,6960
2833,30004
2833,23915
2833,23916
2833,5528
2833,30005
2833,23918
2833,10961
2833,23919
2833,30006
2833,30007
2833,30008
2833,6562
2833,4231
2833,5053
2833,4252
2833,23923
2833,20048
2833,26968
2833,20053
2833,30009
2833,4327
2833,21248
2833,5530
2833,17630
2833,6657
2833,15044
2833,4415
2833,6565
2833,7660
2833,15493
2833,10120
2833,22658
2833,13733
2833,20060
2833,27732
2833,5532
2833,6970
2833,12593
2833,4678
2833,15060
2833,11781
2833,12751
2833,6971
2833,5057
2833,7471
2833,4681
2833,7100
2833,4599
2833,11071
2833,30010
2833,23931
2833,5064
2834,30011
2834,30012
2834,30013
2834,22193
2834,30014
2834,30015
2834,30016
2834,30017
2834,30018
2834,30019
2834,30020
2834,30021
2834,30022
2834,30023
2834,30024
2834,30025
2834,30026
2834,30027
2834,30028
2834,4758
2834,12719
2834,30029
2834,30030
2834,30031
2834,30032
2834,4904
2834,30033
2834,30034
2834,30035
2834,6726
2834,7428
2834,30036
2834,30037
2834,6498
2834,30038
2834,4681
2834,4906
2834,30039
2834,5464
2834,4599
2834,6728
2834,30040
2834,4701
2834,30041
2834,30042
2834,30043
2834,30044
2834,30045
2834,5610
2834,30046
2834,30047
2834,30048
2834,30049
2834,30050
2835,30051
2835,30052
2835,10259
2835,30053
2835,30054
2835,30055
2835,30056
2835,30057
2835,3857
2835,10261
2835,3921
2835,30058
2835,3950
2835,3981
2835,4058
2835,4127
2835,30059
2835,30060
2835,6562
2835,4234
2835,30061
2835,4286
2835,10263
2835,4411
2835,3813
2835,4421
2835,30062
2835,4499
2835,4508
2835,10267
2835,4593
2835,7426
2835,14023
2835,4679
2835,22414
2835,4698
2835,4643
2835,7100
2835,7793
2835,4599
2835,4543
2835,30063
2835,4701
2835,30064
2835,6777
2835,30065
2835,30066
2835,5249
2835,29354
2835,30067
2835,30068
2835,30069
2835,5007
2835,30070
2835,16355
2835,30071
2835,30072
2835,6569
2835,30073
2835,10275
2835,16208
2835,5064
2835,27677
2835,30074
2835,30075
2835,30076
2835,22187
2836,30077
2836,30078
2836,30079
2836,30080
2836,30081
2836,30082
2836,30083
2836,30084
2836,30085
2836,30086
2836,30087
2836,3424
2836,30088
2836,3522
2836,3523
2836,3573
2836,30089
2836,30090
2836,3878
2836,4067
2836,30091
2836,30092
2836,30093
2836,30094
2836,5054
2836,16660
2836,30095
2836,30096
2836,4508
2836,30097
2836,30098
2836,4599
2836,30099
2836,30100
2836,30101
2836,30102
2836,30103
2836,30104
2836,30105
2837,2998
2837,30106
2837,30107
2837,30108
2837,30109
2837,30110
2837,30111
2837,30112
2837,25868
2837,5164
2837,30113
2837,25179
2837,30114
2837,30115
2837,30116
2837,26926
2837,30117
2837,30118
2837,30119
2837,30120
2837,18121
2837,24522
2837,30121
2837,30122
2837,5586
2837,30123
2837,4189
2837,30124
2837,11910
2837,30125
2837,6696
2837,30126
2837,16106
2837,6377
2837,30127
2837,4761
2837,4595
2837,4681
2837,30128
2837,4599
2837,4682
2837,4805
2838,30129
2838,30130
2838,30131
2838,30132
2838,30133
2838,30134
2838,14015
2838,30135
2838,30136
2838,30137
2838,30138
2838,30139
2838,30140
2838,7580
2838,30141
2838,30142
2838,4482
2838,30143
2838,5970
2838,30144
2838,8915
2838,30145
2838,4698
2838,30146
2838,4681
2838,4599
2838,4543
2838,5553
2838,30147
2838,30148
2838,30149
2838,30150
2838,30151
2838,30152
2838,30153
2838,4684
2838,30154
2838,30155
2838,30156
2838,30157
2838,8362
2840,30158
2840,30159
2840,30160
2840,26063
2840,30161
2840,5871
2840,8750
2840,30162
2840,30163
2840,30164
2840,30165
2840,3783
2840,30166
2840,3859
2840,8093
2840,30167
2840,27700
2840,8758
2840,30168
2840,22833
2840,30169
2840,30170
2840,30171
2840,30172
2840,30173
2840,30174
2840,30175
2840,30176
2840,30177
2840,30178
2840,30179
2840,30180
2840,30181
2840,30182
2840,24505
2840,4698
2840,30183
2840,6498
2840,30184
2840,4543
2840,5553
2840,30185
2840,30186
2840,4910
2840,30187
2840,30188
2841,30189
2841,30190
2841,30191
2841,28422
2841,30192
2841,3422
2841,21753
2841,6860
2841,21754
2841,25115
2841,12716
2841,9588
2841,3726
2841,17784
2841,3823
2841,6867
2841,10261
2841,8728
2841,7394
2841,6067
2841,30193
2841,20105
2841,4185
2841,15448
2841,14277
2841,7398
2841,9594
2841,11413
2841,9595
2841,15449
2841,4282
2841,21762
2841,17877
2841,7401
2841,4696
2841,6069
2841,30194
2841,30195
2841,5398
2841,4356
2841,21093
2841,7402
2841,13910
2841,5696
2841,9147
2841,5242
2841,5399
2841,30196
2841,13326
2841,7406
2841,25091
2841,5565
2841,5403
2841,4681
2841,4599
2841,5539
2841,5567
2841,19551
2841,30197
2841,10881
2841,12634
2841,30198
2841,30199
2841,30200
2841,5064
2842,30201
2842,30202
2842,30203
2842,30204
2842,30205
2842,30206
2842,30207
2842,22108
2842,30208
2842,30209
2842,30210
2842,30211
2842,19253
2842,30212
2842,17792
2842,30213
2842,22112
2842,24550
2842,30214
2842,30215
2842,30216
2842,7791
2842,30217
2842,28359
2842,30218
2842,17487
2842,22113
2842,30219
2842,25647
2842,30220
2842,4599
2842,5058
2842,17258
2842,30221
2842,27115
2842,30222
2842,28361
2842,30223
2842,30224
2842,30225
2842,30226
2842,30227
2842,30228
2842,30229
2842,30230
2842,30231
2842,30232
2842,28501
2842,18719
2842,23206
2842,30233
2842,30073
2842,30234
2842,30235
2843,30236
2843,17505
2843,15898
2843,30237
2843,3445
2843,17510
2843,30238
2843,30239
2843,30240
2843,30241
2843,30242
2843,30243
2843,30244
2843,5174
2843,30245
2843,30246
2843,10627
2843,4166
2843,17515
2843,30247
2843,30248
2843,10486
2843,30249
2843,17517
2843,30250
2843,30251
2843,30252
2843,30253
2843,4508
2843,30254
2843,4599
2843,30255
2843,5249
2843,10273
2844,30256
2844,30257
2844,30258
2844,7045
2844,30259
2844,19247
2844,4753
2844,4755
2844,19986
2844,30260
2844,4359
2844,12438
2844,11101
2844,5261
2844,4421
2844,30261
2844,30262
2844,4599
2844,5249
2844,30263
2844,30264
2844,23208
2844,4805
2844,4768
2845,30265
2845,30266
2845,30267
2845,30268
2845,30269
2845,6059
2845,30270
2845,30271
2845,30272
2845,30273
2845,15412
2845,5874
2845,30274
2845,4415
2845,20060
2845,30275
2845,30276
2845,30277
2845,5056
2845,5057
2845,30278
2845,30279
2845,30280
2845,16578
2845,30281
2845,14028
2845,10976
2845,5406
2846,30282
2846,5117
2846,2737
2846,11898
2846,30283
2846,30284
2846,4670
2846,30285
2846,22191
2846,3177
2846,30286
2846,30287
2846,24570
2846,3306
2846,3362
2846,3424
2846,22193
2846,5123
2846,30288
2846,6492
2846,22195
2846,6495
2846,12050
2846,30289
2846,30290
2846,3950
2846,30291
2846,5460
2846,23941
2846,4010
2846,30292
2846,30293
2846,30294
2846,30295
2846,29856
2846,30296
2846,6562
2846,4582
2846,30297
2846,4280
2846,4286
2846,30298
2846,4316
2846,10741
2846,8024
2846,4411
2846,7167
2846,8685
2846,29859
2846,10409
2846,4454
2846,19443
2846,30031
2846,30299
2846,30300
2846,30301
2846,30302
2846,4904
2846,4868
2846,15494
2846,4677
2846,5246
2846,4678
2846,6496
2846,23117
2846,30303
2846,15206
2846,7698
2846,5184
2846,30304
2846,30305
2846,12066
2846,8692
2846,6498
2846,30306
2846,4681
2846,7100
2846,13590
2846,5464
2846,4599
2846,30307
2846,30308
2846,4910
2846,30309
2846,30310
2846,15500
2846,30311
2846,12226
2846,30312
2846,13952
2847,3060
2847,3571
2847,3598
2847,3893
2847,3923
2847,30313
2847,4176
2847,30314
2847,21858
2847,10394
2847,4410
2847,4778
2847,15922
2847,4676
2847,4779
2847,30315
2847,30316
2847,6724
2847,14903
2847,17933
2847,8412
2847,17934
2847,26034
2847,4678
2847,5606
2847,4681
2847,4785
2847,5304
2847,4787
2847,5609
2847,12615
2849,30317
2849,30318
2849,30319
2849,30320
2849,30321
2849,30322
2849,30323
2849,30324
2849,30325
2849,30326
2849,30327
2849,30328
2849,30329
2849,30330
2849,30331
2849,21620
2849,30332
2849,30333
2849,7663
2849,6320
2849,30334
2849,30335
2849,30336
2849,6726
2849,22836
2849,30337
2849,5464
2849,4599
2849,6728
2849,30338
2849,30339
2849,30340
2849,30341
2849,30342
2849,30343
2849,30344
2849,30345
2849,30346
2850,30347
2850,3825
2850,9378
2850,30348
2850,30349
2850,30350
2850,4319
2850,10394
2850,30351
2850,30352
2850,5196
2850,30353
2850,30354
2850,5351
2850,18015
2850,30355
2850,5485
2850,28720
2850,4698
2850,30356
2850,10398
2850,30357
2850,7262
2850,30358
2850,4599
2850,5305
2850,30359
2850,30360
2850,30361
2850,30362
2851,30363
2851,30364
2851,3137
2851,30365
2851,30366
2851,30367
2851,30368
2851,30369
2851,30370
2851,30371
2851,30372
2851,30373
2851,30374
2851,14346
2851,4753
2851,30375
2851,30376
2851,30377
2851,13825
2851,14347
2851,30378
2851,20139
2851,30379
2851,14934
2851,6712
2851,30380
2851,5086
2851,30381
2851,30382
2851,4359
2851,12438
2851,4368
2851,4377
2851,19103
2851,10194
2851,30383
2851,12802
2851,19992
2851,14935
2851,30384
2851,30385
2851,12803
2851,30386
2851,30387
2851,30388
2851,10122
2851,5566
2851,30389
2851,4599
2851,30390
2851,30391
2851,30392
2851,30393
2851,30394
2851,30395
2851,4768
2851,30396
2852,30397
2852,30398
2852,30399
2852,30400
2852,30401
2852,30402
2852,30403
2852,30404
2852,4189
2852,30405
2852,30406
2852,30407
2852,30408
2852,30409
2852,30410
2852,30411
2852,21620
2852,30412
2852,30413
2852,30414
2852,14021
2852,27833
2852,8915
2852,30415
2852,30416
2852,30417
2852,30418
2852,30419
2852,30420
2852,14022
2852,21920
2852,10413
2852,4868
2852,27839
2852,27442
2852,27444
2852,30421
2852,30422
2852,14023
2852,30423
2852,15732
2852,6595
2852,30424
2852,5987
2852,22785
2852,30425
2852,4930
2852,30426
2852,5356
2852,4681
2852,30427
2852,30428
2852,30429
2852,5538
2852,18991
2852,7739
2852,30430
2852,6079
2852,30431
2852,30432
2852,30433
2852,30434
2852,30435
2852,4910
2852,30436
2852,6335
2852,30437
2852,30438
2852,30439
2852,30440
2852,30441
2853,30442
2853,30443
2853,30444
2853,2754
2853,30445
2853,30446
2853,30447
2853,30448
2853,30449
2853,30450
2853,30451
2853,30452
2853,30453
2853,30454
2853,30455
2853,30456
2853,30457
2853,30458
2853,30459
2853,30460
2853,30461
2853,30462
2853,30463
2853,30464
2853,30465
2853,4695
2853,30466
2853,30467
2853,30468
2853,30469
2853,30470
2853,4189
2853,30471
2853,30472
2853,4234
2853,30473
2853,10741
2853,4358
2853,9408
2853,30474
2853,30475
2853,30476
2853,30477
2853,30478
2853,30479
2853,4506
2853,30480
2853,30481
2853,10122
2853,11731
2853,4679
2853,9601
2853,30482
2853,30483
2853,30484
2853,30485
2853,4599
2853,30486
2853,4601
2853,30487
2853,30488
2853,30489
2853,30490
2853,13863
2854,30491
2854,30492
2854,30493
2854,30494
2854,30495
2854,30496
2854,17143
2854,30497
2854,30498
2854,30499
2854,30500
2854,10900
2854,30501
2854,30502
2854,21709
2854,30503
2854,30504
2854,30505
2854,30506
2854,30507
2854,30508
2854,30509
2854,10901
2854,30510
2854,30511
2854,21711
2854,10903
2854,30512
2854,30513
2854,30514
2854,3869
2854,30515
2854,21712
2854,3886
2854,30516
2854,30517
2854,11093
2854,9093
2854,30518
2854,5460
2854,3778
2854,10905
2854,30519
2854,25082
2854,21721
2854,30520
2854,30521
2854,30522
2854,30523
2854,11103
2854,30524
2854,22490
2854,30525
2854,30526
2854,22398
2854,20374
2854,30527
2854,6878
2854,21724
2854,7789
2854,26257
2854,9916
2854,30528
2854,4870
2854,5493
2854,21726
2854,4905
2854,9917
2854,7428
2854,30529
2854,9919
2854,10907
2854,4871
2854,30530
2854,30531
2854,9094
2854,30532
2854,30533
2854,24677
2854,30534
2854,30535
2854,30536
2854,15281
2856,30537
2856,3975
2856,3997
2856,19661
2856,30538
2856,30539
2856,30540
2856,4140
2856,30541
2856,30542
2856,30543
2856,30544
2856,30545
2856,4349
2856,30546
2856,4363
2856,30547
2856,4354
2856,30548
2856,4676
2856,30549
2856,7096
2856,15817
2856,5779
2856,30550
2856,7510
2856,30551
2856,11199
2856,21917
2856,8188
2856,4593
2856,7668
2856,7426
2856,11470
2856,30552
2856,4698
2856,4681
2856,8189
2856,27410
2856,4599
2856,5827
2856,4543
2856,5553
2856,8355
2856,10619
2856,30553
2856,10754
2857,4939
2857,13159
2857,2299
2857,2505
2857,2541
2857,30554
2857,2752
2857,30555
2857,30556
2857,30557
2857,2932
2857,2970
2857,30558
2857,24947
2857,30559
2857,30560
2857,4883
2857,30561
2857,3230
2857,30562
2857,30563
2857,30564
2857,2674
2857,5226
2857,3305
2857,3306
2857,6490
2857,3343
2857,30565
2857,30566
2857,5480
2857,30567
2857,3427
2857,30568
2857,30569
2857,30570
2857,30571
2857,16194
2857,30572
2857,3758
2857,21409
2857,9376
2857,7301
2857,30573
2857,3791
2857,18926
2857,3736
2857,3825
2857,26858
2857,3859
2857,30574
2857,3891
2857,30575
2857,26931
2857,7732
2857,9911
2857,5482
2857,5483
2857,4010
2857,4755
2857,30576
2857,12825
2857,21837
2857,8899
2857,4149
2857,27901
2857,4186
2857,4189
2857,4582
2857,29086
2857,9381
2857,30577
2857,4984
2857,10416
2857,17853
2857,15708
2857,30578
2857,30579
2857,4454
2857,4472
2857,30580
2857,26034
2857,30581
2857,4523
2857,4599
2857,5486
2857,5488
2857,30582
2857,25284
2857,29109
2857,12226
2857,10754
2858,30583
2858,30584
2858,3689
2858,17601
2858,5392
2858,30585
2858,4034
2858,30586
2858,30587
2858,21762
2858,30588
2858,17877
2858,14959
2858,30589
2858,30590
2858,4356
2858,13632
2858,30591
2858,13910
2858,25547
2858,22611
2858,5399
2858,4927
2858,25549
2858,10521
2858,25506
2858,25551
2858,7790
2858,4932
2858,5403
2858,14962
2858,5827
2858,4933
2858,4934
2858,30592
2858,30593
2858,18896
2858,30198
2858,30594
2858,4603
2859,30595
2859,30596
2859,30597
2859,30598
2859,30599
2859,8907
2859,7580
2859,30600
2859,10410
2859,10411
2859,10412
2859,4868
2859,7668
2859,5987
2859,30601
2859,8917
2859,30602
2859,4599
2859,4910
2859,5063
2860,30603
2860,30604
2860,6436
2860,5294
2860,30605
2860,30606
2860,30607
2860,30608
2860,30609
2860,30610
2860,29072
2860,30611
2860,30612
2860,30613
2860,30614
2860,30615
2860,30616
2860,6442
2860,30617
2860,30618
2860,8614
2860,30619
2860,30620
2860,30621
2860,30622
2860,30623
2860,30624
2860,30625
2860,30626
2860,30627
2860,30628
2860,30629
2860,30630
2860,30631
2860,30632
2860,30633
2860,30634
2860,30635
2860,30636
2860,30637
2860,4761
2860,25283
2860,30638
2860,30639
2860,6659
2860,30640
2860,22113
2860,30641
2860,8490
2860,21673
2860,30642
2860,28567
2860,30643
2860,30644
2860,5785
2860,30645
2860,16977
2860,13658
2860,30646
2861,3664
2861,30647
2861,3834
2861,3864
2861,27694
2861,6002
2861,4042
2861,17941
2861,4073
2861,30648
2861,29844
2861,30649
2861,30650
2861,12118
2861,4239
2861,6712
2861,5086
2861,12719
2861,4985
2861,6978
2861,4368
2861,4377
2861,6448
2861,4421
2861,30651
2861,5981
2861,22927
2861,5246
2861,4761
2861,12011
2861,4599
2861,30652
2861,30653
2861,4768
2861,12297
2861,27537
2862,30654
2862,3259
2862,30655
2862,30656
2862,7683
2862,27042
2862,30657
2862,16792
2862,5232
2862,3789
2862,3857
2862,30658
2862,30659
2862,17294
2862,30660
2862,8674
2862,30661
2862,30662
2862,30663
2862,30664
2862,30665
2862,30666
2862,30667
2862,7418
2862,4177
2862,16959
2862,16960
2862,16961
2862,30668
2862,30669
2862,11277
2862,30670
2862,9106
2862,25461
2862,30671
2862,7421
2862,30672
2862,30673
2862,30674
2862,4865
2862,30675
2862,30676
2862,30677
2862,30678
2862,29857
2862,30679
2862,30680
2862,14400
2862,4411
2862,26592
2862,26593
2862,29858
2862,30681
2862,8685
2862,29859
2862,30682
2862,6616
2862,30683
2862,21535
2862,30684
2862,30685
2862,5598
2862,30686
2862,30687
2862,30688
2862,30689
2862,30690
2862,30691
2862,12063
2862,30692
2862,4867
2862,5602
2862,30693
2862,30694
2862,6295
2862,19863
2862,30695
2862,15058
2862,5202
2862,6566
2862,7698
2862,4869
2862,25091
2862,21538
2862,16395
2862,19525
2862,4870
2862,29213
2862,7791
2862,4950
2862,9130
2862,7470
2862,11471
2862,15065
2862,8692
2862,8861
2862,30696
2862,6599
2862,30697
2862,30698
2862,4951
2862,4599
2862,12069
2862,5058
2862,28682
2862,5539
2862,13591
2862,12070
2862,17358
2862,26568
2862,30699
2862,30700
2862,30701
2862,30702
2862,30703
2862,30704
2862,6569
2862,29463
2862,7707
2862,30705
2862,7436
2862,16208
2862,30706
2862,5064
2862,10976
2862,30707
2862,26281
2862,30708
2862,30709
2863,3655
2863,3789
2863,30710
2863,3864
2863,3976
2863,3988
2863,30711
2863,4042
2863,4096
2863,4189
2863,6712
2863,5086
2863,7052
2863,4359
2863,6978
2863,4368
2863,4377
2863,6448
2863,30712
2863,17854
2863,4458
2863,30713
2863,16965
2863,5981
2863,5485
2863,7099
2863,30714
2863,6980
2863,4599
2863,21985
2863,7475
2863,30715
2863,30716
2863,30717
2863,30718
2863,4768
2863,16978
2863,30719
2863,10092
2863,17946
2863,7113
2863,6200
2864,30720
2864,30721
2864,30722
2864,11589
2864,2089
2864,2124
2864,30723
2864,30724
2864,30725
2864,2906
2864,30726
2864,30727
2864,30728
2864,3043
2864,30729
2864,3072
2864,3074
2864,9156
2864,3161
2864,30730
2864,30731
2864,7539
2864,7590
2864,3261
2864,3300
2864,30732
2864,30733
2864,3323
2864,3331
2864,29622
2864,13573
2864,3441
2864,29623
2864,30734
2864,3587
2864,28050
2864,29626
2864,3622
2864,30735
2864,11610
2864,3710
2864,3717
2864,3732
2864,3698
2864,30736
2864,30737
2864,3829
2864,15396
2864,3922
2864,30738
2864,30739
2864,3981
2864,4036
2864,8610
2864,4091
2864,4115
2864,30740
2864,7782
2864,9166
2864,4189
2864,30741
2864,11617
2864,17604
2864,6121
2864,4234
2864,4258
2864,4925
2864,13494
2864,30742
2864,4377
2864,4383
2864,4411
2864,20995
2864,3813
2864,4421
2864,4437
2864,4439
2864,23771
2864,4454
2864,21000
2864,7096
2864,7784
2864,15421
2864,8618
2864,10521
2864,7788
2864,30743
2864,7126
2864,7790
2864,18508
2864,6799
2864,4599
2864,30744
2864,4934
2864,26049
2864,30745
2864,17303
2864,7798
2864,29664
2864,6136
2866,3337
2866,5581
2866,3571
2866,10392
2866,3923
2866,3934
2866,30746
2866,5586
2866,4582
2866,4696
2866,11913
2866,4777
2866,4410
2866,5261
2866,4778
2866,4779
2866,4463
2866,17933
2866,8412
2866,7668
2866,4678
2866,4783
2866,4595
2866,30747
2866,30748
2866,4787
2866,30749
2866,4699
2866,4599
2866,4543
2866,5609
2866,12615
2866,4805
2867,30750
2867,30751
2867,21266
2867,24433
2867,30752
2867,30753
2867,30754
2867,30755
2867,30756
2867,30757
2867,30758
2867,30759
2867,30760
2867,30761
2867,30762
2867,30763
2867,30764
2867,30765
2867,30766
2867,3986
2867,30767
2867,4135
2867,7231
2867,30768
2867,4349
2867,30769
2867,22652
2867,29605
2867,30770
2867,11132
2867,30771
2867,30772
2867,30773
2867,6794
2867,21278
2867,30774
2867,30775
2867,4761
2867,21281
2867,13132
2867,30776
2867,4599
2867,5827
2867,4768
2867,4729
2868,2884
2868,20015
2868,3069
2868,3257
2868,3283
2868,3398
2868,3452
2868,3775
2868,30777
2868,3789
2868,3791
2868,3857
2868,3864
2868,30778
2868,3950
2868,3981
2868,4001
2868,4058
2868,12825
2868,30666
2868,4172
2868,5031
2868,4201
2868,6562
2868,4202
2868,4280
2868,4286
2868,10741
2868,4349
2868,4358
2868,8184
2868,6448
2868,4411
2868,30779
2868,3813
2868,4421
2868,4439
2868,30780
2868,30781
2868,4508
2868,13911
2868,4868
2868,10744
2868,6566
2868,25587
2868,7099
2868,9131
2868,4681
2868,8189
2868,9602
2868,4599
2868,4543
2868,5539
2868,5249
2868,30782
2868,6569
2868,5063
2868,5064
2869,30783
2869,22129
2869,9757
2869,30784
2869,9758
2869,3498
2869,5123
2869,30785
2869,4628
2869,22134
2869,4629
2869,30786
2869,22136
2869,30787
2869,9764
2869,22138
2869,4631
2869,30788
2869,9766
2869,10625
2869,30789
2869,30790
2869,4013
2869,4634
2869,22140
2869,26892
2869,30791
2869,4758
2869,25215
2869,9769
2869,4638
2869,5261
2869,4677
2869,7428
2869,4643
2869,4681
2869,4910
2869,30792
2869,30793
2869,30794
2869,30795
2869,4805
2870,7845
2870,5976
2870,3317
2870,3655
2870,3880
2870,3997
2870,4042
2870,5031
2870,6562
2870,4235
2870,4280
2870,4355
2870,4359
2870,8184
2870,5981
2870,4679
2870,7099
2870,4698
2870,6980
2870,7100
2870,4599
2870,7475
2870,30796
2870,30703
2870,6569
2870,4768
2870,7113
2871,30797
2871,30798
2871,30799
2871,30800
2871,30801
2871,30802
2871,20710
2871,30803
2871,30804
2871,16744
2871,29148
2871,30805
2871,30806
2871,30807
2871,30808
2871,30809
2871,30810
2871,30811
2871,4758
2871,10591
2871,30812
2871,30813
2871,30814
2871,30815
2871,5883
2871,6794
2871,30816
2871,30817
2871,5971
2871,30818
2871,9256
2871,9257
2871,30819
2871,9260
2871,30820
2871,30821
2871,8775
2871,30822
2871,14028
2871,5898
2871,29323
2871,29324
2871,30823
2872,3400
2872,3452
2872,30824
2872,3624
2872,30825
2872,3735
2872,30826
2872,3789
2872,3791
2872,3857
2872,30827
2872,3981
2872,4058
2872,30828
2872,30829
2872,30830
2872,4189
2872,6562
2872,14489
2872,4280
2872,4286
2872,20017
2872,30831
2872,4314
2872,4349
2872,4358
2872,4393
2872,30779
2872,3813
2872,7580
2872,4428
2872,4439
2872,30781
2872,4458
2872,30832
2872,16966
2872,8187
2872,4508
2872,8188
2872,13911
2872,30833
2872,11470
2872,4679
2872,30834
2872,4698
2872,4681
2872,4599
2872,4543
2872,5553
2872,5249
2872,30835
2872,28687
2872,30836
2872,30837
2872,28688
2872,8192
2872,6569
2872,30838
2872,28085
2872,8362
2873,30839
2873,30840
2873,30841
2873,30842
2873,30843
2873,30844
2873,7152
2873,30845
2873,30846
2873,30847
2873,30848
2873,30849
2873,30850
2873,7158
2873,30851
2873,7159
2873,7161
2873,20207
2873,30852
2873,30853
2873,30854
2873,30855
2873,30856
2873,30857
2873,30858
2873,30859
2873,30860
2873,30861
2873,30862
2873,30863
2873,7168
2873,7170
2873,4491
2873,30864
2873,6794
2873,30865
2873,7668
2873,30866
2873,30867
2873,30868
2873,4681
2873,4599
2873,5827
2873,30869
2873,30870
2873,30871
2874,4720
2874,6712
2874,7052
2874,4696
2874,30872
2874,30873
2874,4359
2874,21869
2874,12438
2874,30874
2874,4368
2874,4377
2874,6448
2874,9342
2874,4420
2874,12639
2874,21277
2874,4507
2874,5981
2874,12582
2874,30875
2874,4868
2874,6247
2874,5987
2874,7100
2874,4599
2874,5249
2874,30876
2874,30877
2875,30878
2875,19878
2875,3400
2875,30879
2875,6528
2875,19879
2875,30880
2875,17827
2875,30881
2875,30882
2875,29290
2875,17829
2875,15522
2875,30883
2875,3993
2875,30884
2875,16725
2875,12825
2875,4103
2875,30885
2875,30886
2875,17834
2875,30887
2875,30888
2875,17350
2875,6533
2875,6534
2875,30889
2875,30890
2875,5372
2875,4985
2875,30891
2875,4355
2875,4359
2875,6978
2875,4368
2875,27654
2875,7203
2875,6291
2875,6448
2875,30892
2875,30893
2875,30894
2875,17838
2875,30895
2875,12031
2875,6536
2875,30896
2875,4761
2875,30897
2875,10180
2875,30898
2875,12082
2875,4599
2875,4543
2875,30899
2875,30900
2875,5249
2875,30901
2875,30902
2875,12615
2875,17845
2875,30903
2875,4768
2875,17846
2875,30904
2876,30905
2876,14482
2876,30906
2876,27152
2876,30907
2876,30908
2876,30909
2876,23203
2876,30910
2876,30911
2876,4104
2876,15674
2876,4720
2876,30912
2876,30913
2876,30914
2876,30915
2876,16574
2876,5296
2876,28857
2876,7764
2876,16232
2876,4406
2876,30916
2876,7204
2876,14492
2876,30917
2876,30918
2876,6971
2876,30919
2876,4768
2876,26268
2877,30920
2877,30921
2877,30922
2877,30923
2877,30924
2877,30925
2877,30926
2877,30927
2877,3791
2877,30928
2877,30929
2877,30930
2877,22833
2877,4189
2877,20957
2877,4696
2877,30931
2877,13263
2877,4359
2877,4358
2877,4368
2877,6448
2877,4393
2877,30932
2877,4397
2877,4398
2877,23535
2877,30933
2877,30934
2877,19992
2877,30935
2877,30936
2877,30937
2877,30938
2877,19616
2877,4508
2877,30939
2877,30940
2877,30941
2877,30942
2877,4679
2877,30943
2877,30944
2877,30945
2877,13040
2877,5566
2877,30946
2877,8189
2877,4599
2877,30947
2877,5827
2877,7208
2877,30948
2877,30949
2877,8355
2877,30950
2877,30951
2877,4703
2877,4768
2877,30952
2877,10275
2877,30953
2877,11928
2878,30954
2878,6364
2878,29556
2878,28827
2878,30955
2878,30956
2878,9404
2878,24517
2878,8793
2878,30957
2878,22571
2878,8289
2878,7049
2878,30958
2878,3846
2878,4753
2878,7051
2878,11308
2878,30959
2878,30960
2878,30961
2878,30962
2878,28848
2878,30963
2878,30964
2878,8404
2878,30965
2878,15094
2878,5034
2878,7054
2878,26972
2878,27098
2878,28864
2878,30966
2878,6381
2878,30967
2878,19393
2878,29585
2878,4787
2878,7056
2878,6383
2878,30968
2878,5609
2878,12631
2878,30969
2878,5035
2878,28869
2878,30970
2878,18836
2878,30971
2878,30972
2878,30973
2879,3094
2879,3306
2879,12711
2879,30974
2879,3509
2879,30975
2879,6494
2879,4750
2879,15241
2879,30976
2879,5906
2879,18951
2879,3791
2879,19779
2879,5172
2879,20663
2879,9164
2879,30977
2879,5085
2879,5483
2879,12718
2879,7923
2879,4757
2879,7925
2879,4758
2879,4696
2879,4984
2879,4349
2879,10417
2879,7580
2879,7669
2879,12292
2879,4681
2879,4599
2879,4543
2879,18991
2879,5539
2879,4844
2879,21542
2879,28193
2879,5089
2879,5064
2880,5150
2880,30978
2880,3199
2880,30979
2880,30980
2880,3509
2880,30981
2880,24959
2880,3825
2880,19779
2880,25157
2880,3856
2880,9164
2880,30977
2880,30982
2880,9119
2880,5907
2880,5085
2880,30983
2880,30984
2880,16844
2880,30985
2880,12718
2880,7201
2880,30986
2880,7923
2880,7924
2880,4757
2880,4186
2880,10262
2880,4758
2880,30987
2880,30988
2880,4984
2880,28884
2880,4349
2880,30989
2880,21739
2880,19443
2880,30990
2880,13692
2880,5909
2880,7172
2880,16853
2880,6794
2880,4501
2880,10266
2880,24556
2880,5301
2880,24324
2880,11674
2880,30991
2880,6592
2880,30992
2880,4520
2880,7668
2880,30993
2880,19525
2880,30994
2880,30995
2880,28519
2880,4681
2880,4599
2880,7430
2880,23324
2880,30996
2880,30997
2880,5064
2881,30998
2881,3422
2881,11399
2881,6860
2881,21754
2881,13903
2881,16565
2881,3823
2881,30999
2881,5392
2881,13017
2881,28426
2881,6065
2881,7394
2881,6066
2881,6067
2881,31000
2881,31001
2881,30193
2881,6869
2881,6870
2881,31002
2881,6068
2881,27238
2881,4185
2881,7398
2881,9594
2881,31003
2881,9595
2881,11414
2881,21762
2881,15508
2881,7401
2881,4696
2881,6069
2881,30194
2881,7657
2881,5398
2881,4356
2881,15451
2881,17863
2881,13910
2881,11418
2881,5399
2881,9599
2881,5970
2881,26158
2881,5246
2881,7406
2881,6075
2881,4870
2881,5403
2881,4681
2881,4599
2881,5538
2881,5827
2881,26160
2881,6842
2881,29354
2881,10881
2881,31004
2881,7411
2881,5898
2881,11437
2881,5064
2881,8362
2882,31005
2882,31006
2882,31007
2882,31008
2882,31009
2882,31010
2882,3806
2882,14819
2882,31011
2882,4153
2882,11858
2882,29136
2882,4758
2882,7655
2882,4311
2882,31012
2882,31013
2882,4350
2882,31014
2882,31015
2882,20556
2882,31016
2882,14834
2882,31017
2882,31018
2882,31019
2882,31020
2882,4870
2882,28072
2882,4599
2882,5827
2882,23206
2882,31021
2882,7335
2882,31022
2882,31023
2882,31024
2882,4768
2882,11868
2882,4603
2882,31025
2883,31026
2883,31027
2883,31028
2883,31029
2883,20325
2883,30658
2883,31030
2883,31031
2883,31032
2883,31033
2883,31034
2883,31035
2883,31036
2883,4188
2883,10405
2883,11277
2883,9106
2883,31037
2883,9107
2883,4316
2883,31038
2883,4349
2883,4393
2883,31039
2883,10264
2883,31040
2883,4418
2883,26300
2883,16201
2883,8685
2883,9110
2883,4437
2883,4439
2883,6451
2883,31041
2883,5196
2883,10410
2883,10411
2883,31042
2883,10412
2883,8915
2883,31043
2883,8188
2883,5200
2883,27062
2883,10413
2883,31044
2883,31045
2883,13588
2883,14023
2883,5485
2883,5202
2883,31046
2883,13589
2883,7333
2883,14848
2883,4698
2883,8917
2883,28519
2883,8861
2883,31047
2883,31048
2883,21938
2883,5304
2883,4599
2883,4543
2883,5058
2883,5539
2883,13591
2883,31049
2883,31050
2883,27065
2883,31051
2883,5064
2883,13863
2884,26813
2884,5051
2884,3859
2884,21679
2884,22537
2884,13793
2884,25838
2884,3949
2884,31052
2884,31053
2884,31054
2884,15037
2884,4252
2884,31055
2884,14826
2884,31056
2884,31057
2884,21683
2884,21684
2884,15044
2884,4415
2884,31058
2884,29595
2884,7167
2884,31059
2884,31060
2884,31061
2884,20060
2884,4904
2884,5532
2884,6970
2884,17485
2884,7698
2884,6619
2884,12750
2884,15063
2884,4595
2884,4596
2884,12751
2884,6971
2884,5056
2884,5057
2884,31062
2884,5539
2884,31063
2884,4910
2884,31064
2884,31065
2884,22542
2884,5064
2885,31066
2885,31067
2885,31068
2885,18881
2885,2907
2885,23574
2885,23575
2885,3005
2885,23578
2885,16559
2885,3172
2885,3256
2885,31069
2885,20273
2885,31070
2885,17476
2885,21754
2885,6060
2885,15505
2885,20103
2885,3823
2885,21091
2885,23595
2885,3844
2885,3881
2885,3898
2885,31071
2885,21564
2885,31072
2885,6869
2885,13908
2885,21760
2885,4155
2885,23605
2885,4189
2885,4234
2885,25524
2885,4356
2885,26155
2885,17999
2885,4446
2885,4452
2885,16125
2885,9599
2885,13911
2885,5403
2885,4599
2885,16355
2885,21097
2886,31073
2886,31074
2886,31075
2886,7643
2886,3791
2886,26963
2886,31076
2886,21696
2886,5528
2886,13796
2886,21681
2886,26966
2886,31054
2886,15037
2886,26352
2886,4252
2886,4251
2886,10117
2886,5530
2886,15044
2886,4415
2886,7167
2886,7660
2886,13801
2886,7404
2886,20060
2886,12120
2886,21689
2886,10122
2886,12593
2886,5246
2886,6566
2886,11781
2886,15063
2886,23476
2886,26536
2886,6971
2886,31077
2886,5056
2886,5057
2886,31078
2886,4599
2886,5404
2886,31079
2886,31080
2886,31081
2886,31082
2886,23477
2886,31083
2886,5061
2886,17131
2886,5063
2886,5064
2886,12123
2886,29324
2886,31084
2886,5406
2886,31085
2888,31086
2888,31087
2888,20275
2888,31088
2888,31089
2888,4059
2888,31090
2888,31091
2888,31092
2888,6869
2888,4189
2888,31093
2888,31094
2888,31095
2888,31096
2888,31097
2888,31098
2888,31099
2888,31100
2888,31101
2888,4440
2888,4442
2888,4458
2888,12202
2888,31102
2888,4868
2888,31103
2888,9411
2888,15732
2888,6595
2888,31104
2888,4599
2888,31105
2888,31106
2888,31107
2888,31108
2888,31109
2888,31110
2888,31111
2888,31112
2888,31113
2888,31114
2889,31115
2889,5049
2889,13787
2889,22537
2889,25838
2889,25843
2889,31116
2889,21681
2889,23919
2889,15037
2889,5053
2889,31055
2889,10117
2889,21248
2889,31117
2889,15044
2889,29612
2889,13807
2889,12750
2889,20066
2889,4870
2889,5056
2889,6077
2889,5057
2889,12594
2889,4681
2889,4599
2889,31118
2889,5539
2889,31119
2889,31120
2889,31121
2889,31122
2889,9730
2889,24543
2889,31123
2889,5064
2889,31124
2889,31125
2889,31126
2889,31127
2889,5406
2889,31128
2890,9271
2890,31129
2890,31130
2890,3379
2890,31131
2890,5934
2890,4692
2890,31132
2890,27814
2890,31133
2890,21757
2890,8757
2890,31134
2890,4019
2890,31135
2890,4189
2890,31136
2890,17942
2890,4234
2890,4247
2890,17197
2890,6671
2890,4272
2890,31137
2890,31138
2890,31139
2890,12720
2890,7249
2890,9342
2890,31140
2890,9343
2890,24835
2890,31141
2890,4466
2890,18829
2890,8412
2890,31142
2890,4524
2890,5485
2890,31143
2890,11424
2890,4599
2890,4543
2890,31144
2890,31145
2890,31146
2890,31147
2890,4802
2890,31148
2890,31149
2891,31150
2891,31151
2891,3655
2891,5371
2891,31152
2891,22052
2891,20520
2891,3794
2891,3798
2891,3799
2891,31153
2891,6002
2891,31154
2891,10520
2891,31155
2891,9620
2891,5086
2891,4335
2891,20788
2891,16828
2891,4359
2891,31156
2891,4368
2891,25636
2891,4377
2891,24004
2891,6291
2891,6448
2891,16962
2891,4398
2891,31157
2891,31158
2891,31159
2891,16963
2891,5297
2891,5298
2891,6452
2891,9621
2891,4458
2891,7095
2891,16965
2891,31160
2891,6537
2891,24005
2891,31161
2891,16967
2891,7619
2891,31162
2891,6293
2891,31163
2891,31164
2891,17840
2891,31165
2891,7468
2891,31166
2891,5981
2891,5300
2891,31167
2891,5303
2891,6296
2891,7099
2891,9673
2891,6980
2891,31168
2891,31169
2891,31170
2891,31171
2891,9602
2891,7101
2891,10329
2891,12083
2891,4599
2891,5827
2891,7475
2891,19492
2891,7476
2891,16970
2891,18465
2891,18719
2891,13651
2891,31172
2891,17586
2891,31173
2891,4768
2891,7214
2891,31174
2891,10092
2891,17946
2891,7113
2892,31175
2892,31176
2892,31177
2892,31178
2892,31179
2892,31180
2892,31181
2892,31182
2892,31183
2892,31184
2892,31185
2892,31186
2892,31187
2892,31188
2892,31189
2892,31190
2892,31191
2892,31192
2892,31193
2892,31194
2892,31195
2892,31196
2892,31197
2892,31198
2892,31199
2892,31200
2892,31201
2892,31202
2892,31203
2892,31204
2892,31205
2892,31206
2892,4189
2892,31207
2892,31208
2892,31209
2892,31210
2892,31211
2892,31212
2892,31213
2892,31214
2892,4868
2892,31215
2892,31216
2892,31217
2892,6726
2892,5973
2892,4681
2892,4599
2892,5553
2893,31218
2893,28755
2893,27081
2893,8785
2893,28778
2893,28785
2893,28790
2893,9531
2893,14504
2893,13177
2893,31219
2893,5454
2893,5455
2893,5479
2893,31220
2893,31221
2893,28803
2893,5117
2893,24976
2893,28805
2893,28810
2893,2798
2893,18949
2893,6358
2893,4922
2893,27395
2893,28814
2893,23786
2893,17732
2893,4670
2893,8128
2893,31222
2893,31223
2893,31224
2893,5985
2893,12103
2893,31225
2893,31226
2893,31227
2893,31228
2893,12147
2893,25152
2893,31229
2893,31230
2893,23935
2893,31231
2893,27942
2893,3322
2893,15388
2893,7045
2893,5121
2893,31232
2893,31233
2893,31234
2893,31235
2893,31236
2893,9547
2893,31237
2893,31238
2893,11299
2893,31239
2893,31240
2893,10174
2893,31241
2893,5123
2893,30957
2893,9587
2893,31242
2893,31243
2893,6492
2893,24980
2893,31244
2893,27097
2893,31245
2893,31246
2893,31247
2893,31248
2893,15089
2893,6495
2893,15919
2893,22884
2893,31249
2893,31250
2893,31251
2893,31252
2893,31253
2893,25182
2893,31254
2893,3846
2893,31255
2893,31256
2893,5419
2893,31257
2893,31258
2893,14186
2893,31259
2893,31260
2893,31261
2893,31262
2893,5483
2893,24522
2893,11308
2893,31263
2893,31264
2893,4755
2893,5586
2893,31265
2893,31266
2893,31267
2893,27943
2893,4582
2893,31268
2893,23942
2893,31269
2893,11910
2893,31270
2893,31271
2893,29977
2893,28856
2893,31272
2893,31273
2893,12291
2893,31274
2893,31275
2893,8157
2893,31276
2893,31277
2893,31278
2893,31279
2893,21106
2893,29980
2893,31280
2893,4677
2893,4595
2893,4870
2893,5493
2893,7471
2893,4681
2893,4787
2893,5609
2893,5610
2893,31281
2893,5473
2893,31282
2893,31283
2893,4805
2893,31284
2893,31285
2894,31286
2894,31287
2894,31288
2894,16782
2894,3300
2894,31289
2894,31290
2894,3587
2894,16790
2894,16791
2894,31291
2894,3922
2894,16797
2894,31292
2894,16801
2894,8611
2894,4189
2894,31293
2894,4696
2894,4368
2894,16802
2894,4425
2894,7120
2894,7789
2894,7126
2894,16806
2894,6799
2894,31294
2894,5827
2894,25448
2894,16807
2894,16810
2894,15428
2894,16814
2894,31295
2894,31296
2895,18881
2895,31297
2895,31069
2895,11392
2895,20273
2895,31298
2895,31070
2895,31299
2895,23587
2895,22608
2895,3513
2895,11400
2895,21754
2895,31300
2895,3604
2895,6060
2895,31301
2895,3689
2895,21561
2895,3764
2895,3823
2895,21091
2895,3844
2895,31302
2895,3898
2895,6065
2895,31303
2895,31071
2895,31304
2895,31072
2895,6869
2895,13908
2895,5394
2895,21760
2895,4155
2895,31305
2895,4185
2895,7398
2895,4234
2895,31306
2895,31307
2895,11413
2895,4282
2895,15508
2895,5398
2895,4356
2895,21093
2895,17993
2895,5399
2895,9599
2895,31308
2895,13911
2895,7406
2895,5403
2895,4599
2895,31309
2895,23623
2895,7335
2895,30198
2895,31310
2895,21097
2895,5064
2896,7754
2896,5050
2896,31311
2896,17783
2896,31312
2896,5052
2896,31313
2896,3859
2896,22537
2896,21238
2896,5528
2896,31314
2896,6310
2896,15037
2896,5053
2896,17787
2896,22625
2896,7421
2896,4327
2896,21684
2896,25852
2896,21248
2896,13728
2896,4413
2896,15044
2896,4415
2896,4447
2896,21620
2896,31315
2896,7662
2896,13803
2896,7506
2896,31316
2896,20060
2896,6320
2896,10122
2896,6970
2896,7668
2896,31317
2896,12750
2896,12751
2896,26536
2896,6971
2896,5056
2896,5057
2896,12594
2896,4599
2896,5539
2896,5404
2896,31318
2896,31319
2896,5064
2897,31320
2897,31321
2897,31322
2897,31323
2897,31324
2897,31325
2897,28908
2897,31326
2897,31327
2897,22537
2897,31328
2897,31329
2897,31330
2897,31331
2897,31332
2897,31333
2897,31334
2897,31335
2897,31336
2897,21248
2897,23944
2897,31337
2897,31338
2897,4415
2897,31339
2897,25854
2897,13733
2897,31340
2897,20060
2897,31341
2897,12593
2897,31342
2897,31343
2897,31344
2897,31345
2897,5056
2897,31346
2897,5057
2897,31347
2897,4681
2897,31348
2897,31349
2897,5553
2897,5486
2897,31350
2897,31351
2897,31352
2897,31353
2897,31354
2897,31355
2897,31356
2898,31357
2898,3227
2898,12850
2898,3337
2898,3424
2898,3434
2898,31358
2898,6059
2898,9238
2898,31359
2898,9239
2898,21499
2898,3843
2898,3859
2898,3921
2898,31360
2898,3985
2898,21501
2898,9242
2898,9243
2898,4184
2898,9244
2898,4268
2898,10591
2898,9245
2898,4393
2898,4439
2898,4676
2898,4460
2898,24555
2898,5883
2898,13584
2898,7665
2898,31361
2898,29890
2898,9256
2898,31362
2898,31143
2898,9257
2898,4698
2898,24950
2898,9260
2898,7100
2898,24560
2898,29156
2898,4599
2898,4543
2898,5553
2898,29586
2898,23807
2899,3202
2899,31363
2899,31364
2899,31365
2899,3791
2899,31366
2899,31367
2899,7305
2899,31368
2899,31369
2899,31370
2899,31371
2899,31372
2899,4696
2899,4314
2899,4362
2899,31373
2899,9343
2899,4458
2899,6586
2899,23720
2899,31374
2899,4507
2899,8188
2899,31375
2899,8412
2899,4761
2899,4679
2899,4698
2899,11676
2899,4681
2899,4599
2899,9132
2899,4543
2899,4701
2899,4910
2899,23630
2899,5064
2899,31376
2899,10387
2900,31377
2900,3684
2900,3894
2900,5483
2900,28840
2900,3997
2900,4010
2900,31378
2900,20749
2900,4755
2900,5586
2900,31379
2900,16944
2900,4189
2900,21363
2900,4582
2900,31380
2900,5968
2900,31381
2900,4359
2900,6376
2900,4368
2900,4377
2900,19989
2900,16469
2900,7658
2900,4411
2900,4410
2900,4437
2900,4439
2900,5778
2900,4676
2900,7404
2900,8188
2900,8412
2900,5302
2900,12362
2900,5485
2900,7669
2900,13326
2900,4761
2900,25091
2900,4870
2900,4698
2900,5353
2900,16347
2900,6498
2900,18833
2900,4599
2900,4543
2900,5609
2900,4701
2900,31382
2900,4910
2900,29222
2900,4805
2900,12615
2900,4768
2901,3132
2901,3263
2901,3424
2901,3789
2901,14489
2901,4290
2901,4314
2901,4349
2901,12057
2901,4393
2901,4428
2901,4439
2901,4458
2901,7698
2901,4679
2901,22414
2901,4698
2901,4599
2901,4543
2901,4910
2901,5249
2901,6569
2901,5063
2901,5064
2901,4603
2902,3674
2902,3864
2902,31383
2902,4189
2902,11862
2902,4359
2902,4458
2902,24005
2902,4599
2902,31384
2902,5249
2902,4768
2904,31385
2904,31386
2904,31387
2904,5123
2904,13216
2904,15241
2904,19857
2904,7758
2904,12050
2904,31388
2904,10625
2904,31389
2904,15702
2904,4753
2904,5483
2904,4755
2904,31390
2904,5968
2904,31391
2904,31392
2904,6070
2904,15708
2904,6071
2904,5261
2904,24267
2904,7167
2904,7580
2904,20259
2904,15337
2904,4904
2904,4868
2904,31393
2904,5246
2904,31394
2904,6496
2904,15206
2904,5987
2904,22333
2904,4595
2904,12066
2904,8917
2904,4681
2904,6330
2904,5609
2904,5486
2904,6080
2904,4910
2904,11071
2904,27256
2904,14093
2904,4805
2904,10605
2904,8362
2905,31395
2905,31396
2905,31397
2905,15953
2905,31398
2905,3312
2905,31399
2905,31400
2905,23174
2905,30880
2905,17827
2905,31401
2905,30882
2905,31402
2905,19881
2905,31403
2905,18665
2905,31404
2905,17830
2905,17831
2905,31405
2905,15523
2905,31406
2905,16725
2905,17834
2905,31407
2905,25794
2905,10520
2905,31408
2905,31409
2905,17350
2905,6533
2905,15524
2905,6535
2905,30891
2905,7203
2905,6448
2905,30892
2905,17352
2905,8412
2905,31410
2905,4761
2905,27800
2905,12082
2905,8885
2905,24178
2905,31411
2905,7335
2905,13920
2905,30902
2905,31412
2905,17845
2905,31413
2905,4768
2906,3114
2906,3146
2906,15953
2906,31398
2906,17826
2906,31414
2906,3312
2906,3342
2906,30880
2906,17827
2906,30882
2906,31415
2906,3707
2906,19881
2906,31416
2906,31417
2906,17829
2906,17831
2906,17830
2906,31418
2906,15522
2906,31419
2906,31420
2906,16725
2906,12825
2906,14091
2906,31421
2906,17834
2906,25794
2906,30887
2906,17350
2906,6533
2906,15524
2906,30891
2906,6448
2906,30892
2906,20003
2906,30894
2906,17838
2906,4439
2906,15956
2906,31422
2906,31423
2906,5821
2906,31424
2906,4761
2906,17221
2906,30897
2906,10180
2906,12082
2906,31425
2906,4599
2906,4543
2906,8885
2906,31426
2906,31427
2906,31428
2906,30902
2906,31412
2906,31429
2906,31430
2906,17846
2906,4768
2907,31431
2907,28836
2907,31432
2907,31433
2907,31434
2907,28839
2907,23890
2907,31435
2907,31436
2907,31437
2907,27821
2907,31438
2907,31439
2907,26106
2907,12719
2907,24523
2907,11837
2907,23893
2907,24293
2907,8685
2907,9246
2907,18987
2907,5180
2907,4591
2907,10664
2907,14906
2907,4594
2907,5246
2907,4762
2907,6103
2907,10253
2907,4597
2907,8692
2907,16482
2907,18990
2907,31440
2907,26129
2907,16208
2908,31441
2908,31442
2908,5978
2908,5979
2908,13902
2908,13337
2908,31443
2908,3631
2908,31444
2908,31445
2908,17937
2908,31446
2908,4720
2908,31447
2908,5087
2908,31448
2908,6448
2908,31449
2908,7882
2908,31450
2908,17462
2908,31451
2908,31452
2908,31453
2908,31454
2908,31455
2908,31456
2908,31457
2908,31458
2908,31459
2908,31460
2908,31461
2908,31462
2910,31463
2910,5121
2910,5122
2910,4744
2910,4745
2910,4746
2910,31464
2910,4749
2910,18114
2910,18981
2910,8289
2910,4975
2910,31465
2910,31466
2910,4753
2910,3950
2910,4978
2910,3997
2910,4755
2910,4979
2910,4980
2910,4756
2910,4189
2910,9381
2910,4349
2910,10417
2910,4393
2910,18987
2910,4428
2910,24323
2910,10247
2910,4676
2910,4446
2910,4866
2910,4495
2910,4759
2910,4760
2910,5485
2910,4762
2910,10253
2910,4597
2910,4763
2910,4764
2910,4599
2910,4543
2910,4766
2910,4910
2910,12725
2910,31467
2910,4805
2910,24563
2911,6172
2911,11942
2911,9698
2911,20782
2911,31468
2911,6478
2911,18457
2911,5122
2911,23680
2911,12516
2911,13902
2911,5344
2911,5124
2911,5371
2911,31469
2911,7200
2911,12288
2911,31446
2911,31470
2911,5908
2911,4720
2911,4985
2911,31471
2911,5911
2911,11924
2911,4599
2911,7903
2911,31472
2911,29133
2912,2957
2912,3246
2912,25109
2912,31473
2912,3475
2912,25115
2912,25119
2912,31474
2912,31475
2912,12436
2912,31476
2912,3864
2912,5563
2912,31477
2912,25782
2912,31478
2912,25124
2912,29136
2912,16961
2912,31479
2912,14959
2912,11646
2912,31480
2912,5372
2912,31481
2912,4359
2912,4368
2912,31482
2912,31483
2912,31484
2912,31485
2912,31486
2912,31157
2912,30383
2912,4435
2912,4442
2912,31487
2912,4479
2912,31488
2912,20529
2912,4492
2912,31489
2912,31490
2912,31491
2912,15834
2912,31492
2912,31493
2912,31494
2912,25535
2912,31495
2912,4538
2912,5565
2912,6980
2912,31496
2912,31497
2912,5403
2912,12083
2912,4599
2912,31498
2912,13649
2912,9604
2912,10428
2912,5381
2912,8509
2912,31499
2912,31500
2912,31501
2912,28225
2913,31502
2913,31503
2913,31504
2913,31505
2913,31506
2913,31507
2913,31508
2913,31509
2913,31510
2913,7693
2913,16803
2913,31511
2913,31512
2913,31513
2913,31514
2913,31515
2913,5827
2913,31516
2913,31517
2913,16970
2913,14700
2913,31518
2913,4703
2913,31519
2913,31520
2913,31521
2913,7214
2913,4768
2913,31522
2913,31523
2914,31524
2914,27308
2914,4739
2914,31525
2914,3229
2914,31526
2914,3286
2914,3303
2914,31527
2914,8792
2914,31528
2914,5458
2914,4744
2914,4745
2914,31529
2914,4746
2914,4747
2914,17404
2914,21123
2914,18978
2914,4748
2914,4749
2914,6494
2914,4750
2914,17727
2914,18981
2914,4975
2914,10039
2914,31465
2914,9588
2914,18951
2914,4751
2914,18556
2914,7302
2914,5986
2914,21379
2914,4753
2914,5747
2914,4978
2914,5483
2914,4754
2914,18984
2914,31530
2914,16844
2914,10791
2914,4755
2914,4979
2914,4980
2914,4981
2914,4756
2914,26299
2914,31531
2914,31532
2914,4757
2914,4720
2914,31533
2914,4983
2914,10244
2914,10245
2914,4758
2914,31534
2914,21380
2914,4984
2914,4985
2914,4359
2914,4368
2914,31535
2914,4986
2914,31536
2914,31537
2914,4421
2914,18987
2914,24323
2914,10247
2914,28381
2914,4987
2914,23773
2914,7172
2914,6794
2914,10266
2914,21382
2914,4759
2914,4760
2914,31538
2914,4677
2914,31539
2914,4761
2914,4762
2914,10253
2914,4597
2914,4763
2914,4698
2914,18989
2914,24966
2914,6598
2914,16856
2914,14761
2914,4681
2914,4764
2914,4599
2914,4543
2914,4766
2914,5001
2914,4910
2914,10197
2914,5249
2914,10271
2914,6335
2914,12615
2914,4805
2914,31540
2914,10605
2914,31541
2914,4768
2914,4729
2914,12297
2914,5357
2914,4603
2914,31542
2915,31543
2915,31544
2915,16868
2915,31545
2915,29040
2915,20631
2915,29057
2915,8897
2915,3849
2915,31154
2915,31546
2915,6243
2915,16959
2915,9620
2915,6712
2915,16961
2915,11861
2915,6443
2915,4696
2915,31547
2915,29920
2915,4359
2915,12438
2915,18301
2915,4368
2915,4377
2915,6448
2915,22652
2915,19542
2915,31548
2915,5981
2915,5263
2915,4677
2915,5302
2915,4761
2915,5463
2915,6980
2915,5304
2915,4599
2915,23206
2915,31549
2915,31550
2915,29106
2915,4768
2915,31551
2916,31552
2916,31553
2916,31554
2916,31555
2916,31556
2916,17792
2916,31557
2916,31558
2916,4677
2916,16666
2916,31559
2916,31560
2916,4599
2916,31561
2916,31562
2916,31563
2916,24362
2916,31564
2916,31565
2916,31566
2916,31567
2917,3661
2917,3811
2917,3834
2917,3864
2917,3970
2917,4755
2917,14489
2917,4720
2917,4250
2917,31568
2917,4359
2917,6978
2917,28910
2917,4368
2917,6448
2917,4398
2917,12639
2917,5981
2917,30875
2917,6247
2917,4761
2917,16347
2917,31569
2917,8189
2917,4599
2917,31570
2917,31571
2917,31572
2917,4768
2917,11928
2918,31573
2918,8943
2918,31574
2918,31575
2918,31576
2918,31577
2918,28083
2918,28093
2918,3834
2918,31578
2918,3864
2918,31579
2918,13323
2918,4755
2918,6771
2918,5031
2918,6562
2918,4720
2918,6712
2918,5087
2918,4985
2918,4359
2918,14399
2918,4368
2918,4377
2918,31580
2918,6448
2918,4458
2918,31581
2918,7619
2918,17840
2918,5981
2918,6295
2918,31582
2918,7332
2918,4677
2918,31583
2918,12011
2918,31569
2918,6980
2918,4599
2918,5381
2918,31584
2918,31585
2918,31572
2918,4768
2918,27674
2918,28973
2918,31586
2919,31587
2919,7156
2919,31588
2919,4755
2919,31589
2919,6562
2919,31590
2919,4250
2919,31591
2919,31592
2919,31554
2919,31593
2919,31594
2919,31595
2919,31596
2919,31597
2919,31598
2919,31599
2919,31600
2919,31601
2919,31602
2919,4761
2919,31603
2919,5463
2919,31604
2919,5827
2919,31605
2919,31606
2919,31607
2919,4768
2919,10775
2920,31608
2920,3306
2920,3424
2920,31609
2920,3571
2920,4750
2920,3598
2920,31610
2920,3859
2920,3923
2920,4010
2920,31611
2920,5054
2920,4349
2920,6070
2920,4393
2920,4777
2920,6071
2920,20259
2920,4437
2920,4439
2920,4676
2920,4446
2920,24835
2920,16125
2920,4454
2920,22926
2920,5301
2920,5202
2920,12066
2920,4698
2920,8861
2920,4643
2920,6498
2920,18833
2920,4681
2920,21442
2920,4599
2920,4543
2920,5539
2920,5609
2920,31612
2920,21542
2920,27256
2920,5991
2920,12615
2920,4805
2920,12226
2920,4768
2920,31613
2920,5064
2920,31614
2921,31615
2921,31616
2921,4741
2921,31617
2921,17401
2921,4745
2921,31529
2921,3482
2921,31618
2921,18978
2921,4748
2921,4749
2921,4750
2921,31619
2921,4975
2921,31465
2921,31620
2921,31621
2921,31622
2921,26932
2921,4978
2921,31623
2921,18984
2921,4979
2921,4756
2921,31624
2921,4758
2921,4984
2921,31625
2921,5180
2921,4762
2921,31626
2921,14838
2921,31627
2921,31628
2922,31629
2922,31630
2922,3114
2922,3312
2922,3342
2922,29045
2922,19879
2922,17827
2922,30882
2922,3661
2922,31631
2922,3707
2922,19881
2922,17830
2922,17831
2922,31418
2922,15522
2922,19882
2922,3975
2922,4054
2922,16725
2922,12825
2922,17834
2922,4189
2922,4720
2922,30887
2922,17350
2922,6533
2922,15524
2922,4286
2922,4359
2922,4368
2922,4377
2922,6696
2922,3813
2922,30894
2922,17838
2922,4458
2922,8188
2922,4593
2922,4677
2922,31424
2922,4698
2922,12082
2922,5401
2922,4599
2922,4543
2922,11071
2922,31632
2922,16355
2922,31633
2922,17845
2922,31634
2922,7111
2922,10754
2922,4768
2922,31635
2923,31636
2923,31637
2923,4692
2923,31638
2923,31639
2923,31640
2923,31641
2923,31642
2923,31643
2923,18398
2923,4599
2923,31644
2924,3304
2924,27498
2924,3414
2924,31645
2924,24957
2924,4750
2924,7153
2924,31646
2924,18951
2924,31647
2924,31648
2924,31649
2924,3876
2924,4755
2924,27700
2924,31650
2924,4186
2924,4189
2924,31651
2924,31652
2924,31653
2924,31654
2924,4487
2924,27509
2924,31655
2924,31656
2924,31657
2924,4677
2924,31658
2924,31659
2924,27513
2924,31660
2924,31661
2924,4599
2924,4543
2924,31662
2924,31663
2924,27523
2924,4910
2924,31664
2924,31665
2924,31666
2925,31667
2925,3542
2925,5544
2925,3842
2925,31668
2925,31669
2925,31670
2925,3981
2925,3997
2925,31671
2925,31672
2925,4189
2925,4234
2925,31673
2925,4349
2925,31674
2925,4377
2925,4393
2925,4437
2925,4439
2925,4446
2925,31675
2925,31676
2925,7096
2925,31677
2925,31678
2925,31679
2925,31680
2925,16666
2925,4698
2925,16347
2925,31681
2925,31682
2925,4599
2925,31683
2925,31684
2925,5827
2925,4543
2925,31685
2925,31686
2925,31687
2925,31688
2925,31689
2925,31690
2925,31691
2925,31692
2925,31693
2925,31694
2925,31695
2925,5249
2925,31696
2925,31564
2925,31697
2925,31698
2925,31699
2926,24519
2926,3605
2926,5172
2926,24521
2926,5586
2926,4582
2926,4261
2926,4266
2926,6377
2926,13733
2926,20060
2926,4677
2926,17314
2926,4678
2926,11781
2926,11919
2926,5056
2926,4785
2926,4786
2926,4787
2926,4699
2926,4599
2926,5827
2926,23781
2926,5609
2926,12631
2926,22334
2926,30969
2926,5610
2926,4910
2928,31700
2928,21248
2928,16439
2928,13728
2928,31701
2928,31702
2928,4391
2928,31703
2928,31704
2928,31705
2928,25196
2928,31706
2928,17754
2928,4457
2928,21687
2928,31707
2928,31708
2928,31709
2928,17314
2928,31710
2928,4761
2928,31711
2928,11781
2928,12750
2928,6971
2928,16446
2928,5057
2928,4539
2928,12594
2928,16447
2928,12121
2928,21141
2928,11352
2928,31712
2928,31713
2928,8509
2928,31714
2928,5406
2929,31715
2929,15037
2929,15044
2929,4415
2929,15048
2929,31716
2929,4496
2929,31717
2929,15060
2929,12750
2929,5056
2929,5057
2929,31718
2929,4681
2929,31719
2929,31720
2929,4599
2929,31721
2929,31722
2929,31723
2929,31724
2929,31725
2929,31726
2929,8698
2930,31727
2930,31728
2930,3689
2930,31729
2930,31730
2930,31731
2930,31732
2930,31733
2930,31734
2930,31735
2930,31736
2930,31737
2930,31738
2930,31739
2930,27822
2930,31740
2930,7401
2930,31741
2930,31742
2930,31743
2930,31744
2930,31745
2930,31746
2930,6498
2930,5403
2930,31747
2930,31748
2930,31749
2930,31750
2931,31751
2931,31752
2931,31753
2931,31754
2931,12734
2931,24315
2931,31755
2931,31756
2931,24316
2931,31757
2931,24317
2931,31758
2931,31759
2931,24522
2931,31760
2931,31761
2931,24319
2931,23893
2931,5530
2931,31762
2931,14829
2931,15044
2931,7167
2931,18987
2931,27837
2931,20438
2931,12749
2931,12593
2931,19546
2931,4762
2931,11781
2931,6103
2931,10253
2931,6971
2931,4597
2931,5056
2931,18990
2931,4599
2931,29324
2932,31763
2932,31764
2932,3666
2932,11257
2932,31765
2932,31766
2932,31767
2932,16441
2932,31768
2932,11260
2932,4521
2932,4761
2932,4539
2932,4599
2932,11071
2932,31769
2932,31770
2932,31771
2932,31772
2932,31773
2932,31774
2933,31775
2933,31776
2933,31777
2933,3733
2933,31778
2933,3802
2933,31779
2933,31780
2933,31781
2933,31782
2933,3974
2933,3978
2933,31783
2933,31784
2933,31785
2933,31786
2933,31787
2933,4215
2933,31788
2933,24468
2933,9653
2933,31789
2933,4340
2933,31790
2933,29989
2933,27596
2933,31791
2933,31792
2933,17670
2933,31793
2933,16924
2933,11260
2933,31794
2933,4761
2933,31795
2933,31796
2933,31797
2933,4539
2933,12121
2933,31798
2933,13914
2933,11352
2933,31799
2933,16448
2933,31800
2933,31801
2933,31802
2933,20807
2933,31803
2933,31804
2933,31805
2934,31806
2934,31807
2934,31808
2934,3714
2934,19047
2934,3806
2934,31809
2934,3815
2934,31810
2934,5815
2934,31811
2934,23644
2934,31812
2934,31813
2934,31814
2934,31815
2934,4189
2934,31816
2934,5816
2934,4248
2934,31817
2934,31818
2934,11010
2934,31819
2934,31820
2934,28009
2934,31821
2934,31822
2934,31823
2934,31824
2934,5819
2934,31825
2934,4475
2934,23650
2934,31826
2934,15337
2934,31827
2934,5779
2934,10855
2934,4868
2934,31828
2934,11014
2934,8412
2934,5822
2934,24598
2934,27841
2934,6496
2934,31829
2934,24356
2934,5823
2934,31830
2934,12066
2934,31831
2934,9457
2934,31832
2934,5824
2934,5825
2934,5826
2934,4906
2934,5464
2934,13809
2934,4599
2934,5486
2934,5249
2934,23654
2934,5831
2935,2988
2935,29400
2935,23983
2935,29402
2935,31833
2935,31834
2935,4671
2935,14179
2935,2674
2935,4557
2935,14180
2935,31835
2935,8329
2935,14181
2935,23988
2935,10660
2935,31836
2935,31837
2935,31838
2935,4672
2935,3611
2935,10478
2935,31839
2935,31840
2935,23193
2935,31841
2935,23992
2935,25999
2935,4571
2935,31842
2935,15218
2935,15842
2935,3893
2935,7920
2935,11834
2935,14309
2935,4010
2935,10482
2935,26102
2935,10662
2935,4189
2935,4582
2935,14311
2935,26105
2935,11837
2935,10663
2935,12361
2935,15922
2935,4586
2935,16124
2935,4587
2935,4452
2935,16125
2935,4453
2935,15222
2935,4590
2935,10664
2935,15223
2935,8160
2935,8271
2935,15224
2935,4868
2935,8412
2935,4594
2935,4681
2935,4599
2935,4543
2935,8693
2935,12615
2936,31764
2936,11257
2936,31843
2936,25258
2936,31844
2936,31845
2936,31846
2936,4521
2936,31847
2936,27610
2936,8509
2936,31771
2936,31848
2936,31849
2938,3227
2938,3332
2938,3475
2938,3655
2938,31850
2938,31851
2938,3859
2938,3888
2938,26821
2938,21858
2938,4349
2938,4355
2938,4393
2938,4437
2938,4439
2938,4446
2938,6248
2938,5493
2938,4698
2938,18833
2938,5304
2938,4599
2938,4543
2938,7264
2938,5063
2938,5064
2939,31852
2939,31853
2939,31854
2939,31855
2939,31856
2939,31857
2939,31858
2939,31859
2939,31860
2939,31861
2939,31862
2939,31863
2939,31864
2939,31865
2939,31866
2939,24234
2939,31867
2939,31868
2939,13340
2939,24844
2939,31869
2939,31870
2939,31871
2939,31872
2939,31873
2939,31874
2939,31875
2939,31876
2939,31877
2939,31878
2939,31879
2939,24253
2939,31880
2939,31881
2939,31882
2939,31883
2939,27059
2939,31884
2939,31885
2939,4761
2939,31886
2939,31887
2939,31888
2939,31889
2939,31890
2939,31891
2939,31892
2939,31893
2939,31698
2940,31894
2940,3191
2940,17399
2940,31895
2940,31896
2940,31897
2940,31898
2940,31899
2940,9240
2940,24496
2940,19577
2940,31900
2940,31901
2940,14566
2940,19578
2940,22833
2940,31902
2940,31903
2940,31904
2940,31905
2940,31906
2940,31907
2940,31908
2940,31909
2940,31910
2940,4437
2940,31911
2940,19581
2940,31912
2940,4454
2940,8767
2940,9248
2940,31913
2940,19583
2940,9250
2940,7123
2940,5971
2940,31914
2940,31915
2940,8770
2940,17342
2940,9255
2940,5987
2940,14567
2940,9259
2940,18193
2940,9260
2940,19586
2940,28943
2940,14569
2940,4599
2940,4543
2940,23451
2940,5553
2940,14570
2940,22839
2940,8358
2940,31916
2940,5898
2940,4603
2941,14179
2941,4562
2941,31917
2941,10660
2941,31918
2941,4564
2941,4566
2941,25997
2941,4568
2941,10661
2941,14183
2941,4570
2941,31919
2941,3833
2941,4572
2941,4573
2941,31920
2941,4574
2941,4575
2941,3893
2941,4576
2941,4577
2941,31921
2941,31922
2941,31923
2941,23195
2941,26103
2941,4582
2941,31924
2941,31925
2941,31926
2941,11837
2941,23196
2941,4393
2941,31927
2941,4410
2941,31928
2941,4586
2941,4676
2941,31929
2941,4588
2941,4454
2941,23896
2941,4589
2941,4590
2941,4591
2941,8271
2941,8412
2941,7425
2941,4783
2941,5485
2941,26040
2941,4598
2941,30128
2941,4599
2941,4543
2941,4600
2941,4602
2942,31930
2942,5480
2942,31931
2942,31932
2942,31933
2942,3902
2942,31934
2942,31935
2942,31936
2942,4720
2942,31937
2942,4359
2942,8907
2942,31938
2942,31939
2942,10409
2942,31940
2942,10410
2942,31941
2942,31942
2942,30875
2942,13912
2942,31943
2942,31944
2942,31945
2942,17771
2942,31946
2942,17772
2942,31947
2942,31948
2942,17774
2942,4768
2942,31949
2943,9485
2943,10080
2943,30603
2943,5122
2943,31950
2943,8060
2943,31951
2943,13337
2943,5124
2943,6287
2943,5294
2943,27693
2943,4720
2943,31952
2943,4359
2943,31953
2943,31954
2943,19105
2943,31955
2943,31956
2943,13590
2943,31957
2943,4599
2943,31958
2943,31959
2943,30645
2943,31960
2943,31961
2944,31962
2944,31963
2944,31964
2944,11610
2944,26769
2944,31965
2944,31966
2944,31967
2944,17293
2944,31968
2944,6121
2944,7598
2944,5086
2944,4349
2944,4368
2944,4377
2944,31969
2944,20995
2944,7784
2944,31970
2944,7789
2944,4761
2944,7127
2944,31971
2944,6799
2944,5827
2944,31972
2944,31973
2944,31974
2944,7606
2944,26793
2945,3246
2945,3424
2945,3475
2945,3550
2945,3722
2945,3773
2945,3859
2945,18826
2945,3913
2945,17927
2945,4755
2945,4081
2945,5589
2945,4198
2945,31975
2945,31976
2945,4303
2945,4696
2945,4314
2945,4349
2945,4393
2945,31977
2945,31978
2945,29678
2945,4428
2945,4437
2945,4439
2945,4446
2945,31791
2945,4454
2945,31979
2945,5970
2945,8188
2945,4868
2945,31980
2945,5604
2945,9252
2945,5485
2945,31981
2945,12419
2945,5987
2945,31982
2945,11919
2945,4643
2945,4681
2945,4787
2945,4599
2945,4543
2945,4871
2945,5553
2945,5609
2945,4910
2945,11071
2945,5991
2945,5898
2947,4625
2947,31983
2947,17397
2947,3215
2947,31984
2947,31985
2947,3498
2947,31986
2947,4749
2947,3576
2947,25211
2947,31987
2947,31988
2947,22880
2947,31989
2947,26887
2947,31990
2947,13238
2947,15628
2947,31991
2947,4013
2947,4023
2947,31992
2947,4755
2947,31993
2947,31994
2947,5586
2947,31995
2947,26890
2947,31996
2947,31997
2947,4189
2947,4582
2947,31998
2947,31999
2947,26893
2947,26646
2947,4290
2947,32000
2947,32001
2947,32002
2947,9769
2947,26894
2947,32003
2947,14219
2947,4439
2947,6317
2947,22142
2947,32004
2947,32005
2947,32006
2947,17933
2947,14283
2947,32007
2947,32008
2947,26658
2947,26895
2947,32009
2947,32010
2947,32011
2947,4761
2947,32012
2947,32013
2947,32014
2947,32015
2947,32016
2947,32017
2947,32018
2947,32019
2947,32020
2947,4599
2947,32021
2947,5827
2947,4701
2947,32022
2947,32023
2947,32024
2947,12439
2947,26899
2947,32025
2947,28567
2947,32026
2947,32027
2947,32028
2947,32029
2947,32030
2947,32031
2947,32032
2947,32033
2947,5898
2948,17233
2948,31227
2948,12147
2948,32034
2948,12708
2948,31232
2948,32035
2948,32036
2948,12151
2948,32037
2948,32038
2948,20941
2948,4750
2948,12715
2948,32039
2948,32040
2948,12716
2948,17068
2948,8289
2948,29567
2948,3878
2948,4753
2948,7051
2948,32041
2948,32042
2948,32043
2948,32044
2948,32045
2948,32046
2948,32047
2948,4758
2948,32048
2948,4359
2948,4368
2948,31275
2948,15417
2948,24981
2948,32049
2948,5264
2948,4870
2948,7471
2948,4599
2948,4872
2948,5539
2948,32050
2948,12721
2948,12722
2948,5988
2948,12723
2948,12724
2948,4910
2948,4873
2948,5249
2948,12725
2948,12168
2948,32051
2948,32052
2948,32053
2948,32054
2948,32055
2948,32056
2949,32057
2949,32058
2949,32059
2949,32060
2949,3721
2949,32061
2949,32062
2949,3815
2949,32063
2949,32064
2949,32065
2949,32066
2949,4082
2949,11257
2949,32067
2949,32068
2949,32069
2949,32070
2949,32071
2949,32072
2949,32073
2949,4761
2949,4539
2949,11352
2949,22467
2949,32074
2949,32075
2949,32076
2949,32077
2949,20841
2950,32078
2950,15001
2950,4048
2950,4350
2950,4359
2950,4447
2950,4457
2950,4761
2950,4599
2950,32079
2950,4768
2951,3400
2951,3424
2951,3825
2951,3848
2951,3913
2951,3997
2951,13797
2951,6907
2951,4250
2951,4758
2951,4326
2951,4984
2951,4345
2951,4349
2951,22238
2951,4393
2951,12058
2951,4421
2951,4437
2951,4446
2951,4454
2951,4458
2951,4593
2951,12419
2951,5987
2951,5606
2951,4698
2951,5973
2951,4643
2951,4681
2951,4599
2951,4543
2951,5553
2951,5539
2951,5784
2951,5991
2951,25978
2951,27948
2951,17116
2951,5064
2952,32080
2952,32081
2952,29448
2952,3471
2952,6610
2952,29626
2952,32082
2952,3780
2952,32083
2952,32084
2952,10326
2952,32085
2952,25838
2952,32086
2952,32087
2952,3995
2952,4030
2952,32088
2952,32089
2952,27820
2952,16466
2952,7783
2952,32090
2952,4330
2952,32091
2952,32092
2952,4454
2952,32093
2952,32094
2952,4486
2952,32095
2952,4523
2952,5485
2952,32096
2952,32097
2952,32098
2952,10332
2952,32099
2952,32100
2952,32101
2952,21644
2952,32102
2952,20383
2953,14180
2953,5123
2953,32103
2953,32104
2953,32105
2953,32106
2953,31466
2953,32107
2953,32108
2953,32109
2953,32110
2953,32111
2953,32112
2953,32113
2953,10482
2953,32114
2953,32115
2953,7052
2953,32116
2953,32117
2953,32118
2953,32119
2953,18573
2953,32120
2953,32121
2953,5778
2953,32122
2953,8802
2953,4590
2953,5599
2953,12111
2953,32123
2953,29411
2953,32124
2953,32125
2953,32126
2953,4762
2953,32127
2953,32128
2953,10253
2953,32129
2953,8452
2953,32130
2953,32131
2953,12114
2953,26115
2953,7056
2953,32132
2953,10751
2953,9132
2953,5827
2953,28868
2953,4910
2953,32133
2953,32134
2953,4768
2954,31222
2954,32135
2954,32136
2954,17476
2954,31239
2954,32137
2954,22884
2954,5419
2954,29964
2954,32138
2954,29968
2954,29970
2954,31265
2954,27943
2954,32139
2954,15492
2954,32140
2954,28856
2954,32141
2954,29978
2954,29979
2954,32142
2954,20060
2954,32143
2954,29980
2954,29981
2954,5493
2954,12066
2954,23497
2954,5057
2954,4681
2954,4599
2954,32144
2954,20668
2954,5609
2954,13510
2954,32145
2954,32146
2954,32147
2954,4952
2955,32148
2955,9364
2955,17398
2955,17401
2955,7493
2955,32149
2955,32150
2955,8666
2955,32151
2955,12184
2955,21736
2955,15797
2955,17406
2955,4750
2955,32152
2955,16367
2955,3714
2955,32153
2955,18951
2955,32154
2955,19047
2955,32155
2955,5172
2955,17407
2955,32156
2955,3851
2955,5771
2955,20664
2955,26930
2955,32157
2955,12874
2955,21714
2955,7497
2955,16844
2955,4755
2955,17409
2955,32158
2955,17412
2955,32159
2955,32160
2955,4757
2955,32161
2955,21719
2955,32162
2955,4758
2955,12198
2955,32163
2955,8404
2955,20667
2955,24291
2955,27595
2955,6070
2955,8407
2955,7167
2955,32164
2955,32165
2955,15817
2955,32166
2955,32167
2955,9770
2955,4677
2955,5246
2955,10427
2955,32168
2955,6595
2955,7513
2955,6103
2955,9456
2955,16112
2955,7100
2955,7514
2955,5539
2955,12723
2955,15313
2955,21512
2955,32169
2955,32170
2955,4768
2956,3851
2956,9164
2956,4753
2956,7051
2956,16844
2956,7924
2956,10262
2956,4216
2956,4758
2956,20667
2956,32171
2956,27595
2956,4984
2956,4349
2956,4393
2956,19240
2956,5547
2956,4439
2956,7172
2956,15817
2956,6794
2956,10266
2956,32172
2956,8188
2956,24324
2956,32173
2956,4679
2956,17424
2956,32174
2956,4698
2956,9456
2956,16856
2956,14761
2956,4906
2956,15308
2956,4599
2956,4543
2956,4701
2956,4910
2956,5249
2956,10271
2956,4603
2957,32175
2957,3598
2957,3611
2957,3893
2957,3923
2957,4234
2957,4696
2957,32176
2957,11913
2957,4777
2957,4410
2957,4778
2957,4454
2957,17932
2957,8412
2957,26034
2957,4678
2957,4783
2957,4761
2957,11919
2957,32177
2957,5606
2957,6228
2957,4681
2957,5269
2957,5304
2957,4787
2957,4599
2957,5609
2957,32178
2957,23041
2957,5486
2957,9819
2957,32179
2957,5249
2957,8775
2957,12615
2958,32180
2958,3369
2958,5123
2958,32181
2958,32182
2958,3649
2958,21198
2958,32183
2958,3789
2958,3791
2958,32184
2958,3945
2958,5483
2958,4755
2958,32185
2958,4100
2958,32186
2958,5968
2958,32187
2958,13280
2958,32188
2958,4696
2958,6070
2958,24833
2958,9340
2958,5695
2958,13282
2958,32189
2958,5261
2958,7167
2958,7580
2958,32190
2958,21213
2958,9384
2958,29093
2958,21909
2958,7332
2958,6247
2958,4677
2958,5246
2958,7668
2958,4761
2958,5987
2958,5973
2958,10398
2958,4681
2958,5269
2958,4599
2958,6330
2958,5553
2958,4910
2958,4805
2958,32191
2958,7272
2959,32192
2959,32193
2959,32194
2959,32195
2959,32196
2959,32197
2959,32198
2959,32199
2959,32200
2959,32201
2959,32202
2959,32203
2959,13489
2959,32204
2959,32205
2959,32206
2959,32207
2959,32208
2959,32209
2959,32210
2959,4189
2959,6562
2959,4234
2959,32211
2959,32212
2959,32213
2959,32214
2959,32215
2959,32216
2959,32217
2959,4411
2959,22768
2959,32218
2959,32219
2959,4499
2959,32220
2959,13911
2959,7787
2959,20599
2959,32221
2959,4761
2959,7126
2959,4679
2959,32222
2959,6799
2959,32223
2959,7100
2959,5330
2959,4599
2959,5827
2959,32224
2959,32225
2959,32226
2959,32227
2959,4603
2959,32228
2960,32229
2960,32230
2960,32231
2960,32232
2960,32233
2960,9587
2960,15695
2960,32234
2960,5986
2960,5172
2960,23178
2960,4753
2960,7051
2960,32235
2960,5483
2960,23496
2960,4755
2960,27044
2960,32236
2960,32237
2960,4984
2960,32238
2960,32239
2960,32240
2960,32241
2960,32242
2960,31280
2960,14516
2960,32243
2960,32244
2960,32245
2960,28866
2960,4681
2960,32246
2960,4787
2960,32247
2960,5539
2960,32248
2960,32249
2960,5486
2960,5000
2960,32250
2960,4910
2960,28869
2960,32251
2960,10605
2960,32252
2960,5898
2960,32253
2961,32254
2961,5961
2961,32255
2961,32256
2961,3353
2961,32257
2961,32258
2961,32259
2961,32260
2961,8752
2961,9860
2961,9861
2961,32261
2961,32262
2961,32263
2961,3822
2961,9864
2961,4752
2961,9866
2961,32264
2961,32265
2961,32266
2961,29529
2961,32267
2961,4189
2961,32268
2961,32269
2961,29534
2961,25368
2961,29535
2961,32270
2961,9871
2961,32271
2961,29537
2961,25567
2961,9872
2961,28902
2961,7831
2961,4681
2961,4599
2961,17072
2961,4910
2961,32272
2961,9886
2961,32273
2961,32274
2961,32275
2961,5064
2961,32276
2962,32277
2962,16194
2962,25390
2962,16792
2962,32278
2962,32279
2962,29745
2962,30666
2962,4189
2962,30671
2962,32280
2962,12057
2962,8685
2962,5602
2962,24674
2962,32281
2962,4681
2962,7100
2962,32282
2962,4599
2962,32283
2962,5064
2963,6766
2963,32284
2963,32285
2963,32286
2963,5979
2963,3661
2963,32287
2963,32288
2963,32289
2963,32290
2963,32291
2963,32292
2963,32293
2963,32294
2963,32295
2963,32296
2963,32297
2963,32298
2963,24070
2963,7089
2963,12580
2963,32299
2963,26527
2963,28911
2963,6448
2963,32300
2963,32301
2963,25503
2963,32302
2963,15052
2963,32303
2963,32304
2963,4677
2963,15059
2963,4761
2963,4869
2963,32305
2963,15065
2963,7055
2963,15067
2963,9602
2963,7101
2963,7208
2963,5889
2963,7475
2963,32306
2963,32307
2963,32308
2963,32309
2963,25875
2963,32310
2963,32311
2963,32312
2963,4768
2963,4729
2963,32313
2963,32314
2963,4603
2963,29924
2964,32315
2964,32316
2964,32317
2964,32318
2964,32319
2964,32320
2964,32321
2964,32322
2964,32323
2964,4030
2964,22267
2964,32324
2964,32325
2964,32326
2964,32327
2964,7783
2964,32328
2964,4696
2964,32329
2964,32330
2964,4397
2964,32331
2964,17565
2964,4457
2964,22275
2964,22277
2964,24396
2964,32332
2964,29362
2964,32333
2964,11470
2964,29368
2964,29369
2964,32334
2964,29370
2964,4599
2964,25800
2965,32335
2965,7300
2965,13339
2965,9376
2965,3790
2965,32336
2965,3825
2965,3962
2965,19538
2965,6002
2965,27694
2965,4090
2965,6712
2965,29846
2965,5086
2965,4985
2965,6445
2965,4355
2965,4359
2965,4368
2965,4377
2965,18091
2965,29848
2965,5981
2965,10084
2965,5821
2965,4761
2965,4599
2965,22728
2965,4768
2966,3689
2966,32337
2966,23594
2966,30999
2966,32338
2966,32339
2966,4019
2966,32340
2966,32341
2966,32342
2966,6869
2966,13908
2966,6870
2966,4185
2966,4189
2966,14489
2966,11413
2966,11414
2966,4305
2966,15508
2966,7401
2966,4696
2966,6069
2966,32343
2966,4349
2966,5398
2966,4356
2966,32344
2966,11099
2966,9342
2966,4420
2966,14491
2966,9343
2966,5399
2966,9599
2966,18428
2966,6794
2966,13911
2966,32345
2966,4524
2966,6074
2966,4679
2966,19084
2966,4531
2966,29769
2966,5403
2966,4681
2966,4599
2966,6234
2966,5827
2966,15070
2966,32346
2966,32347
2966,5249
2966,5488
2966,28085
2966,4603
2967,22523
2967,32348
2967,12046
2967,3391
2967,4692
2967,32349
2967,32350
2967,4177
2967,6562
2967,4211
2967,4250
2967,4290
2967,4306
2967,12058
2967,9342
2967,4421
2967,29595
2967,7167
2967,4458
2967,16966
2967,4508
2967,5246
2967,6226
2967,9254
2967,7698
2967,18444
2967,5973
2967,9131
2967,4681
2967,7100
2967,4599
2967,5538
2967,12069
2967,5988
2967,12421
2967,16206
2967,5898
2967,7436
2967,12072
2967,5064
2967,4603
2969,32351
2969,32352
2969,32353
2969,11253
2969,26443
2969,21733
2969,26445
2969,32354
2969,26283
2969,26285
2969,13120
2969,8061
2969,7228
2969,26452
2969,22161
2969,21738
2969,30983
2969,7230
2969,16961
2969,6443
2969,4359
2969,18301
2969,16233
2969,19542
2969,32355
2969,5301
2969,5269
2969,5304
2969,4599
2969,15711
2969,4701
2969,6459
2969,20147
2969,5358
2970,32356
2970,32357
2970,32358
2970,6957
2970,32359
2970,32360
2970,32361
2970,32362
2970,6712
2970,4359
2970,4368
2970,32363
2970,5088
2970,32364
2970,32365
2970,4761
2970,4599
2970,32366
2970,27860
2971,32367
2971,22013
2971,32368
2971,22014
2971,29860
2971,3322
2971,3337
2971,3424
2971,5581
2971,14182
2971,15088
2971,3571
2971,3611
2971,12637
2971,27197
2971,15089
2971,3859
2971,3893
2971,3923
2971,3950
2971,5586
2971,31815
2971,4582
2971,4349
2971,4358
2971,4393
2971,4439
2971,6377
2971,4868
2971,8412
2971,5821
2971,4783
2971,5485
2971,4761
2971,4679
2971,4698
2971,4681
2971,4599
2971,4543
2971,5553
2971,5609
2971,25702
2971,4682
2971,5991
2971,12615
2972,15646
2972,32369
2972,32370
2972,25187
2972,32371
2972,32372
2972,9061
2972,25191
2972,32373
2972,32374
2972,15649
2972,32375
2972,32376
2972,32377
2972,32378
2972,12593
2972,15654
2972,32379
2972,25200
2972,32380
2972,9066
2972,26536
2972,27690
2972,32381
2973,32382
2973,32368
2973,29860
2973,3337
2973,32383
2973,3437
2973,5581
2973,14182
2973,15088
2973,3571
2973,12637
2973,15089
2973,32384
2973,19658
2973,25277
2973,3859
2973,3893
2973,3923
2973,3934
2973,29862
2973,5483
2973,4755
2973,5586
2973,4176
2973,4582
2973,5592
2973,4777
2973,4410
2973,4779
2973,4868
2973,8412
2973,26112
2973,4783
2973,4761
2973,21929
2973,23118
2973,4698
2973,4681
2973,4787
2973,4599
2973,4543
2973,5609
2973,5610
2973,32385
2973,4682
2973,32386
2973,12615
2973,4805
2974,32387
2974,32388
2974,32389
2974,32390
2974,22452
2974,30647
2974,31010
2974,3806
2974,7199
2974,32391
2974,32392
2974,32393
2974,15779
2974,32394
2974,32395
2974,4153
2974,32396
2974,29136
2974,32397
2974,7053
2974,31014
2974,9246
2974,26720
2974,31017
2974,4677
2974,16203
2974,32398
2974,17487
2974,23206
2974,31021
2974,32399
2974,32400
2974,29137
2974,31024
2974,32401
2974,4768
2974,11868
2974,7436
2975,32402
2975,29403
2975,4671
2975,29404
2975,32403
2975,14179
2975,10658
2975,4557
2975,32404
2975,3337
2975,32405
2975,14180
2975,8329
2975,14181
2975,3437
2975,10660
2975,4564
2975,29407
2975,5123
2975,4672
2975,3571
2975,3633
2975,10478
2975,10661
2975,14183
2975,23193
2975,24286
2975,4571
2975,23194
2975,4573
2975,3893
2975,3923
2975,3934
2975,10482
2975,10662
2975,4582
2975,11837
2975,23196
2975,15905
2975,32406
2975,4984
2975,4349
2975,4410
2975,4586
2975,4779
2975,4587
2975,4589
2975,4590
2975,10664
2975,8412
2975,32407
2975,32408
2975,4681
2975,4599
2975,4543
2975,32409
2975,32410
2975,12615
2976,32411
2976,32412
2976,14461
2976,4586
2976,4458
2976,17933
2976,6248
2976,32413
2976,21539
2976,5353
2976,28631
2976,5354
2976,4681
2976,4786
2976,5304
2976,4699
2976,4599
2976,4543
2976,32414
2976,32415
2976,32416
2976,32417
2978,32418
2978,32419
2978,32420
2978,24067
2978,32421
2978,10960
2978,32422
2978,32423
2978,24766
2978,30377
2978,29844
2978,29845
2978,10520
2978,31155
2978,14349
2978,29847
2978,7203
2978,6448
2978,32424
2978,8616
2978,6657
2978,32425
2978,22927
2978,32426
2978,5605
2978,17220
2978,32427
2978,6981
2978,4951
2978,5827
2978,10974
2978,4768
2978,15281
2978,32428
2979,32429
2979,8745
2979,3002
2979,31321
2979,32430
2979,20906
2979,32431
2979,32432
2979,20911
2979,3901
2979,32433
2979,3981
2979,4755
2979,6771
2979,4155
2979,32434
2979,32435
2979,20922
2979,4371
2979,4394
2979,32436
2979,20180
2979,7789
2979,20444
2979,20933
2979,32437
2979,4681
2979,7361
2979,4599
2979,16204
2979,5486
2979,4601
2979,14550
2979,29221
2979,19551
2979,32438
2979,5898
2979,32439
2981,32440
2981,32441
2981,32442
2981,32443
2981,3209
2981,11391
2981,32444
2981,32445
2981,11396
2981,6059
2981,21137
2981,20662
2981,20298
2981,32446
2981,32447
2981,6064
2981,32448
2981,32449
2981,16844
2981,32450
2981,4122
2981,28355
2981,4757
2981,4185
2981,32451
2981,32452
2981,11414
2981,4758
2981,4984
2981,4356
2981,19240
2981,27250
2981,27252
2981,6794
2981,24324
2981,24966
2981,16856
2981,14761
2981,5403
2981,32453
2981,15472
2981,6972
2981,32454
2981,32455
2981,10197
2981,32456
2981,31004
2981,32457
2981,32458
2982,10656
2982,29400
2982,32459
2982,4671
2982,14179
2982,3276
2982,3285
2982,3286
2982,3296
2982,3303
2982,8329
2982,14181
2982,5163
2982,3434
2982,10660
2982,4564
2982,5123
2982,4672
2982,10478
2982,10661
2982,9239
2982,3791
2982,3843
2982,4571
2982,3893
2982,5586
2982,10662
2982,7924
2982,32460
2982,4582
2982,4268
2982,4758
2982,4289
2982,4984
2982,4349
2982,4359
2982,4393
2982,31927
2982,4410
2982,4421
2982,4437
2982,4439
2982,4676
2982,4446
2982,4587
2982,4452
2982,4454
2982,4456
2982,4495
2982,32461
2982,27834
2982,10267
2982,18015
2982,8412
2982,21923
2982,4783
2982,5485
2982,4761
2982,4679
2982,20143
2982,26040
2982,4698
2982,13590
2982,5269
2982,4599
2982,4543
2982,5249
2982,12615
2983,17472
2983,32462
2983,32463
2983,32464
2983,11395
2983,17476
2983,3422
2983,32465
2983,32466
2983,32467
2983,32468
2983,32469
2983,3823
2983,32470
2983,5393
2983,32471
2983,29905
2983,9592
2983,4185
2983,31306
2983,4696
2983,16576
2983,21093
2983,7402
2983,32472
2983,11417
2983,15750
2983,5399
2983,10965
2983,5604
2983,6619
2983,6075
2983,18830
2983,5403
2983,15756
2983,7103
2983,5889
2983,32473
2983,15070
2983,15758
2983,11071
2983,31310
2983,30198
2983,32474
2983,5613
2983,32475
2983,32476
2985,31918
2985,4564
2985,5123
2985,32477
2985,14183
2985,14184
2985,32478
2985,32479
2985,4570
2985,5174
2985,10239
2985,23194
2985,4572
2985,4573
2985,4574
2985,32480
2985,4576
2985,3923
2985,4577
2985,11834
2985,32481
2985,32482
2985,23994
2985,31923
2985,5589
2985,8547
2985,32483
2985,31924
2985,11837
2985,23196
2985,32484
2985,8270
2985,31927
2985,32485
2985,32486
2985,5261
2985,7580
2985,23197
2985,31929
2985,4587
2985,4588
2985,23896
2985,4589
2985,4591
2985,10664
2985,8271
2985,4508
2985,29411
2985,32125
2985,4594
2985,11747
2985,4678
2985,15206
2985,4762
2985,4597
2985,4681
2985,4598
2985,4599
2985,4543
2985,8693
2985,5609
2985,4998
2985,32487
2985,4600
2985,4910
2985,32488
2985,32489
2986,4349
2986,4393
2986,4421
2986,4437
2986,4439
2986,4446
2986,7096
2986,4508
2986,31678
2986,4593
2986,21740
2986,5485
2986,9656
2986,32490
2986,32491
2986,4698
2986,6228
2986,4599
2986,4543
2986,7209
2986,32492
2986,25518
2986,5064
2986,32493
2987,26854
2987,32494
2987,3388
2987,3424
2987,3441
2987,32495
2987,14732
2987,32496
2987,32497
2987,22621
2987,9405
2987,32498
2987,32499
2987,32500
2987,9337
2987,30313
2987,32501
2987,9378
2987,32502
2987,32503
2987,4755
2987,4211
2987,9379
2987,9339
2987,9380
2987,9407
2987,4696
2987,11156
2987,9384
2987,7665
2987,4868
2987,5987
2987,32504
2987,6077
2987,4681
2987,5827
2987,5539
2987,32505
2987,4805
2987,5064
2987,32506
2988,32507
2988,32508
2988,3722
2988,31648
2988,31649
2988,32509
2988,21604
2988,32510
2988,4755
2988,32511
2988,27505
2988,4314
2988,32512
2988,4416
2988,4421
2988,32513
2988,4499
2988,32514
2988,27509
2988,31655
2988,7789
2988,4761
2988,32515
2988,27287
2988,27513
2988,8556
2988,31661
2988,4599
2988,27519
2988,32516
2988,32517
2988,27523
2988,32518
2988,32519
2988,26342
2989,29999
2989,32520
2989,32521
2989,32522
2989,32523
2989,32524
2989,3746
2989,3795
2989,20404
2989,20405
2989,32525
2989,20409
2989,32526
2989,20411
2989,3901
2989,32527
2989,32528
2989,20414
2989,32529
2989,32530
2989,32531
2989,32532
2989,4127
2989,32533
2989,32534
2989,20415
2989,32535
2989,20419
2989,8679
2989,20421
2989,32536
2989,21455
2989,4349
2989,32537
2989,31040
2989,20425
2989,20427
2989,32538
2989,20429
2989,32539
2989,32540
2989,32541
2989,32542
2989,32543
2989,20439
2989,4677
2989,20440
2989,20441
2989,4679
2989,32544
2989,32545
2989,20446
2989,20447
2989,4698
2989,18191
2989,20448
2989,32546
2989,16139
2989,32547
2989,16141
2989,20452
2989,4599
2989,5827
2989,4543
2989,20934
2989,32548
2989,20455
2989,32549
2989,32550
2989,26390
2989,32551
2989,32552
2989,32553
2989,32554
2990,32555
2990,6093
2990,32556
2990,32557
2990,3698
2990,6096
2990,32558
2990,6097
2990,32559
2990,5460
2990,32560
2990,20358
2990,6098
2990,4189
2990,4234
2990,32561
2990,32562
2990,32563
2990,32564
2990,6100
2990,32565
2990,4454
2990,9912
2990,32566
2990,4640
2990,23376
2990,7668
2990,4678
2990,5987
2990,9917
2990,7428
2990,5355
2990,32567
2990,4599
2990,32568
2991,23391
2991,3431
2991,32569
2991,5123
2991,16367
2991,3791
2991,7495
2991,16373
2991,5771
2991,10625
2991,7497
2991,5483
2991,4755
2991,7500
2991,5261
2991,7580
2991,11132
2991,4868
2991,5246
2991,7668
2991,4761
2991,5987
2991,7513
2991,4599
2991,4910
2991,32570
2992,23538
2992,32571
2992,32572
2992,31066
2992,15447
2992,32573
2992,21224
2992,13005
2992,18881
2992,3216
2992,31070
2992,3422
2992,3501
2992,23590
2992,11399
2992,6860
2992,3604
2992,6060
2992,13903
2992,15505
2992,25522
2992,32574
2992,3764
2992,3775
2992,21235
2992,20103
2992,3823
2992,21091
2992,32575
2992,20275
2992,5393
2992,4034
2992,20105
2992,6869
2992,13908
2992,27238
2992,4185
2992,4189
2992,32576
2992,11413
2992,17764
2992,7052
2992,32577
2992,15508
2992,13909
2992,32578
2992,5398
2992,32579
2992,4356
2992,27248
2992,13910
2992,15452
2992,5399
2992,16966
2992,9599
2992,6072
2992,32580
2992,13911
2992,28564
2992,32581
2992,26559
2992,6839
2992,9601
2992,6077
2992,5403
2992,4599
2992,5567
2992,5404
2992,5249
2992,32582
2992,23623
2992,32583
2992,30198
2992,23628
2992,32584
2992,4768
2993,32585
2993,32586
2993,32587
2993,3409
2993,32588
2993,32589
2993,3503
2993,32590
2993,32591
2993,20630
2993,22450
2993,32592
2993,18849
2993,32593
2993,27152
2993,3683
2993,32594
2993,32595
2993,7084
2993,32596
2993,32597
2993,32598
2993,32599
2993,15955
2993,3947
2993,32600
2993,5627
2993,7086
2993,32601
2993,23203
2993,32602
2993,32603
2993,25710
2993,32604
2993,32605
2993,18314
2993,32606
2993,4090
2993,4102
2993,4131
2993,32607
2993,32608
2993,24002
2993,32609
2993,32610
2993,32611
2993,4271
2993,32612
2993,32613
2993,32614
2993,24101
2993,32615
2993,7501
2993,29920
2993,4359
2993,18301
2993,6978
2993,32616
2993,32617
2993,32618
2993,32619
2993,18854
2993,32620
2993,32621
2993,32622
2993,10194
2993,32623
2993,7693
2993,32624
2993,32625
2993,32626
2993,32627
2993,9147
2993,32628
2993,32629
2993,32630
2993,5981
2993,16178
2993,17220
2993,32631
2993,32632
2993,4761
2993,7099
2993,32633
2993,32634
2993,32635
2993,10085
2993,32636
2993,4599
2993,5827
2993,32637
2993,5249
2993,32638
2993,32639
2993,32640
2993,32641
2993,32642
2993,32643
2993,4768
2993,11928
2994,3483
2994,3825
2994,3880
2994,29853
2994,20258
2994,16920
2994,6562
2994,4251
2994,4286
2994,10741
2994,4349
2994,4393
2994,4411
2994,7167
2994,4437
2994,4439
2994,4446
2994,4457
2994,22658
2994,7096
2994,5970
2994,12120
2994,4508
2994,8188
2994,4593
2994,4868
2994,32644
2994,5246
2994,12419
2994,4761
2994,7791
2994,4698
2994,4643
2994,4681
2994,7100
2994,4599
2994,4543
2994,5058
2994,5553
2994,4910
2994,17179
2994,32645
2994,4603
2995,20910
2995,32646
2995,32647
2995,31009
2995,32648
2995,3808
2995,26578
2995,32649
2995,32650
2995,17294
2995,26581
2995,5483
2995,20915
2995,32651
2995,32652
2995,4155
2995,32653
2995,26586
2995,9064
2995,32654
2995,20919
2995,9065
2995,32655
2995,20922
2995,32656
2995,32657
2995,4411
2995,32658
2995,32659
2995,32660
2995,10343
2995,20180
2995,9452
2995,6967
2995,32661
2995,7172
2995,32662
2995,14835
2995,5246
2995,20930
2995,13326
2995,32663
2995,4761
2995,20444
2995,14547
2995,32664
2995,20933
2995,32437
2995,4681
2995,32665
2995,32666
2995,7361
2995,4599
2995,4871
2995,32667
2995,14550
2995,31801
2995,32668
2995,32669
2996,32670
2996,21754
2996,23602
2996,20105
2996,6869
2996,13908
2996,6870
2996,4185
2996,17877
2996,15508
2996,4356
2996,15451
2996,7402
2996,13910
2996,11419
2996,5399
2996,9599
2996,7406
2996,5493
2996,5057
2996,4643
2996,5403
2996,5064
2997,21597
2997,10392
2997,32671
2997,32672
2997,28445
2997,8546
2997,21607
2997,32673
2997,18126
2997,32674
2997,32675
2997,4696
2997,23793
2997,21614
2997,32676
2997,28449
2997,32677
2997,28450
2997,28009
2997,21615
2997,32678
2997,32679
2997,32680
2997,32681
2997,4586
2997,32682
2997,22306
2997,8550
2997,15142
2997,32683
2997,32684
2997,32685
2997,32686
2997,32687
2997,28706
2997,32688
2997,32689
2997,19689
2997,32690
2997,17933
2997,32691
2997,32692
2997,32693
2997,32694
2997,32695
2997,21628
2997,32696
2997,28017
2997,32697
2997,6619
2997,21929
2997,32698
2997,4595
2997,23118
2997,32699
2997,8036
2997,21633
2997,19692
2997,21634
2997,28453
2997,32700
2997,22836
2997,32701
2997,32702
2997,8556
2997,18134
2997,8557
2997,8558
2997,4681
2997,32703
2997,32704
2997,32705
2997,4787
2997,5827
2997,32706
2997,32707
2997,21641
2997,15152
2997,32708
2997,32709
2997,32710
2997,28032
2997,32711
2997,27293
2997,28037
2997,32712
2997,32713
2998,32714
2998,32715
2998,32716
2998,32717
2998,32718
2998,32719
2998,32720
2998,32721
2998,14182
2998,15088
2998,32722
2998,14809
2998,10392
2998,32723
2998,32724
2998,32725
2998,32726
2998,12050
2998,32727
2998,32728
2998,4755
2998,32729
2998,5586
2998,32730
2998,10589
2998,32731
2998,4189
2998,4582
2998,14461
2998,14825
2998,32732
2998,32733
2998,32734
2998,17930
2998,32735
2998,32736
2998,32737
2998,32738
2998,32739
2998,4779
2998,32740
2998,4866
2998,17933
2998,32741
2998,32742
2998,26226
2998,12362
2998,4678
2998,4595
2998,29213
2998,11919
2998,5355
2998,6498
2998,8558
2998,4785
2998,4787
2998,7361
2998,16204
2998,6728
2998,4871
2998,5609
2998,32743
2998,14548
2998,32744
2999,32745
2999,32746
2999,9588
2999,5294
2999,32747
2999,4753
2999,5483
2999,32748
2999,4755
2999,32749
2999,4720
2999,6442
2999,7052
2999,4696
2999,4985
2999,9497
2999,4359
2999,12438
2999,6978
2999,4368
2999,6448
2999,32750
2999,17853
2999,7764
2999,32751
2999,21896
2999,32752
2999,17792
2999,5981
2999,32753
2999,32754
2999,32755
2999,28565
2999,32756
2999,4599
2999,4543
2999,26824
2999,8492
2999,32757
2999,32758
2999,7476
2999,6081
2999,32759
2999,21958
2999,32760
2999,32761
2999,4805
2999,4768
2999,12297
3000,32762
3000,32763
3000,4004
3000,32764
3000,21258
3000,32765
3000,32766
3000,32767
3000,4757
3000,4225
3000,4240
3000,32768
3000,4224
3000,11862
3000,32769
3000,7053
3000,25719
3000,25721
3000,32770
3000,24004
3000,6448
3000,17853
3000,7094
3000,25726
3000,24005
3000,4677
3000,32771
3000,7099
3000,6980
3000,7101
3000,6981
3000,4599
3000,16448
3000,16543
3000,32772
3000,4768
3000,4603
3000,13950
3006,32773
3006,6002
3006,32774
3006,8901
3006,4720
3006,5086
3006,7052
3006,6445
3006,4359
3006,4368
3006,8907
3006,6448
3006,9383
3006,6247
3006,6980
3006,4599
3006,4701
3006,4768
3012,32775
3012,4746
3012,21123
3012,4749
3012,31619
3012,4975
3012,4977
3012,32776
3012,32777
3012,10042
3012,4978
3012,18984
3012,4979
3012,4980
3012,4981
3012,4756
3012,4757
3012,32778
3012,18985
3012,32779
3012,32780
3012,4983
3012,4758
3012,23703
3012,20667
3012,4696
3012,32781
3012,4984
3012,18986
3012,32782
3012,4986
3012,24292
3012,18987
3012,5180
3012,10247
3012,4987
3012,32783
3012,4759
3012,4760
3012,32784
3012,23779
3012,4989
3012,4762
3012,26301
3012,12205
3012,10253
3012,4597
3012,32785
3012,4930
3012,18989
3012,4681
3012,10254
3012,4906
3012,18990
3012,10255
3012,4599
3012,5553
3012,4766
3012,22548
3012,4768
3012,32786
3014,32787
3014,20273
3014,30192
3014,3424
3014,11396
3014,32788
3014,15505
3014,32789
3014,32790
3014,6065
3014,7394
3014,32791
3014,13908
3014,4185
3014,7401
3014,6069
3014,4356
3014,7580
3014,26361
3014,5403
3014,4681
3014,26159
3014,4599
3014,4871
3014,5553
3014,32792
3014,30199
3014,8362
3020,3278
3020,29040
3020,29045
3020,9650
3020,32793
3020,4720
3020,6243
3020,7052
3020,6445
3020,4359
3020,29848
3020,9383
3020,6247
3020,6980
3020,6981
3020,4599
3020,4768
3025,8582
3025,16430
3025,32794
3025,3476
3025,20785
3025,3631
3025,32795
3025,32796
3025,4049
3025,4720
3025,32797
3025,32798
3025,32799
3025,5374
3025,32800
3025,7619
3025,32801
3025,32802
3025,32803
3025,32804
3025,32805
3025,32806
3025,32807
3025,4539
3025,7621
3025,32808
3025,4599
3025,32809
3025,32810
3025,5381
3025,5006
3025,5383
3025,4729
3025,32811
3025,23317
3030,32175
3030,32812
3030,3471
3030,32813
3030,32814
3030,32815
3030,32816
3030,3622
3030,22261
3030,32817
3030,17599
3030,32818
3030,24862
3030,8669
3030,3922
3030,32819
3030,4036
3030,32820
3030,7782
3030,32821
3030,4189
3030,6121
3030,4258
3030,32822
3030,4280
3030,32823
3030,32824
3030,32825
3030,4439
3030,4676
3030,29652
3030,7120
3030,7785
3030,4508
3030,32826
3030,4593
3030,7788
3030,7426
3030,5485
3030,7126
3030,24846
3030,32827
3030,4698
3030,6799
3030,8189
3030,32828
3030,4599
3030,4543
3030,32829
3030,4701
3030,32830
3030,32831
3030,32832
3030,32833
3030,32834
3030,32835
3030,6130
3030,26865
3030,32836
3030,32837
3030,21177
3030,32838
3030,32839
3030,32840
3030,32841
3030,32842
3030,10605
3030,32843
3030,10275
3030,7799
3030,32844
3031,32845
3031,32846
3031,32847
3031,32848
3031,32849
3031,32850
3031,25238
3031,32851
3031,32852
3031,32853
3031,16411
3031,7225
3031,13120
3031,31402
3031,16413
3031,11256
3031,16414
3031,32854
3031,7228
3031,32855
3031,22161
3031,32856
3031,7199
3031,32857
3031,32858
3031,16417
3031,32859
3031,4086
3031,32860
3031,7230
3031,24070
3031,12158
3031,32861
3031,20758
3031,4984
3031,12438
3031,7203
3031,32862
3031,6448
3031,32863
3031,32864
3031,32865
3031,32866
3031,16924
3031,6794
3031,32867
3031,32868
3031,32869
3031,32870
3031,17220
3031,32871
3031,7206
3031,32872
3031,24076
3031,32873
3031,32874
3031,24077
3031,24078
3031,32875
3031,24080
3031,24082
3031,32876
3031,24083
3031,32877
3031,5001
3031,32878
3031,32879
3031,32880
3031,32881
3031,32882
3031,32883
3031,32884
3031,4768
3031,32885
3031,32886
3031,24087
3031,32887
3031,32888
3044,3362
3044,32889
3044,32890
3044,16301
3044,32891
3044,32892
3044,8389
3044,32893
3044,10114
3044,32894
3044,32895
3044,32896
3044,4755
3044,32897
3044,4166
3044,32898
3044,5772
3044,32899
3044,32900
3044,32901
3044,32902
3044,4984
3044,10741
3044,4349
3044,32903
3044,32904
3044,4439
3044,6317
3044,32905
3044,32906
3044,32907
3044,27059
3044,6794
3044,10266
3044,32908
3044,32909
3044,32910
3044,7789
3044,32911
3044,32912
3044,32913
3044,32914
3044,6659
3044,4681
3044,7100
3044,32915
3044,4599
3044,5827
3044,32916
3044,6330
3044,5539
3044,32917
3044,32918
3044,32919
3044,32920
3048,13903
3048,32921
3048,32922
3048,16570
3048,4185
3048,32923
3048,14489
3048,32924
3048,4216
3048,16573
3048,27246
3048,11414
3048,32925
3048,4303
3048,15508
3048,13324
3048,32579
3048,4356
3048,7763
3048,4367
3048,4371
3048,7402
3048,7403
3048,27436
3048,27250
3048,25282
3048,11419
3048,5242
3048,5399
3048,9599
3048,32926
3048,13803
3048,9914
3048,32927
3048,30526
3048,21570
3048,32928
3048,6072
3048,4499
3048,4500
3048,4508
3048,32929
3048,15510
3048,26034
3048,7426
3048,5485
3048,7406
3048,8215
3048,5629
3048,4698
3048,6839
3048,6077
3048,4930
3048,5403
3048,9919
3048,5464
3048,4599
3048,4543
3048,19551
3048,32930
3048,32931
3048,32932
3048,21642
3048,32933
3048,9134
3048,32934
3049,32935
3049,32936
3049,32937
3049,3988
3049,32938
3049,32939
3049,15639
3049,4350
3049,32940
3049,7422
3049,18620
3049,6295
3049,19863
3049,32941
3049,7332
3049,32942
3049,32943
3049,15642
3049,32944
3049,7425
3049,5202
3049,11471
3049,4681
3049,7100
3049,4599
3049,5058
3049,32945
3061,17289
3061,32946
3061,3072
3061,32947
3061,9156
3061,32948
3061,32949
3061,32950
3061,32951
3061,32952
3061,32953
3061,32954
3061,3587
3061,28050
3061,3622
3061,28052
3061,32955
3061,32956
3061,32957
3061,32958
3061,3780
3061,32959
3061,28053
3061,28054
3061,32960
3061,32961
3061,3829
3061,28055
3061,32962
3061,5349
3061,32963
3061,3922
3061,15397
3061,30738
3061,3997
3061,32964
3061,13490
3061,32965
3061,4058
3061,32966
3061,28059
3061,28061
3061,17979
3061,9166
3061,7782
3061,8611
3061,32967
3061,9167
3061,32968
3061,4189
3061,11617
3061,6121
3061,32969
3061,4258
3061,7783
3061,13494
3061,32970
3061,4333
3061,30590
3061,32971
3061,4350
3061,4393
3061,13496
3061,32972
3061,25544
3061,20996
3061,3813
3061,4439
3061,8617
3061,29654
3061,6126
3061,8618
3061,7786
3061,24396
3061,4508
3061,32973
3061,32974
3061,32975
3061,13497
3061,32976
3061,4593
3061,7788
3061,32977
3061,13500
3061,7126
3061,32978
3061,7127
3061,7790
3061,32979
3061,9170
3061,6799
3061,25799
3061,4932
3061,7129
3061,10329
3061,4599
3061,4543
3061,32980
3061,8620
3061,7209
3061,32981
3061,32982
3061,10334
3061,32983
3061,32984
3061,32985
3061,32986
3061,32987
3061,10335
3061,7111
3061,32988
3061,32989
3062,3369
3062,7223
3062,21736
3062,7224
3062,28977
3062,29052
3062,32990
3062,32991
3062,13121
3062,7228
3062,20748
3062,15696
3062,32992
3062,20751
3062,7230
3062,4189
3062,4205
3062,20753
3062,7231
3062,20756
3062,10741
3062,32993
3062,12058
3062,4411
3062,9246
3062,11132
3062,32994
3062,32995
3062,32996
3062,4761
3062,32504
3062,4599
3062,32997
3062,20767
3062,25527
3062,4703
3062,32998
3066,32999
3066,33000
3066,33001
3066,9766
3066,33002
3066,14956
3066,33003
3066,33004
3066,33005
3066,33006
3066,33007
3066,33008
3066,33009
3066,33010
3066,21682
3066,33011
3066,33012
3066,20050
3066,33013
3066,7691
3066,33014
3066,33015
3066,10118
3066,15833
3066,33016
3066,33017
3066,6831
3066,33018
3066,33019
3066,20055
3066,14400
3066,4415
3066,33020
3066,33021
3066,15046
3066,33022
3066,33023
3066,13802
3066,33024
3066,30683
3066,20058
3066,33025
3066,20060
3066,15054
3066,33026
3066,33027
3066,4508
3066,4867
3066,33028
3066,33029
3066,5532
3066,33030
3066,33031
3066,5485
3066,11781
3066,33032
3066,33033
3066,12751
3066,6971
3066,5056
3066,16695
3066,33034
3066,15065
3066,33035
3066,5057
3066,12594
3066,4599
3066,17258
3066,33036
3066,33037
3066,33038
3066,33039
3066,33040
3066,33041
3066,33042
3066,33043
3066,33044
3066,33045
3066,10605
3066,33046
3066,33047
3066,33048
3066,29324
3066,33049
3066,5406
3066,33050
3075,32175
3075,33051
3075,33052
3075,33053
3075,3201
3075,33054
3075,33055
3075,32646
3075,33056
3075,33057
3075,33058
3075,33059
3075,23494
3075,26578
3075,5627
3075,26581
3075,10115
3075,4755
3075,33060
3075,28427
3075,26136
3075,33061
3075,5749
3075,33062
3075,7089
3075,33063
3075,33064
3075,33065
3075,9065
3075,33066
3075,33067
3075,33068
3075,33069
3075,33070
3075,24322
3075,33071
3075,11099
3075,33072
3075,33073
3075,8684
3075,5696
3075,7994
3075,6967
3075,26256
3075,33074
3075,26222
3075,4839
3075,7997
3075,20927
3075,33075
3075,26225
3075,4868
3075,16926
3075,26257
3075,13325
3075,5485
3075,4761
3075,20444
3075,6075
3075,33076
3075,4870
3075,5493
3075,5629
3075,33077
3075,5973
3075,6659
3075,4905
3075,33078
3075,7471
3075,33079
3075,4681
3075,33080
3075,7361
3075,4599
3075,16204
3075,5827
3075,19550
3075,33081
3075,23378
3075,5486
3075,26258
3075,4910
3075,17945
3075,9134
3075,33082
3075,33083
3075,33084
3075,33085
3075,4603
3080,6364
3080,12625
3080,33086
3080,33087
3080,9725
3080,17783
3080,20941
3080,7046
3080,23176
3080,7049
3080,26813
3080,8385
3080,33088
3080,5052
3080,32370
3080,31313
3080,33089
3080,22537
3080,4753
3080,7051
3080,33090
3080,9591
3080,9911
3080,33091
3080,4755
3080,21681
3080,15037
3080,4231
3080,4327
3080,5530
3080,11070
3080,4413
3080,33092
3080,15044
3080,4415
3080,15048
3080,20060
3080,33093
3080,6970
3080,12593
3080,17636
3080,4761
3080,11781
3080,33094
3080,12750
3080,26536
3080,6971
3080,5056
3080,5057
3080,12594
3080,4681
3080,21141
3080,4599
3080,4910
3080,6384
3080,23019
3080,5063
3080,5064
3080,33095
3080,5406
3091,29169
3091,13765
3091,33096
3091,33097
3091,33098
3091,33099
3091,33100
3091,5172
3091,10818
3091,33101
3091,33102
3091,33103
3091,33104
3091,33105
3091,33106
3091,33107
3091,33108
3091,33109
3091,33110
3091,7158
3091,30851
3091,30857
3091,33111
3091,33112
3091,7168
3091,22658
3091,33113
3091,33114
3091,33115
3091,33116
3091,14761
3091,4681
3091,4599
3091,17428
3091,13431
3091,33117
3091,33118
3091,33119
3101,3146
3101,3312
3101,3342
3101,16916
3101,3380
3101,29045
3101,30880
3101,3624
3101,18458
3101,3627
3101,17827
3101,30882
3101,31415
3101,3707
3101,29290
3101,3793
3101,3799
3101,3825
3101,3859
3101,17830
3101,15522
3101,30883
3101,9726
3101,4054
3101,16725
3101,12825
3101,17833
3101,23140
3101,33120
3101,13907
3101,17834
3101,4720
3101,17350
3101,6533
3101,15524
3101,33121
3101,4340
3101,5372
3101,4359
3101,4368
3101,6291
3101,30894
3101,17838
3101,4458
3101,4677
3101,7425
3101,31424
3101,10180
3101,30898
3101,4698
3101,12082
3101,5057
3101,4599
3101,4543
3101,17845
3101,4768
3102,33122
3102,33123
3102,33124
3102,9375
3102,6577
3102,33125
3102,33126
3102,33127
3102,33128
3102,33129
3102,7731
3102,26931
3102,33130
3102,29142
3102,12195
3102,33131
3102,30987
3102,33132
3102,33133
3102,33134
3102,33135
3102,33136
3102,33137
3102,5261
3102,33138
3102,27437
3102,4676
3102,15730
3102,12202
3102,33139
3102,33140
3102,33141
3102,5779
3102,33142
3102,4593
3102,31103
3102,27441
3102,33143
3102,15009
3102,15732
3102,6595
3102,4698
3102,15733
3102,33144
3102,4681
3102,6600
3102,4599
3102,33145
3102,4543
3102,7739
3102,27450
3102,4701
3102,33146
3103,33147
3103,33148
3103,33149
3103,33150
3103,33151
3103,33152
3103,33153
3103,4696
3103,5261
3103,33154
3103,33155
3103,33156
3103,33157
3103,33158
3103,7889
3103,33159
3103,33160
3103,33161
3103,6077
3103,5973
3103,5486
3103,5249
3103,33162
3103,5357
3104,33163
3104,33164
3104,33165
3104,3882
3104,9119
3104,33166
3104,33167
3104,33168
3104,33169
3104,33170
3104,33171
3104,25077
3104,33172
3104,33173
3104,13541
3104,33174
3104,9408
3104,33175
3104,33176
3104,33177
3104,28536
3104,33178
3104,7668
3104,33179
3104,19525
3104,29494
3104,9130
3104,13130
3104,27975
3104,33180
3104,33181
3104,27689
3104,33182
3108,15491
3108,12742
3108,25845
3108,13798
3108,25848
3108,25851
3108,15492
3108,13728
3108,23944
3108,33183
3108,14833
3108,26814
3108,25854
3108,5601
3108,6970
3108,19546
3108,17314
3108,15206
3108,6971
3108,5057
3108,6498
3108,4599
3108,6728
3108,5404
3108,23379
3108,5406
3109,33184
3109,30368
3109,15488
3109,5082
3109,12851
3109,3121
3109,15489
3109,33185
3109,28350
3109,15490
3109,33186
3109,15491
3109,5528
3109,11275
3109,33187
3109,13798
3109,27047
3109,25848
3109,15492
3109,30009
3109,6966
3109,5530
3109,33188
3109,23944
3109,15044
3109,5088
3109,6968
3109,26814
3109,25854
3109,4904
3109,6970
3109,15206
3109,12750
3109,12751
3109,6971
3109,5056
3109,5057
3109,33189
3109,5464
3109,4599
3109,5059
3109,23379
3109,20947
3109,5406
3110,33190
3110,12711
3110,33191
3110,33192
3110,33193
3110,33194
3110,33195
3110,5172
3110,33196
3110,33197
3110,4755
3110,33198
3110,7923
3110,33199
3110,33200
3110,33201
3110,33202
3110,33203
3110,33204
3110,4677
3110,33205
3110,11200
3110,33206
3110,33207
3110,4599
3110,33208
3110,33209
3110,33210
3110,33211
3110,4910
3110,10271
3112,3773
3112,3864
3112,24344
3112,4099
3112,4303
3112,4349
3112,4358
3112,33212
3112,4393
3112,4437
3112,4439
3112,15750
3112,4446
3112,4458
3112,7096
3112,15752
3112,4593
3112,7789
3112,17485
3112,14023
3112,5485
3112,6971
3112,4698
3112,7259
3112,4643
3112,24966
3112,16138
3112,18833
3112,4681
3112,5304
3112,4599
3112,4543
3112,5553
3112,15711
3112,4910
3112,11071
3112,5249
3112,5064
3112,21701
3113,33213
3113,33214
3113,33215
3113,33216
3113,33217
3113,4750
3113,14846
3113,3607
3113,33218
3113,12153
3113,8289
3113,3711
3113,30573
3113,29610
3113,26134
3113,4862
3113,4755
3113,11324
3113,24817
3113,26213
3113,26136
3113,7924
3113,4186
3113,4234
3113,26214
3113,33067
3113,26138
3113,4349
3113,10417
3113,4393
3113,7167
3113,7580
3113,4437
3113,4439
3113,6967
3113,26256
3113,26224
3113,7098
3113,8188
3113,5246
3113,26257
3113,13325
3113,13326
3113,4698
3113,33219
3113,4681
3113,4599
3113,5827
3113,33220
3113,4543
3113,12721
3113,5988
3113,23378
3113,12723
3113,26258
3113,4910
3113,5249
3113,12725
3113,12168
3113,24328
3113,12170
3116,33221
3116,33222
3116,33223
3116,33224
3116,4755
3116,33225
3116,19218
3116,33226
3116,33227
3116,33228
3116,6562
3116,33229
3116,33230
3116,33231
3116,33232
3116,7052
3116,33233
3116,33234
3116,33235
3116,33236
3116,33237
3116,10119
3116,33238
3116,33239
3116,33240
3116,33241
3116,33242
3116,33243
3116,33244
3116,33245
3116,33246
3116,9254
3116,4761
3116,32504
3116,33247
3116,33248
3116,20965
3116,33249
3116,7258
3116,33250
3116,33251
3116,33252
3116,20971
3116,33253
3116,33254
3116,33255
3116,33256
3116,33257
3116,33258
3116,33259
3116,25755
3116,4599
3116,21511
3116,16204
3116,5827
3116,33260
3116,26439
3116,33261
3116,33262
3116,33263
3116,33264
3116,33265
3116,33266
3116,33267
3116,33268
3116,33269
3116,33270
3116,12956
3116,33271
3116,33272
3116,33273
3116,21512
3116,33274
3116,4703
3116,33275
3116,4768
3116,5898
3116,9317
3116,33276
3116,33277
3118,6059
3118,33278
3118,21679
3118,15491
3118,10116
3118,33279
3118,11772
3118,33280
3118,4231
3118,20048
3118,25850
3118,33281
3118,4327
3118,5530
3118,33282
3118,4415
3118,33283
3118,7167
3118,15046
3118,4447
3118,21250
3118,13801
3118,33284
3118,33285
3118,13733
3118,12591
3118,21687
3118,33286
3118,21688
3118,33287
3118,6878
3118,10122
3118,27732
3118,5532
3118,17485
3118,15060
3118,11781
3118,12750
3118,33288
3118,12751
3118,33289
3118,6971
3118,5056
3118,16695
3118,5057
3118,12594
3118,4681
3118,4699
3118,4599
3118,6728
3118,15925
3118,5889
3118,5404
3118,31079
3118,5486
3118,5000
3118,33290
3118,33291
3118,15498
3118,17494
3118,33292
3118,6974
3118,24603
3118,33293
3118,33294
3118,33295
3118,11437
3118,33296
3118,5064
3118,33297
3119,5544
3119,3763
3119,3859
3119,3888
3119,33298
3119,4186
3119,14489
3119,4216
3119,4290
3119,4314
3119,4349
3119,4358
3119,4393
3119,4428
3119,4458
3119,4500
3119,4868
3119,7789
3119,5485
3119,4679
3119,5987
3119,4698
3119,6077
3119,4643
3119,4681
3119,4599
3119,4543
3119,5539
3119,6569
3119,23630
3119,23807
3119,5063
3119,5064
3121,33299
3121,33279
3121,15037
3121,23923
3121,20048
3121,9562
3121,13801
3121,33285
3121,12591
3121,10122
3121,5532
3121,33300
3121,15060
3121,11781
3121,12751
3121,6971
3121,5056
3121,5057
3121,12594
3121,33301
3121,4681
3121,5059
3121,24603
3121,27689
3121,17648
3121,5064
3122,33302
3122,33303
3122,33304
3122,33305
3122,33306
3122,33307
3122,27902
3122,33308
3122,33309
3122,33310
3122,33311
3122,33312
3122,33313
3122,30867
3122,33314
3122,33315
3122,33316
3122,33317
3122,33318
3122,33319
3122,4599
3122,33320
3122,33321
3122,33322
3122,33323
3122,33324
3122,10088
3122,33325
3122,33326
3123,12707
3123,17733
3123,33327
3123,28575
3123,21736
3123,17404
3123,24957
3123,6494
3123,4750
3123,18951
3123,5172
3123,20664
3123,24962
3123,4753
3123,5747
3123,5483
3123,4755
3123,7923
3123,4757
3123,4758
3123,4984
3123,4349
3123,6070
3123,11913
3123,7167
3123,4439
3123,15337
3123,4677
3123,5246
3123,6496
3123,7669
3123,7620
3123,4930
3123,6659
3123,6598
3123,4699
3123,4599
3123,4543
3123,5609
3123,12721
3123,25702
3123,4910
3123,4873
3123,6335
3123,17261
3123,4768
3123,5064
3123,32458
3126,3164
3126,3228
3126,3305
3126,3337
3126,6491
3126,3362
3126,5480
3126,11903
3126,3424
3126,3437
3126,22017
3126,3550
3126,3571
3126,4750
3126,3859
3126,5481
3126,13240
3126,3934
3126,3950
3126,7732
3126,5483
3126,4010
3126,4755
3126,7052
3126,4696
3126,4349
3126,4377
3126,4439
3126,4676
3126,4452
3126,4454
3126,4595
3126,4698
3126,4599
3126,4543
3126,5609
3126,4910
3126,5991
3126,4805
3126,4768
3128,11672
3128,33128
3128,3913
3128,9164
3128,26931
3128,16844
3128,33328
3128,7923
3128,4250
3128,4758
3128,33134
3128,4387
3128,12058
3128,33329
3128,15729
3128,27437
3128,12202
3128,33330
3128,27441
3128,27442
3128,33331
3128,15732
3128,6595
3128,4599
3128,4543
3128,15313
3128,33332
3128,33333
3128,33334
3128,33335
3128,33117
3128,33336
3129,4627
3129,33337
3129,33338
3129,33339
3129,33340
3129,33341
3129,33342
3129,25212
3129,33343
3129,31253
3129,11769
3129,25182
3129,33344
3129,33345
3129,14186
3129,3919
3129,33346
3129,33347
3129,33348
3129,4010
3129,33349
3129,31266
3129,31267
3129,31269
3129,20049
3129,5530
3129,4777
3129,31276
3129,14903
3129,17933
3129,31280
3129,17314
3129,4678
3129,4787
3129,33350
3129,33351
3129,6335
3129,6336
3129,18836
3129,33352
3129,33353
3129,33354
3129,33355
3130,33356
3130,33357
3130,33358
3130,33359
3130,23490
3130,33360
3130,33361
3130,33362
3130,3687
3130,33363
3130,33364
3130,33365
3130,33366
3130,33367
3130,33368
3130,33369
3130,10116
3130,21789
3130,33370
3130,33371
3130,33372
3130,33373
3130,4189
3130,33374
3130,33375
3130,33376
3130,4234
3130,33377
3130,12544
3130,33378
3130,33379
3130,33380
3130,33381
3130,33382
3134,3195
3134,33383
3134,33384
3134,6857
3134,33385
3134,3424
3134,3514
3134,3525
3134,9725
3134,6059
3134,33386
3134,9405
3134,3607
3134,33387
3134,3655
3134,3711
3134,33388
3134,27814
3134,15717
3134,3789
3134,3797
3134,8754
3134,3826
3134,3829
3134,3873
3134,18826
3134,3950
3134,25687
3134,3990
3134,24798
3134,33389
3134,4211
3134,4234
3134,4303
3134,4306
3134,5054
3134,4696
3134,4349
3134,33390
3134,9342
3134,4420
3134,15750
3134,9343
3134,33391
3134,4458
3134,33392
3134,10010
3134,33393
3134,15752
3134,5604
3134,6970
3134,33394
3134,33395
3134,6971
3134,4698
3134,4643
3134,4681
3134,8189
3134,33396
3134,4599
3134,15757
3134,33397
3134,5553
3134,5404
3134,15758
3134,4910
3134,11071
3134,28667
3134,33398
3134,33399
3134,4768
3134,5063
3134,33400
3134,5064
3134,33401
3134,8362
3135,33402
3135,33403
3135,33404
3135,33405
3135,3418
3135,33406
3135,33407
3135,17905
3135,33408
3135,33409
3135,33410
3135,33411
3135,33412
3135,4189
3135,33413
3135,33414
3135,33415
3135,33416
3135,33417
3135,33418
3135,33419
3135,13936
3135,10696
3135,33420
3135,33421
3135,33422
3135,33423
3135,33424
3135,33425
3135,4698
3135,7793
3135,21983
3135,33426
3135,4599
3135,21984
3135,33427
3135,33428
3135,33429
3135,33430
3137,31238
3137,13320
3137,3416
3137,3424
3137,30957
3137,33431
3137,31248
3137,7083
3137,33432
3137,31254
3137,31255
3137,31258
3137,14186
3137,31260
3137,33433
3137,4753
3137,7051
3137,19986
3137,31266
3137,31267
3137,19988
3137,31269
3137,4358
3137,29977
3137,33434
3137,16469
3137,19522
3137,19991
3137,4393
3137,33435
3137,25165
3137,31276
3137,31279
3137,4506
3137,31280
3137,16475
3137,5485
3137,4870
3137,5493
3137,33436
3137,4698
3137,33437
3137,7471
3137,33438
3137,27311
3137,23967
3137,10751
3137,4599
3137,4543
3137,7208
3137,33439
3137,5609
3137,7209
3137,5610
3137,23970
3137,5249
3137,33440
3138,23976
3138,33441
3138,33442
3138,33443
3138,33444
3138,33445
3138,33446
3138,33447
3138,33448
3138,33449
3138,33450
3138,33451
3138,25997
3138,33452
3138,33453
3138,28836
3138,24494
3138,24495
3138,3569
3138,33454
3138,24497
3138,7920
3138,7543
3138,33455
3138,19457
3138,24500
3138,27821
3138,17628
3138,33456
3138,24501
3138,33457
3138,12360
3138,33458
3138,24151
3138,22720
3138,33459
3138,4453
3138,33460
3138,33461
3138,33462
3138,33463
3138,7172
3138,33464
3138,8160
3138,8271
3138,26033
3138,33465
3138,33466
3138,7668
3138,7698
3138,8691
3138,33467
3138,6103
3138,8169
3138,26042
3138,12364
3138,4681
3138,7361
3138,5827
3138,16142
3138,33468
3138,8693
3138,6500
3138,4600
3138,33469
3138,10270
3138,4910
3138,17644
3138,9571
3138,33470
3138,4768
3139,33471
3139,33472
3139,6857
3139,16296
3139,3607
3139,33473
3139,9059
3139,23468
3139,25999
3139,3833
3139,33474
3139,33475
3139,33476
3139,4019
3139,26006
3139,24590
3139,33477
3139,9062
3139,4234
3139,26011
3139,4290
3139,4306
3139,5054
3139,4696
3139,33478
3139,4369
3139,12720
3139,26016
3139,33479
3139,33480
3139,7694
3139,25282
3139,26021
3139,4453
3139,4454
3139,4899
3139,4458
3139,29202
3139,4488
3139,33481
3139,8271
3139,16132
3139,4868
3139,8412
3139,4524
3139,16319
3139,7668
3139,16320
3139,33482
3139,6103
3139,33483
3139,33484
3139,22362
3139,4681
3139,4599
3139,5827
3139,6500
3139,4910
3139,5064
3139,8362
3150,2065
3150,33485
3150,5341
3150,7329
3150,19094
3150,33486
3150,33487
3150,33488
3150,33489
3150,33490
3150,33491
3150,20803
3150,33492
3150,5978
3150,33493
3150,29118
3150,33494
3150,33495
3150,33496
3150,33497
3150,17727
3150,28207
3150,6864
3150,17784
3150,4716
3150,33498
3150,33499
3150,3789
3150,33500
3150,23503
3150,3825
3150,6867
3150,33501
3150,22922
3150,3974
3150,33502
3150,13825
3150,4186
3150,10520
3150,4720
3150,30650
3150,28212
3150,14349
3150,6712
3150,7052
3150,33503
3150,33504
3150,7053
3150,5372
3150,4985
3150,4359
3150,4368
3150,7203
3150,4387
3150,6448
3150,33505
3150,17853
3150,22924
3150,7693
3150,9147
3150,16965
3150,8486
3150,4508
3150,5981
3150,4761
3150,6980
3150,29219
3150,4599
3150,33506
3150,8493
3150,33507
3150,23206
3150,20808
3150,6384
3150,33508
3150,33509
3150,4768
3150,33510
3151,3337
3151,3424
3151,3571
3151,3859
3151,3893
3151,3950
3151,4010
3151,6562
3151,4696
3151,4349
3151,4411
3151,4410
3151,4439
3151,4676
3151,4452
3151,4454
3151,5970
3151,4868
3151,8412
3151,4783
3151,12419
3151,5987
3151,4595
3151,4681
3151,4787
3151,5464
3151,4599
3151,4543
3151,5553
3151,4910
3151,5991
3151,4805
3151,5064
3152,28836
3152,28839
3152,33511
3152,33512
3152,12719
3152,33513
3152,33514
3152,33515
3152,33516
3152,33517
3152,33518
3152,6226
3152,33519
3152,33520
3152,33521
3152,33522
3152,33523
3152,5539
3152,33524
3152,33525
3152,33526
3152,33527
3152,33528
3152,33529
3152,33530
3152,33531
3152,33532
3152,33533
3152,33534
3152,33535
3152,33536
3158,3523
3158,3624
3158,3639
3158,33537
3158,33538
3158,3735
3158,22292
3158,33539
3158,33540
3158,33541
3158,33542
3158,33543
3158,33544
3158,33545
3158,33546
3158,33547
3158,8610
3158,33548
3158,4118
3158,33549
3158,33550
3158,33551
3158,4189
3158,22765
3158,33552
3158,7690
3158,33553
3158,4250
3158,4303
3158,5774
3158,33132
3158,33554
3158,33555
3158,33556
3158,33557
3158,33558
3158,33559
3158,4354
3158,33560
3158,33561
3158,4393
3158,12058
3158,22304
3158,33562
3158,4421
3158,33563
3158,7422
3158,29678
3158,4428
3158,33564
3158,4439
3158,4446
3158,27361
3158,33565
3158,4458
3158,33140
3158,15653
3158,33566
3158,33567
3158,33568
3158,22308
3158,33569
3158,22777
3158,33570
3158,4593
3158,13093
3158,33143
3158,33571
3158,7425
3158,7426
3158,33572
3158,22780
3158,33573
3158,26380
3158,33574
3158,6103
3158,33575
3158,21634
3158,22787
3158,4698
3158,33576
3158,33577
3158,15733
3158,22789
3158,9457
3158,33255
3158,33578
3158,22791
3158,20975
3158,22793
3158,4599
3158,4543
3158,33579
3158,33580
3158,22796
3158,22797
3158,33581
3158,4701
3158,33582
3158,33583
3158,33584
3158,33585
3158,33586
3158,33587
3158,33588
3159,3689
3159,33589
3159,33590
3159,33591
3159,8670
3159,33592
3159,33593
3159,33594
3159,5393
3159,33595
3159,4034
3159,13619
3159,33596
3159,7761
3159,13908
3159,6870
3159,33597
3159,4185
3159,31307
3159,13626
3159,5398
3159,4356
3159,7763
3159,15451
3159,4371
3159,33598
3159,4393
3159,13910
3159,5261
3159,33599
3159,5399
3159,33600
3159,33601
3159,11421
3159,7425
3159,7426
3159,4679
3159,5987
3159,5403
3159,4681
3159,4599
3159,5553
3159,5249
3159,33602
3159,33603
3159,19782
3159,5064
3161,27308
3161,28575
3161,22017
3161,33604
3161,21736
3161,33605
3161,17404
3161,22879
3161,16194
3161,4750
3161,5743
3161,18951
3161,7758
3161,5172
3161,17831
3161,20664
3161,4753
3161,5747
3161,5748
3161,4755
3161,5692
3161,17198
3161,12160
3161,22924
3161,10705
3161,15337
3161,4677
3161,5751
3161,6497
3161,5539
3161,17261
3161,4768
3164,3362
3164,3367
3164,6059
3164,3571
3164,3684
3164,3727
3164,31312
3164,5083
3164,8241
3164,3913
3164,4196
3164,6562
3164,32460
3164,4250
3164,4251
3164,4314
3164,26076
3164,6070
3164,33606
3164,4388
3164,12058
3164,11913
3164,4777
3164,31040
3164,6071
3164,4421
3164,7167
3164,4446
3164,12120
3164,4499
3164,27835
3164,5246
3164,5247
3164,6226
3164,6496
3164,15206
3164,4679
3164,16203
3164,12112
3164,5973
3164,4643
3164,4681
3164,7100
3164,4787
3164,4599
3164,4543
3164,5058
3164,5609
3164,12721
3164,5988
3164,15208
3164,5035
3164,5610
3164,4910
3164,12421
3164,33607
3164,12072
3164,5064
3167,10704
3167,9584
3167,24796
3167,33608
3167,33609
3167,33610
3167,32646
3167,3791
3167,33611
3167,4087
3167,4189
3167,23826
3167,5237
3167,4437
3167,4460
3167,13584
3167,7665
3167,7123
3167,9348
3167,9252
3167,33612
3167,33613
3167,9131
3167,24560
3167,4599
3167,4543
3167,4910
3167,33614
3167,8362
3171,3228
3171,33615
3171,3337
3171,3437
3171,33616
3171,3550
3171,33617
3171,3571
3171,3598
3171,3611
3171,33618
3171,33619
3171,15918
3171,15597
3171,3792
3171,3893
3171,3923
3171,3934
3171,33620
3171,33621
3171,5589
3171,6562
3171,30314
3171,5968
3171,5592
3171,33622
3171,33623
3171,4393
3171,4777
3171,4410
3171,4778
3171,4439
3171,4779
3171,17932
3171,4458
3171,7096
3171,21908
3171,17934
3171,7668
3171,26112
3171,4783
3171,4595
3171,22414
3171,4698
3171,27844
3171,6498
3171,4785
3171,4786
3171,4787
3171,4599
3171,4543
3171,5609
3171,5610
3171,4910
3171,33624
3171,12615
3175,33625
3175,33626
3175,3486
3175,33627
3175,33628
3175,33629
3175,33630
3175,33631
3175,33632
3175,33633
3175,9911
3175,5483
3175,33634
3175,33635
3175,13619
3175,4755
3175,33636
3175,33637
3175,7201
3175,33638
3175,33639
3175,33225
3175,33640
3175,33641
3175,33642
3175,33643
3175,4255
3175,4758
3175,4696
3175,4984
3175,33644
3175,6448
3175,10264
3175,33645
3175,8550
3175,33646
3175,15142
3175,33647
3175,33648
3175,13093
3175,33649
3175,21628
3175,4761
3175,6595
3175,15304
3175,6839
3175,9601
3175,6799
3175,4681
3175,33650
3175,4599
3175,5827
3175,15151
3175,5609
3175,30064
3175,33651
3175,33652
3175,4844
3175,33653
3175,5249
3175,10973
3175,25204
3175,33654
3175,4768
3175,33655
3175,7436
3184,33656
3184,33657
3184,33658
3184,33659
3184,33660
3184,33661
3184,16567
3184,33662
3184,14440
3184,33663
3184,13323
3184,33664
3184,9060
3184,26213
3184,26136
3184,14825
3184,33665
3184,33666
3184,26214
3184,9065
3184,4696
3184,33667
3184,5240
3184,33069
3184,33668
3184,33669
3184,33670
3184,32660
3184,33671
3184,9452
3184,26256
3184,26222
3184,33672
3184,33673
3184,26225
3184,5246
3184,26257
3184,13325
3184,26226
3184,4761
3184,33674
3184,4905
3184,4681
3184,7361
3184,4599
3184,4543
3184,33675
3184,4871
3184,13327
3184,23378
3184,33267
3184,33676
3184,12956
3184,7548
3184,19551
3184,33677
3184,7308
3184,33678
3184,11437
3184,8362
3184,33679
3188,33054
3188,33055
3188,6955
3188,33680
3188,33681
3188,5051
3188,25835
3188,3825
3188,5172
3188,23494
3188,7923
3188,33682
3188,15412
3188,7925
3188,33683
3188,4758
3188,5054
3188,15044
3188,9342
3188,9343
3188,20060
3188,12750
3188,5056
3188,4681
3188,24560
3188,5539
3188,5035
3188,31351
3188,5059
3188,33684
3188,5357
3188,5064
3191,33685
3191,33686
3191,33687
3191,33688
3191,33689
3191,33690
3191,33691
3191,33692
3191,33693
3191,33694
3191,33695
3191,4189
3191,6310
3191,33696
3191,33697
3191,33698
3191,16121
3191,33699
3191,33700
3191,10741
3191,4349
3191,33701
3191,4393
3191,33702
3191,33703
3191,4439
3191,4446
3191,33704
3191,4458
3191,4508
3191,23723
3191,8188
3191,20441
3191,4698
3191,21440
3191,33705
3191,9260
3191,4681
3191,33706
3191,4599
3191,4543
3191,5553
3191,23731
3192,33707
3192,8726
3192,33708
3192,33709
3192,33710
3192,33711
3192,33712
3192,33713
3192,19052
3192,33714
3192,33715
3192,4160
3192,4189
3192,33716
3192,33717
3192,4302
3192,33718
3192,33719
3192,33720
3192,33721
3192,26373
3192,33722
3192,33723
3192,33724
3192,4593
3192,33725
3192,8302
3192,33726
3192,33727
3192,5987
3192,33728
3192,33729
3192,33730
3192,33731
3192,4541
3192,4681
3192,11678
3192,9350
3192,33732
3192,33733
3192,33734
3192,4599
3192,16667
3192,5827
3192,4701
3192,33735
3192,33736
3192,33737
3192,33738
3192,33739
3192,33740
3192,5249
3192,33741
3192,33742
3192,33743
3192,33744
3192,33745
3192,33746
3192,7710
3196,28894
3196,20662
3196,25522
3196,5083
3196,3856
3196,5392
3196,3913
3196,28897
3196,33747
3196,33748
3196,16844
3196,32450
3196,19238
3196,4122
3196,6870
3196,4177
3196,4757
3196,28352
3196,11414
3196,4758
3196,33749
3196,4984
3196,5398
3196,7402
3196,11417
3196,17584
3196,4439
3196,6876
3196,5399
3196,21570
3196,6794
3196,6072
3196,24324
3196,6074
3196,33750
3196,4698
3196,5403
3196,4681
3196,24560
3196,4599
3196,10197
3196,28906
3196,11437
3196,5064
3198,6362
3198,33751
3198,33752
3198,33753
3198,33754
3198,16457
3198,16458
3198,7047
3198,10738
3198,12218
3198,33755
3198,33756
3198,19516
3198,33757
3198,27892
3198,4753
3198,16462
3198,16464
3198,33758
3198,33759
3198,16465
3198,16466
3198,33760
3198,33761
3198,4234
3198,33762
3198,4253
3198,16468
3198,33763
3198,33764
3198,33765
3198,27895
3198,7091
3198,7092
3198,16470
3198,33766
3198,4410
3198,33767
3198,16473
3198,10744
3198,8412
3198,16474
3198,10745
3198,16475
3198,12292
3198,5126
3198,29584
3198,33768
3198,6381
3198,33769
3198,6981
3198,4787
3198,10751
3198,5827
3198,33770
3198,16480
3198,4768
3198,33771
3199,33772
3199,33773
3199,15031
3199,15033
3199,5172
3199,33774
3199,5528
3199,4755
3199,7923
3199,4231
3199,28883
3199,14826
3199,9065
3199,33775
3199,5530
3199,15042
3199,4415
3199,13801
3199,28885
3199,13803
3199,20060
3199,5532
3199,28886
3199,12751
3199,6971
3199,5056
3199,5057
3199,4681
3199,15068
3199,33776
3199,4599
3199,5404
3199,5486
3199,5059
3199,4682
3199,5063
3199,5064
3202,33777
3202,33778
3202,33779
3202,31985
3202,33780
3202,33781
3202,33782
3202,25211
3202,33783
3202,4750
3202,31988
3202,33784
3202,33785
3202,31989
3202,26887
3202,33388
3202,33786
3202,31990
3202,33787
3202,13238
3202,33788
3202,7731
3202,31991
3202,33789
3202,33790
3202,4023
3202,31992
3202,4755
3202,31993
3202,31994
3202,33791
3202,31995
3202,26890
3202,33792
3202,33793
3202,31997
3202,33794
3202,31998
3202,31999
3202,26893
3202,32000
3202,21611
3202,32001
3202,4984
3202,26894
3202,32003
3202,20425
3202,22142
3202,32004
3202,32005
3202,33795
3202,32006
3202,17933
3202,32007
3202,32008
3202,26658
3202,26895
3202,32009
3202,32010
3202,33796
3202,32011
3202,32012
3202,32013
3202,4595
3202,33797
3202,32014
3202,32015
3202,32016
3202,32017
3202,24966
3202,32019
3202,16856
3202,4681
3202,33798
3202,32020
3202,32021
3202,5827
3202,5539
3202,26898
3202,32023
3202,33799
3202,33800
3202,32024
3202,26899
3202,32025
3202,32027
3202,32026
3202,10344
3202,33801
3202,33802
3202,32032
3202,32033
3202,33803
3202,33804
3207,33805
3207,33806
3207,33807
3207,33808
3207,33809
3207,33810
3207,33811
3207,22052
3207,15506
3207,33812
3207,4189
3207,33813
3207,7052
3207,4314
3207,33814
3207,33815
3207,33816
3207,12639
3207,22611
3207,21484
3207,13911
3207,33817
3207,4523
3207,33818
3207,4679
3207,19084
3207,33819
3207,4681
3207,33820
3207,4599
3207,33821
3207,6330
3207,6885
3207,33822
3207,4910
3207,5249
3207,33823
3207,33824
3207,33825
3207,4768
3207,33826
3209,25237
3209,33827
3209,33828
3209,33829
3209,19575
3209,33830
3209,33831
3209,25242
3209,28653
3209,33832
3209,33833
3209,18396
3209,33834
3209,25246
3209,7989
3209,33835
3209,28659
3209,33836
3209,33837
3209,4752
3209,33838
3209,6824
3209,16419
3209,6274
3209,16393
3209,28660
3209,5873
3209,10940
3209,4192
3209,33839
3209,25249
3209,33840
3209,4445
3209,16424
3209,33841
3209,33842
3209,18640
3209,4521
3209,22143
3209,4761
3209,33843
3209,18398
3209,4539
3209,4765
3209,33844
3209,33845
3209,8775
3209,10950
3209,33846
3209,33847
3209,33848
3210,33849
3210,33850
3210,33851
3210,33852
3210,33853
3210,31406
3210,33854
3210,33855
3210,6532
3210,4720
3210,4924
3210,6533
3210,6534
3210,6535
3210,33856
3210,11863
3210,5372
3210,4985
3210,6291
3210,33505
3210,12031
3210,33857
3210,31422
3210,33858
3210,21655
3210,33859
3210,6296
3210,10180
3210,12082
3210,17841
3210,4599
3210,33860
3210,8885
3210,5381
3210,33861
3210,4768
3210,33862
3210,33863
3213,33864
3213,3457
3213,32358
3213,28977
3213,10625
3213,33865
3213,3911
3213,13277
3213,4948
3213,33866
3213,33867
3213,33868
3213,33869
3213,32188
3213,16422
3213,33870
3213,33871
3213,21140
3213,7262
3213,13130
3213,7514
3213,4599
3213,5827
3213,4543
3213,4907
3213,33872
3214,33873
3214,3859
3214,3880
3214,3894
3214,26821
3214,3982
3214,3985
3214,9242
3214,4186
3214,16572
3214,28352
3214,21858
3214,5054
3214,4349
3214,4393
3214,4411
3214,5595
3214,4437
3214,4439
3214,4676
3214,24650
3214,5598
3214,10411
3214,5970
3214,4499
3214,5602
3214,8188
3214,10965
3214,5605
3214,12419
3214,5987
3214,4698
3214,4643
3214,4599
3214,4543
3214,5058
3214,5553
3214,13591
3214,33874
3214,4910
3214,33875
3214,5064
3215,3571
3215,3704
3215,3727
3215,3864
3215,3893
3215,33876
3215,3913
3215,24520
3215,3923
3215,32482
3215,16988
3215,31815
3215,4177
3215,6562
3215,4216
3215,33877
3215,4393
3215,4410
3215,4421
3215,4778
3215,15922
3215,4586
3215,17585
3215,4437
3215,4439
3215,4446
3215,4779
3215,4458
3215,7096
3215,4499
3215,31678
3215,4593
3215,4868
3215,8412
3215,17934
3215,4678
3215,4783
3215,5485
3215,4679
3215,4595
3215,11919
3215,4698
3215,27844
3215,4681
3215,4785
3215,4786
3215,4787
3215,4699
3215,4599
3215,4543
3215,15925
3215,5609
3215,26117
3215,12615
3215,16996
3219,33878
3219,33879
3219,33880
3219,33881
3219,33882
3219,33883
3219,3877
3219,3921
3219,31360
3219,33884
3219,30122
3219,9243
3219,33885
3219,4184
3219,9244
3219,4268
3219,6275
3219,33886
3219,33887
3219,33888
3219,33889
3219,33890
3219,7580
3219,33891
3219,33892
3219,4460
3219,6277
3219,33893
3219,33894
3219,14557
3219,24556
3219,33895
3219,27225
3219,33896
3219,8412
3219,15116
3219,6248
3219,5485
3219,6249
3219,9256
3219,15732
3219,21634
3219,5267
3219,5354
3219,6498
3219,16138
3219,4681
3219,8189
3219,5304
3219,4599
3219,33897
3219,33898
3219,5898
3222,33899
3222,3454
3222,33900
3222,33901
3222,33902
3222,3763
3222,31466
3222,32777
3222,10042
3222,22063
3222,22065
3222,33903
3222,22948
3222,22066
3222,10791
3222,33904
3222,33905
3222,22068
3222,33906
3222,4248
3222,22070
3222,29976
3222,10245
3222,33907
3222,33908
3222,33909
3222,5179
3222,23768
3222,23997
3222,22071
3222,10798
3222,33910
3222,24323
3222,10247
3222,5181
3222,4587
3222,27026
3222,33911
3222,25873
3222,23773
3222,33912
3222,29271
3222,23777
3222,12582
3222,4759
3222,32784
3222,8412
3222,23779
3222,33913
3222,15206
3222,4762
3222,33914
3222,32699
3222,12066
3222,4597
3222,8336
3222,4698
3222,5355
3222,4681
3222,4906
3222,5464
3222,27859
3222,4599
3222,6728
3222,4701
3222,4600
3222,5991
3222,31540
3222,33915
3222,32227
3224,3424
3224,3550
3224,3571
3224,3598
3224,3611
3224,3651
3224,3704
3224,15918
3224,3893
3224,3923
3224,3934
3224,4010
3224,4176
3224,5589
3224,33916
3224,4349
3224,4393
3224,11913
3224,4777
3224,4410
3224,5547
3224,4778
3224,21304
3224,15922
3224,4437
3224,4439
3224,4779
3224,5697
3224,7096
3224,17933
3224,16501
3224,8412
3224,17934
3224,7789
3224,4678
3224,4783
3224,5485
3224,4595
3224,23118
3224,11919
3224,5536
3224,4785
3224,4787
3224,4599
3224,5538
3224,4543
3224,5609
3224,12615
3224,4805
3224,12226
3227,33917
3227,11299
3227,6366
3227,3416
3227,12152
3227,11301
3227,24980
3227,8289
3227,33918
3227,27698
3227,33919
3227,33920
3227,5172
3227,3846
3227,22922
3227,4753
3227,7051
3227,9591
3227,33921
3227,27699
3227,11308
3227,4755
3227,33922
3227,19988
3227,4985
3227,33434
3227,19990
3227,19991
3227,6448
3227,27702
3227,33923
3227,33924
3227,33925
3227,33926
3227,10747
3227,33927
3227,33928
3227,15643
3227,33929
3227,33930
3227,4599
3227,7208
3227,5553
3227,5539
3227,33931
3227,7209
3227,33932
3227,8988
3227,30970
3227,33933
3227,6384
3227,4768
3227,4729
3227,33934
3227,32253
3233,5123
3233,33935
3233,13039
3233,5085
3233,33936
3233,12718
3233,33937
3233,4184
3233,33938
3233,6562
3233,7690
3233,5874
3233,4230
3233,10406
3233,33939
3233,7611
3233,4286
3233,4316
3233,33940
3233,14896
3233,4368
3233,4411
3233,5777
3233,4676
3233,22658
3233,26675
3233,4492
3233,33941
3233,10413
3233,4868
3233,32644
3233,33942
3233,14023
3233,4761
3233,7791
3233,33943
3233,7100
3233,8189
3233,4599
3233,5035
3233,4910
3233,29261
3233,33944
3233,33945
3233,11928
3234,5349
3234,4720
3234,4225
3234,6712
3234,9653
3234,7053
3234,4359
3234,4365
3234,4368
3234,7203
3234,6448
3234,20556
3234,25726
3234,15783
3234,32868
3234,12082
3234,28072
3234,4599
3234,11282
3234,21960
3234,4768
3236,33946
3236,16369
3236,16372
3236,33947
3236,33948
3236,16376
3236,33949
3236,33950
3236,16377
3236,4429
3236,11132
3236,33951
3236,33952
3236,5246
3236,7620
3236,10595
3236,9257
3236,9258
3236,33953
3236,4930
3236,5536
3236,5464
3236,33954
3236,33955
3236,33956
3243,33957
3243,33958
3243,3197
3243,33959
3243,33656
3243,33960
3243,33961
3243,33962
3243,33963
3243,3604
3243,6691
3243,17098
3243,33964
3243,5390
3243,33965
3243,33966
3243,23594
3243,33967
3243,6065
3243,8728
3243,33968
3243,33969
3243,32791
3243,33970
3243,13795
3243,33971
3243,33972
3243,33973
3243,7026
3243,33974
3243,6871
3243,33975
3243,17605
3243,4282
3243,33976
3243,21763
3243,11418
3243,21568
3243,33977
3243,4640
3243,5399
3243,33978
3243,13325
3243,33750
3243,20963
3243,33979
3243,5403
3243,4599
3243,4543
3243,12583
3243,13327
3243,5486
3243,33980
3243,12956
3243,33981
3243,26049
3243,33982
3243,33983
3243,33984
3243,33985
3243,10881
3243,33986
3243,8362
3243,33987
3247,19913
3247,33988
3247,25500
3247,4696
3247,33989
3247,7053
3247,33990
3247,33991
3247,4368
3247,24005
3247,25505
3247,4677
3247,4761
3247,33992
3247,11352
3247,33993
3247,4599
3247,27115
3247,33994
3247,33995
3247,4768
3247,17116
3250,33996
3250,3683
3250,33997
3250,33998
3250,3775
3250,33999
3250,29867
3250,18314
3250,26966
3250,34000
3250,25398
3250,7089
3250,17628
3250,5086
3250,10741
3250,7658
3250,16923
3250,7404
3250,34001
3250,4506
3250,4508
3250,25444
3250,13911
3250,10744
3250,29582
3250,34002
3250,7427
3250,16806
3250,4681
3250,7793
3250,4599
3250,5539
3250,34003
3250,34004
3250,34005
3250,6569
3250,34006
3250,34007
3250,5063
3250,5064
3255,34008
3255,34009
3255,34010
3255,34011
3255,34012
3255,26821
3255,34013
3255,29073
3255,34014
3255,34015
3255,21845
3255,14461
3255,34016
3255,34017
3255,34018
3255,4696
3255,34019
3255,21870
3255,29322
3255,18000
3255,5261
3255,18001
3255,6979
3255,18002
3255,34020
3255,9383
3255,9345
3255,21903
3255,10395
3255,21909
3255,18015
3255,21920
3255,7332
3255,34021
3255,6248
3255,4678
3255,5987
3255,32504
3255,28519
3255,14025
3255,10397
3255,34022
3255,33189
3255,34023
3255,4681
3255,7262
3255,4787
3255,4599
3255,5609
3255,5305
3255,5486
3255,34024
3255,4910
3255,34025
3255,34026
3255,5064
3256,5174
3256,34027
3256,34028
3256,30245
3256,34029
3256,34030
3256,10627
3256,17515
3256,34031
3256,4267
3256,15904
3256,34032
3256,30248
3256,4340
3256,34033
3256,34034
3256,10486
3256,34035
3256,34036
3256,34037
3256,17517
3256,34038
3256,3813
3256,5261
3256,34039
3256,34040
3256,4587
3256,4590
3256,10631
3256,34041
3256,34042
3256,23525
3256,34043
3256,34044
3256,4539
3256,4599
3256,28501
3256,34045
3256,34046
3257,34047
3257,34048
3257,34049
3257,34050
3257,34051
3257,34052
3257,34053
3257,34054
3257,3986
3257,34055
3257,34056
3257,34057
3257,4189
3257,4225
3257,19988
3257,25632
3257,4696
3257,7053
3257,6376
3257,28214
3257,4368
3257,4377
3257,16469
3257,19990
3257,11070
3257,19991
3257,34058
3257,34059
3257,34060
3257,7054
3257,18579
3257,4677
3257,16475
3257,14516
3257,4595
3257,12292
3257,5126
3257,34061
3257,6381
3257,4787
3257,34062
3257,10751
3257,5609
3257,10223
3257,32251
3257,34063
3257,34064
3257,4768
3257,4603
3257,34065
3258,6953
3258,34066
3258,34067
3258,3848
3258,6961
3258,34068
3258,34069
3258,16844
3258,16847
3258,4757
3258,10262
3258,34070
3258,34071
3258,34072
3258,34073
3258,34074
3258,34075
3258,4758
3258,20667
3258,10248
3258,24324
3258,6103
3258,16856
3258,4681
3258,4910
3260,12743
3260,7419
3260,34076
3260,34077
3260,4393
3260,27827
3260,14219
3260,4439
3260,4446
3260,34078
3260,27132
3260,17311
3260,6278
3260,4868
3260,7789
3260,17313
3260,26112
3260,4678
3260,9413
3260,17316
3260,17315
3260,7427
3260,4698
3260,27290
3260,22861
3260,20870
3260,13809
3260,4599
3260,4543
3260,13811
3260,20872
3260,17318
3260,10334
3260,5249
3260,17320
3260,20874
3263,34079
3263,22063
3263,22065
3263,34080
3263,22066
3263,22067
3263,22068
3263,34081
3263,4237
3263,33906
3263,22070
3263,29976
3263,23768
3263,22071
3263,4388
3263,4393
3263,10046
3263,24323
3263,5180
3263,4439
3263,5181
3263,4587
3263,4452
3263,4454
3263,34082
3263,23779
3263,33913
3263,5485
3263,4762
3263,5184
3263,4597
3263,4698
3263,4599
3263,5827
3263,4543
3263,12226
3263,34083
3265,32175
3265,12239
3265,5122
3265,23420
3265,29045
3265,13339
3265,9376
3265,5349
3265,3962
3265,19538
3265,27694
3265,12437
3265,34084
3265,4090
3265,9933
3265,4720
3265,29082
3265,9379
3265,22165
3265,34085
3265,4239
3265,6712
3265,5086
3265,34086
3265,6443
3265,29847
3265,9407
3265,34087
3265,4985
3265,6445
3265,9497
3265,4359
3265,12438
3265,18301
3265,4368
3265,20328
3265,4377
3265,11156
3265,16234
3265,19542
3265,5297
3265,5298
3265,18001
3265,6292
3265,31160
3265,6293
3265,34088
3265,7468
3265,5981
3265,34089
3265,17220
3265,4761
3265,34090
3265,6296
3265,7099
3265,9673
3265,7768
3265,5267
3265,11349
3265,6980
3265,13343
3265,5304
3265,4599
3265,34091
3265,7475
3265,6538
3265,18465
3265,34092
3265,27659
3265,27660
3265,34093
3265,4768
3265,4729
3265,5307
3265,7113
3265,5358
3273,32175
3273,11824
3273,3571
3273,13215
3273,3633
3273,27200
3273,10661
3273,3747
3273,26096
3273,3671
3273,10042
3273,3923
3273,11833
3273,11834
3273,3997
3273,5586
3273,4092
3273,34094
3273,26102
3273,28622
3273,10662
3273,4582
3273,26104
3273,5968
3273,34095
3273,11837
3273,15905
3273,8907
3273,26109
3273,4388
3273,27409
3273,4410
3273,5261
3273,4428
3273,5180
3273,4587
3273,26110
3273,4454
3273,4590
3273,4591
3273,7096
3273,10664
3273,4594
3273,6248
3273,4678
3273,4783
3273,4762
3273,26301
3273,4595
3273,10253
3273,4698
3273,4681
3273,4787
3273,4599
3273,5538
3273,4543
3273,6330
3273,5553
3273,4600
3273,12439
3279,34096
3279,34097
3279,24797
3279,34098
3279,34099
3279,34100
3279,16196
3279,34101
3279,34102
3279,26579
3279,34103
3279,20914
3279,34104
3279,6694
3279,34105
3279,20915
3279,32651
3279,34106
3279,34107
3279,21841
3279,29745
3279,20916
3279,34108
3279,26586
3279,34109
3279,34110
3279,32654
3279,20919
3279,20920
3279,9065
3279,34111
3279,30671
3279,12719
3279,34112
3279,20922
3279,4696
3279,34113
3279,28884
3279,34114
3279,6070
3279,34115
3279,12399
3279,34116
3279,34117
3279,6071
3279,20923
3279,24150
3279,8685
3279,34118
3279,34119
3279,34120
3279,20924
3279,20180
3279,6967
3279,33074
3279,14834
3279,31018
3279,26184
3279,34121
3279,14835
3279,19546
3279,5246
3279,20930
3279,34122
3279,13326
3279,6566
3279,20444
3279,34123
3279,14547
3279,6103
3279,26141
3279,4905
3279,20933
3279,4681
3279,34124
3279,7361
3279,4599
3279,19550
3279,4871
3279,34125
3279,4601
3279,14550
3279,19551
3279,34126
3279,34127
3279,21008
3279,4874
3279,21572
3279,16205
3279,34128
3279,34129
3279,34130
3279,34131
3279,20938
3279,4603
3279,23326
3282,10106
3282,34132
3282,23914
3282,6960
3282,33089
3282,13793
3282,34133
3282,28351
3282,23918
3282,13798
3282,25846
3282,23920
3282,32434
3282,34134
3282,7052
3282,4696
3282,5530
3282,17630
3282,6565
3282,15493
3282,13801
3282,34135
3282,6967
3282,26814
3282,13733
3282,12591
3282,34136
3282,10122
3282,5532
3282,12749
3282,6970
3282,12593
3282,11781
3282,20066
3282,12751
3282,6971
3282,5056
3282,5057
3282,12594
3282,7471
3282,4599
3282,5539
3282,5404
3282,31612
3282,5486
3282,24602
3282,5059
3282,20935
3282,4768
3282,11437
3282,5064
3282,34137
3287,24843
3287,34138
3287,28053
3287,24844
3287,17293
3287,3922
3287,19661
3287,34139
3287,26774
3287,8611
3287,34140
3287,11617
3287,6121
3287,4258
3287,4267
3287,7783
3287,4290
3287,13494
3287,9769
3287,4359
3287,4368
3287,34141
3287,13496
3287,34142
3287,6125
3287,34143
3287,7784
3287,6127
3287,7786
3287,24396
3287,34144
3287,4506
3287,34145
3287,4508
3287,27835
3287,7787
3287,34146
3287,34147
3287,11747
3287,13500
3287,7126
3287,7127
3287,4992
3287,9257
3287,25677
3287,6799
3287,26788
3287,4599
3287,5827
3287,4543
3287,22548
3287,34148
3287,6130
3287,21177
3287,11427
3287,23807
3287,5898
3287,34149
3287,7799
3288,34150
3288,34151
3288,34152
3288,4022
3288,34153
3288,4169
3288,34154
3288,34155
3288,34156
3288,4681
3288,27975
3288,4599
3288,5553
3288,34157
3288,34158
3288,34159
3288,5249
3288,27610
3289,34160
3289,11398
3289,34161
3289,3607
3289,8752
3289,25134
3289,3797
3289,24862
3289,3826
3289,34162
3289,10326
3289,24798
3289,3995
3289,4146
3289,4189
3289,4214
3289,4216
3289,4237
3289,4246
3289,34163
3289,17197
3289,9339
3289,5054
3289,29153
3289,12720
3289,9342
3289,14491
3289,9343
3289,5883
3289,33942
3289,6074
3289,4681
3289,4599
3289,4543
3289,5553
3289,5486
3289,4910
3289,34164
3289,34165
3289,5063
3289,11437
3289,5064
3289,8362
3289,34166
3290,5163
3290,3434
3290,4747
3290,4564
3290,34167
3290,34168
3290,9238
3290,3611
3290,3633
3290,34169
3290,10661
3290,34170
3290,9239
3290,3843
3290,10239
3290,34171
3290,26099
3290,3893
3290,34172
3290,3921
3290,3923
3290,4092
3290,22068
3290,10662
3290,34173
3290,4582
3290,9244
3290,4289
3290,11837
3290,4696
3290,4349
3290,34174
3290,4359
3290,26109
3290,4393
3290,10046
3290,11156
3290,4410
3290,34175
3290,7580
3290,4439
3290,4676
3290,4446
3290,4587
3290,19441
3290,16125
3290,4454
3290,4456
3290,4590
3290,4591
3290,23773
3290,10664
3290,5970
3290,24556
3290,18015
3290,4759
3290,4868
3290,5263
3290,8412
3290,4594
3290,4783
3290,4762
3290,4679
3290,6103
3290,4597
3290,24535
3290,4698
3290,8692
3290,5269
3290,4906
3290,34176
3290,4599
3290,4543
3290,4998
3290,34177
3290,5249
3290,12615
3290,4684
3290,34178
3291,34179
3291,34180
3291,7153
3291,27698
3291,34181
3291,3950
3291,34182
3291,34183
3291,27699
3291,27700
3291,34184
3291,34185
3291,34186
3291,4189
3291,6562
3291,4303
3291,34187
3291,34188
3291,27701
3291,4421
3291,14515
3291,27702
3291,4487
3291,33926
3291,15643
3291,4681
3291,4599
3291,7208
3291,34189
3292,3483
3292,3859
3292,3923
3292,13241
3292,3947
3292,3997
3292,4755
3292,7924
3292,4253
3292,4349
3292,4393
3292,34190
3292,4439
3292,4676
3292,4446
3292,4452
3292,4454
3292,8188
3292,4904
3292,4868
3292,8412
3292,4520
3292,4677
3292,5485
3292,15206
3292,4761
3292,23118
3292,12112
3292,4698
3292,5057
3292,4643
3292,4681
3292,4599
3292,5538
3292,4543
3292,6330
3292,5553
3292,5609
3292,4701
3292,11053
3292,10968
3292,15208
3292,4910
3292,12615
3292,34191
3292,4805
3292,12226
3292,34192
3292,28582
3292,34193
3292,5064
3293,3362
3293,34194
3293,34195
3293,15241
3293,3859
3293,3880
3293,4010
3293,4099
3293,4189
3293,6310
3293,34196
3293,34197
3293,4696
3293,4349
3293,4358
3293,6070
3293,4393
3293,11913
3293,5261
3293,4437
3293,4439
3293,4676
3293,4446
3293,16125
3293,4458
3293,4466
3293,7096
3293,4904
3293,4593
3293,5246
3293,4678
3293,7426
3293,12419
3293,15206
3293,5987
3293,11919
3293,12066
3293,5606
3293,4698
3293,4681
3293,4599
3293,4543
3293,5553
3293,5609
3293,21542
3293,34198
3293,29231
3293,4805
3293,5991
3293,12615
3293,12226
3293,16996
3293,19473
3299,4820
3299,19879
3299,34199
3299,30880
3299,17827
3299,34200
3299,30882
3299,3707
3299,19881
3299,22052
3299,22452
3299,34201
3299,7199
3299,31418
3299,15522
3299,16724
3299,31405
3299,34202
3299,4054
3299,16725
3299,12825
3299,31421
3299,23140
3299,13907
3299,17834
3299,10520
3299,30887
3299,17350
3299,6533
3299,5086
3299,17765
3299,15525
3299,4985
3299,33816
3299,12438
3299,4368
3299,7203
3299,6291
3299,30892
3299,30894
3299,17353
3299,34203
3299,17838
3299,12031
3299,10427
3299,31424
3299,4761
3299,12082
3299,17755
3299,4599
3299,17845
3299,17846
3299,4768
3302,15717
3302,3970
3302,4068
3302,11861
3302,4301
3302,5054
3302,4359
3302,4368
3302,4377
3302,9342
3302,4420
3302,7882
3302,9343
3302,4524
3302,7768
3302,6003
3302,9602
3302,4599
3302,5058
3302,27847
3302,7475
3302,7476
3302,25555
3302,6006
3302,6384
3302,31572
3302,4729
3303,34204
3303,16431
3303,34205
3303,25245
3303,3802
3303,34206
3303,16435
3303,3974
3303,34207
3303,34208
3303,34209
3303,4179
3303,25251
3303,34210
3303,34211
3303,34212
3303,25252
3303,4340
3303,34213
3303,34214
3303,34215
3303,25255
3303,34216
3303,34217
3303,7882
3303,22459
3303,16441
3303,27830
3303,34218
3303,25258
3303,11260
3303,34219
3303,31846
3303,4521
3303,4761
3303,4539
3303,11352
3303,27606
3303,34220
3303,34221
3303,34222
3303,34223
3303,34224
3303,27610
3303,34225
3303,34226
3303,8509
3303,34227
3303,34228
3303,34229
3303,34230
3303,34231
3303,34232
3303,11928
3309,29169
3309,5052
3309,25182
3309,34233
3309,14186
3309,34234
3309,5586
3309,31267
3309,7923
3309,4582
3309,4261
3309,31269
3309,20049
3309,4758
3309,4984
3309,34235
3309,34236
3309,16201
3309,4586
3309,17421
3309,6377
3309,31276
3309,24324
3309,17314
3309,26112
3309,4678
3309,11919
3309,24966
3309,4785
3309,4786
3309,4787
3309,15308
3309,4699
3309,4599
3309,5609
3309,12631
3309,30969
3309,5610
3309,9730
3309,4682
3309,5406
3310,3521
3310,3546
3310,3689
3310,29633
3310,10517
3310,3829
3310,3922
3310,34237
3310,34238
3310,29636
3310,4189
3310,34239
3310,4306
3310,34240
3310,29653
3310,22547
3310,7784
3310,34241
3310,32973
3310,34242
3310,7788
3310,4524
3310,7126
3310,7127
3310,31143
3310,6799
3310,34243
3310,4599
3310,34244
3310,6136
3310,5898
3310,34245
3320,34246
3320,34247
3320,34248
3320,34249
3320,34250
3320,34251
3320,34252
3320,34253
3320,34237
3320,26154
3320,34254
3320,15507
3320,18421
3320,34255
3320,16570
3320,34256
3320,34257
3320,34258
3320,32923
3320,15448
3320,34259
3320,34260
3320,34261
3320,34262
3320,34263
3320,11417
3320,8245
3320,34264
3320,34265
3320,7403
3320,11418
3320,34266
3320,34267
3320,11419
3320,34268
3320,34269
3320,34270
3320,7406
3320,5564
3320,9601
3320,5565
3320,34271
3320,5403
3320,17488
3320,5380
3320,26159
3320,15472
3320,34272
3320,34273
3320,34274
3320,34275
3320,34276
3320,34277
3320,32982
3320,26160
3320,34278
3320,34279
3320,34280
3320,34281
3320,34282
3320,34283
3320,34284
3320,34285
3320,34286
3320,34287
3323,26349
3323,23468
3323,16625
3323,3888
3323,34288
3323,5085
3323,33747
3323,3985
3323,34289
3323,12718
3323,21681
3323,16988
3323,4138
3323,34290
3323,34291
3323,4186
3323,16572
3323,6562
3323,14489
3323,34292
3323,4216
3323,4227
3323,4247
3323,11861
3323,34293
3323,5086
3323,4758
3323,4327
3323,34294
3323,7657
3323,4358
3323,34115
3323,4393
3323,32141
3323,5547
3323,17584
3323,3813
3323,4420
3323,34295
3323,4437
3323,4439
3323,6317
3323,4676
3323,4447
3323,4446
3323,4458
3323,4466
3323,34296
3323,4470
3323,16966
3323,24650
3323,4482
3323,4495
3323,4496
3323,34297
3323,34298
3323,4508
3323,27834
3323,34299
3323,12582
3323,21365
3323,34300
3323,28886
3323,5485
3323,18586
3323,4991
3323,4679
3323,25587
3323,5987
3323,4870
3323,33925
3323,5493
3323,34301
3323,6971
3323,5056
3323,4698
3323,23497
3323,16643
3323,6076
3323,5057
3323,7471
3323,34302
3323,4643
3323,34303
3323,4681
3323,17801
3323,34304
3323,13809
3323,4599
3323,5538
3323,9132
3323,4543
3323,34305
3323,12632
3323,5486
3323,31382
3323,5035
3323,8355
3323,34306
3323,5249
3323,18675
3323,23019
3323,17735
3323,23630
3323,34307
3323,10275
3323,12072
3323,5064
3323,4603
3323,21373
3324,5123
3324,3571
3324,3598
3324,3611
3324,3859
3324,3893
3324,3923
3324,3950
3324,4010
3324,34308
3324,4696
3324,4349
3324,4358
3324,4777
3324,4410
3324,4778
3324,4439
3324,4676
3324,6318
3324,4452
3324,4454
3324,8412
3324,4678
3324,15206
3324,5987
3324,4595
3324,11919
3324,12066
3324,4698
3324,6498
3324,4681
3324,4787
3324,4599
3324,4543
3324,5609
3324,4910
3324,5991
3324,12615
3326,34309
3326,34310
3326,34311
3326,3815
3326,34312
3326,34313
3326,34314
3326,11646
3326,4398
3326,32070
3326,22459
3326,4457
3326,11260
3326,31710
3326,4761
3326,10180
3326,4539
3326,11352
3326,4599
3326,21673
3326,8492
3326,28994
3326,34315
3326,4768
3326,34316
3326,34317
3326,26871
3326,34318
3327,5122
3327,34319
3327,34320
3327,34321
3327,17784
3327,22922
3327,26493
3327,4003
3327,34322
3327,34323
3327,4720
3327,9620
3327,31506
3327,30380
3327,34324
3327,33503
3327,34325
3327,34326
3327,4985
3327,4359
3327,4368
3327,34327
3327,25403
3327,4377
3327,6448
3327,17853
3327,34328
3327,22926
3327,5981
3327,34329
3327,7099
3327,4599
3327,27115
3327,19552
3327,34330
3327,4768
3329,30880
3329,17827
3329,19881
3329,34331
3329,17830
3329,15522
3329,19882
3329,4054
3329,16725
3329,12825
3329,17834
3329,30887
3329,29453
3329,17350
3329,6533
3329,15524
3329,30891
3329,4359
3329,34332
3329,12031
3329,27842
3329,30898
3329,5827
3329,15526
3329,11071
3329,34333
3329,34334
3329,34335
3329,4768
3329,17846
3329,34336
3333,34337
3333,34338
3333,34339
3333,17413
3333,34340
3333,34341
3333,34342
3333,15728
3333,34343
3333,34344
3333,20667
3333,4984
3333,5694
3333,34345
3333,10264
3333,26243
3333,34346
3333,12202
3333,32165
3333,12641
3333,34347
3333,17423
3333,27441
3333,26034
3333,34348
3333,34349
3333,15732
3333,6619
3333,15733
3333,24966
3333,27447
3333,6228
3333,7739
3333,15734
3333,12723
3333,15313
3333,34350
3333,34351
3333,34352
3333,34353
3333,34354
3336,34355
3336,3727
3336,26820
3336,34356
3336,34357
3336,34358
3336,34359
3336,34360
3336,4186
3336,4189
3336,34361
3336,34362
3336,4234
3336,25431
3336,4349
3336,34363
3336,4393
3336,34364
3336,4437
3336,4439
3336,4446
3336,34365
3336,7889
3336,7096
3336,4465
3336,34366
3336,24851
3336,33159
3336,34367
3336,31423
3336,12949
3336,9328
3336,23476
3336,4698
3336,11886
3336,10966
3336,4541
3336,4681
3336,34368
3336,4599
3336,4543
3336,5553
3336,4701
3336,12721
3336,6079
3336,34369
3336,34370
3336,32492
3336,5035
3336,34371
3336,34372
3336,34373
3340,34374
3340,9866
3340,29529
3340,4173
3340,34375
3340,32267
3340,32268
3340,34376
3340,34377
3340,5547
3340,4418
3340,32270
3340,9871
3340,34378
3340,34379
3340,34380
3340,25567
3340,29541
3340,34381
3340,20110
3340,7124
3340,7831
3340,4698
3340,8861
3340,4681
3340,13590
3340,34382
3340,9886
3342,34383
3342,23519
3342,34384
3342,34385
3342,34386
3342,34387
3342,34388
3342,4254
3342,34389
3342,34390
3342,34391
3342,5695
3342,34392
3342,16125
3342,34393
3342,32122
3342,34394
3342,33463
3342,34395
3342,32124
3342,34396
3342,34397
3342,34398
3342,5485
3342,34399
3342,21539
3342,34400
3342,4698
3342,34401
3342,34402
3342,4681
3342,4599
3342,5827
3342,4543
3342,5553
3342,4701
3342,34403
3342,11020
3342,12724
3342,14922
3342,10858
3342,26506
3342,27689
3342,27690
3342,27860
3342,34404
3342,34405
3342,26514
3342,34406
3346,7457
3346,34407
3346,34408
3346,34409
3346,8897
3346,34410
3346,5627
3346,6002
3346,17941
3346,4086
3346,5749
3346,10520
3346,4720
3346,6712
3346,11861
3346,5086
3346,4289
3346,4985
3346,4359
3346,6978
3346,4368
3346,4377
3346,6448
3346,6672
3346,17840
3346,7468
3346,5981
3346,13912
3346,17220
3346,4761
3346,7099
3346,5629
3346,6980
3346,4599
3346,5827
3346,4543
3346,7475
3346,18465
3346,34411
3346,34412
3346,4768
3346,19447
3346,4729
3346,10092
3346,17946
3346,26808
3346,29923
3346,7113
3346,29924
3347,2886
3347,3421
3347,3624
3347,3676
3347,3811
3347,3834
3347,3864
3347,3970
3347,6002
3347,3975
3347,3986
3347,34413
3347,4073
3347,22455
3347,4086
3347,4720
3347,6712
3347,4235
3347,5086
3347,4758
3347,4349
3347,4985
3347,4359
3347,34414
3347,4368
3347,12245
3347,4377
3347,18091
3347,28911
3347,6448
3347,16234
3347,6452
3347,10265
3347,7095
3347,7172
3347,6794
3347,31166
3347,5981
3347,4761
3347,28519
3347,4599
3347,10270
3347,5249
3347,34415
3347,31572
3347,4768
3347,4729
3348,34416
3348,34417
3348,34418
3348,34419
3348,34420
3348,34421
3348,34422
3348,34423
3348,3981
3348,34424
3348,34425
3348,34426
3348,34427
3348,34428
3348,34429
3348,4189
3348,34430
3348,4234
3348,34431
3348,34432
3348,34433
3348,34434
3348,34435
3348,34436
3348,34437
3348,34438
3348,34439
3348,34440
3348,34441
3348,34442
3348,34443
3348,34121
3348,14835
3348,34444
3348,34445
3348,4905
3348,34446
3348,27385
3348,7361
3348,34447
3348,33675
3348,34448
3348,19551
3348,34449
3348,4874
3348,16205
3348,22217
3348,4603
3349,28577
3349,34450
3349,3727
3349,12050
3349,5083
3349,3950
3349,25840
3349,5085
3349,4010
3349,4196
3349,4273
3349,4758
3349,34451
3349,4984
3349,12056
3349,33606
3349,4393
3349,10264
3349,34452
3349,4439
3349,4676
3349,4446
3349,4452
3349,16125
3349,4454
3349,24017
3349,15923
3349,10266
3349,23376
3349,4904
3349,4868
3349,4783
3349,12419
3349,15206
3349,26798
3349,12066
3349,15496
3349,4698
3349,23377
3349,5355
3349,6498
3349,18833
3349,4599
3349,4543
3349,6728
3349,15208
3349,5610
3349,4910
3349,24018
3349,8775
3349,12226
3350,34453
3350,16496
3350,34454
3350,34455
3350,23793
3350,34456
3350,24524
3350,34457
3350,4388
3350,34458
3350,29723
3350,4421
3350,34459
3350,34460
3350,16966
3350,34461
3350,34462
3350,34463
3350,34464
3350,34465
3350,34466
3350,34467
3350,34468
3350,7789
3350,34469
3350,34470
3350,11919
3350,34471
3350,4698
3350,34472
3350,34473
3350,4681
3350,4785
3350,27099
3350,4786
3350,34474
3350,4787
3350,4699
3350,4599
3350,34475
3350,4543
3350,5553
3350,5539
3350,20668
3350,5609
3350,12631
3350,30969
3350,5486
3350,5249
3350,8362
3352,34476
3352,34477
3352,3424
3352,34478
3352,5123
3352,3550
3352,3598
3352,3611
3352,34479
3352,18926
3352,34480
3352,27203
3352,3893
3352,3923
3352,3934
3352,34481
3352,34482
3352,34483
3352,4754
3352,17927
3352,34484
3352,4039
3352,4099
3352,5587
3352,34485
3352,34486
3352,34487
3352,34488
3352,34489
3352,4176
3352,5589
3352,34490
3352,4582
3352,15920
3352,14461
3352,30314
3352,34491
3352,33877
3352,34492
3352,34493
3352,4280
3352,4286
3352,34494
3352,5592
3352,34495
3352,34496
3352,34497
3352,34498
3352,34499
3352,34500
3352,4777
3352,4410
3352,34501
3352,4421
3352,4778
3352,4428
3352,15922
3352,4439
3352,34502
3352,8157
3352,21104
3352,6318
3352,4779
3352,17932
3352,11915
3352,6377
3352,4458
3352,34503
3352,34504
3352,30316
3352,6590
3352,34505
3352,21904
3352,34506
3352,21908
3352,34507
3352,4508
3352,17933
3352,4593
3352,34508
3352,7332
3352,8412
3352,17934
3352,4782
3352,7789
3352,4678
3352,4783
3352,4595
3352,34509
3352,30747
3352,21539
3352,11919
3352,5606
3352,4698
3352,34510
3352,22565
3352,8556
3352,18135
3352,4681
3352,4785
3352,34511
3352,4786
3352,4787
3352,4599
3352,4543
3352,5539
3352,5609
3352,31351
3352,5610
3352,12615
3354,34512
3354,34513
3354,3273
3354,34514
3354,3362
3354,29315
3354,3684
3354,34515
3354,3727
3354,29318
3354,3812
3354,17306
3354,17307
3354,5085
3354,4043
3354,34516
3354,34517
3354,27485
3354,34518
3354,7419
3354,7420
3354,34519
3354,4984
3354,4349
3354,4393
3354,34520
3354,34521
3354,14219
3354,4428
3354,4439
3354,4446
3354,4454
3354,17311
3354,7424
3354,6278
3354,18581
3354,4868
3354,8412
3354,17313
3354,5485
3354,17316
3354,17315
3354,18586
3354,7427
3354,18588
3354,34522
3354,31077
3354,4698
3354,27493
3354,22861
3354,4681
3354,20870
3354,13809
3354,4599
3354,4543
3354,13810
3354,6330
3354,5553
3354,13811
3354,20872
3354,27524
3354,17318
3354,34523
3354,33607
3354,34524
3354,7111
3354,26058
3354,34525
3354,17320
3356,5123
3356,15241
3356,13228
3356,3791
3356,7302
3356,5986
3356,21527
3356,24401
3356,10625
3356,13240
3356,16919
3356,5483
3356,34526
3356,34527
3356,5968
3356,4255
3356,34528
3356,6070
3356,8907
3356,15708
3356,4411
3356,6071
3356,5261
3356,7167
3356,7580
3356,34529
3356,22657
3356,34530
3356,22658
3356,34531
3356,4482
3356,34532
3356,6295
3356,34533
3356,4868
3356,4677
3356,5246
3356,7668
3356,24325
3356,6226
3356,34534
3356,4681
3356,4599
3356,5539
3356,5486
3356,4805
3363,3402
3363,3860
3363,22537
3363,25838
3363,25843
3363,23919
3363,15037
3363,4252
3363,31055
3363,10117
3363,20053
3363,4327
3363,15044
3363,4415
3363,6565
3363,15046
3363,15493
3363,13803
3363,26814
3363,20060
3363,34535
3363,6970
3363,4761
3363,12750
3363,12751
3363,6971
3363,4698
3363,25677
3363,6077
3363,5973
3363,34536
3363,34537
3363,5057
3363,12594
3363,9260
3363,4681
3363,34538
3363,26079
3363,21281
3363,4786
3363,12224
3363,4599
3363,5538
3363,4543
3363,6728
3363,21673
3363,5539
3363,4701
3363,34539
3363,5064
3363,5406
3364,34540
3364,34541
3364,34542
3364,31010
3364,3806
3364,7199
3364,34543
3364,34544
3364,34545
3364,4153
3364,34546
3364,34547
3364,11858
3364,29136
3364,34548
3364,32397
3364,31013
3364,4984
3364,7053
3364,31014
3364,34549
3364,34550
3364,31016
3364,6127
3364,31017
3364,14493
3364,6794
3364,34551
3364,13912
3364,34552
3364,31019
3364,31020
3364,34553
3364,17486
3364,17487
3364,34554
3364,34555
3364,34556
3364,25508
3364,5249
3364,10271
3364,23206
3364,31021
3364,31024
3364,34557
3364,4768
3364,11868
3364,34558
3365,34559
3365,3556
3365,34560
3365,34561
3365,7199
3365,34562
3365,34563
3365,32394
3365,20277
3365,4153
3365,5874
3365,11862
3365,4758
3365,7053
3365,34564
3365,34565
3365,34566
3365,34567
3365,21739
3365,34568
3365,31016
3365,6794
3365,34569
3365,34570
3365,34571
3365,10266
3365,34572
3365,34573
3365,34574
3365,34575
3365,31168
3365,34576
3365,34577
3365,4599
3365,34578
3365,16448
3365,32401
3365,34579
3365,34580
3365,4768
3365,34581
3365,34582
3366,34583
3366,4692
3366,34584
3366,34585
3366,34586
3366,27814
3366,34587
3366,34588
3366,34589
3366,4189
3366,6562
3366,34590
3366,34591
3366,34592
3366,34593
3366,34594
3366,34595
3366,34596
3366,7249
3366,34597
3366,34598
3366,34599
3366,4592
3366,34600
3366,8412
3366,34601
3366,34602
3366,34603
3366,34604
3366,4599
3366,34605
3366,34606
3366,34607
3366,34608
3366,34609
3366,34610
3366,5249
3366,34611
3366,34612
3366,34613
3366,34614
3366,27689
3366,34615
3366,34616
3366,34617
3366,31148
3366,34618
3366,27690
3366,27860
3366,34619
3372,34620
3372,34621
3372,17827
3372,31401
3372,30882
3372,19881
3372,31403
3372,34622
3372,34623
3372,34201
3372,34624
3372,34625
3372,34626
3372,34627
3372,15522
3372,34628
3372,34629
3372,30884
3372,16725
3372,12825
3372,34630
3372,17834
3372,25794
3372,7924
3372,6562
3372,34631
3372,6533
3372,17765
3372,10741
3372,4359
3372,4368
3372,34632
3372,27654
3372,34633
3372,4377
3372,7203
3372,6291
3372,30892
3372,34634
3372,34635
3372,10180
3372,12082
3372,34636
3372,34637
3372,4599
3372,27115
3372,34638
3372,34639
3372,34640
3372,34641
3372,10332
3372,10334
3372,34642
3372,34643
3372,4768
3372,15277
3373,14246
3373,12625
3373,9725
3373,34644
3373,5051
3373,5052
3373,3777
3373,34645
3373,21679
3373,17305
3373,4755
3373,34646
3373,13798
3373,34647
3373,27047
3373,5692
3373,5053
3373,4252
3373,25850
3373,20053
3373,5054
3373,4696
3373,7501
3373,6070
3373,27730
3373,17630
3373,33188
3373,34648
3373,28384
3373,23010
3373,15044
3373,4415
3373,6565
3373,15046
3373,21685
3373,15493
3373,13801
3373,13802
3373,7404
3373,17634
3373,6968
3373,34649
3373,26814
3373,13733
3373,17635
3373,34136
3373,21687
3373,20060
3373,33286
3373,20063
3373,33031
3373,6970
3373,17636
3373,17485
3373,34650
3373,11781
3373,33094
3373,12750
3373,12751
3373,6971
3373,5056
3373,5057
3373,12594
3373,4681
3373,4599
3373,5539
3373,17494
3373,12634
3373,34651
3373,17648
3373,5064
3375,34652
3375,9405
3375,3777
3375,32499
3375,13792
3375,9337
3375,30313
3375,34653
3375,4211
3375,17627
3375,9339
3375,34654
3375,9407
3375,5054
3375,34655
3375,29153
3375,24373
3375,4358
3375,11156
3375,18005
3375,9384
3375,34656
3375,10395
3375,29093
3375,21909
3375,34657
3375,34658
3375,21915
3375,33026
3375,34659
3375,18015
3375,4868
3375,6247
3375,34021
3375,34660
3375,34661
3375,7789
3375,30993
3375,12419
3375,34662
3375,32504
3375,34663
3375,28720
3375,20143
3375,12067
3375,34664
3375,25677
3375,12011
3375,10397
3375,10398
3375,4681
3375,7100
3375,18022
3375,7262
3375,5269
3375,6972
3375,4786
3375,4787
3375,5464
3375,4599
3375,5827
3375,27847
3375,6728
3375,9460
3375,29849
3375,5486
3375,33684
3375,5064
3375,32506
3375,34665
3381,34666
3381,34667
3381,34668
3381,34669
3381,34670
3381,34671
3381,24797
3381,34672
3381,34673
3381,34674
3381,34675
3381,32650
3381,32728
3381,34676
3381,34677
3381,28839
3381,11307
3381,34678
3381,24318
3381,34679
3381,32730
3381,34680
3381,9062
3381,32731
3381,7924
3381,26586
3381,5874
3381,9064
3381,32732
3381,34681
3381,32733
3381,34682
3381,32734
3381,9065
3381,4758
3381,12719
3381,34683
3381,4984
3381,34684
3381,34685
3381,32736
3381,28625
3381,34686
3381,4410
3381,32737
3381,15094
3381,32738
3381,15922
3381,4433
3381,32739
3381,7120
3381,32740
3381,29654
3381,21001
3381,5600
3381,34687
3381,6794
3381,5601
3381,10266
3381,32741
3381,32742
3381,14835
3381,19546
3381,34688
3381,12362
3381,4678
3381,4761
3381,34689
3381,14547
3381,6103
3381,34690
3381,34691
3381,6799
3381,6498
3381,4681
3381,4785
3381,4786
3381,4787
3381,7361
3381,5609
3381,4998
3381,5486
3381,5610
3381,34692
3381,23324
3384,34693
3384,32889
3384,32890
3384,34694
3384,11769
3384,34695
3384,34696
3384,23494
3384,32893
3384,32894
3384,32895
3384,3919
3384,34697
3384,34698
3384,34699
3384,34700
3384,34701
3384,34702
3384,32897
3384,15412
3384,32902
3384,34703
3384,34704
3384,10407
3384,34705
3384,34706
3384,34707
3384,32904
3384,34708
3384,34709
3384,25165
3384,32905
3384,32906
3384,34710
3384,26814
3384,13733
3384,34711
3384,34712
3384,34713
3384,34714
3384,34715
3384,32908
3384,32910
3384,6970
3384,7788
3384,7789
3384,26257
3384,34716
3384,32912
3384,22806
3384,34717
3384,4870
3384,32913
3384,6971
3384,5056
3384,5057
3384,33078
3384,7471
3384,34718
3384,34719
3384,4599
3384,9132
3384,7208
3384,4871
3384,34720
3384,11282
3384,34721
3384,10775
3384,4603
3386,12851
3386,34722
3386,34723
3386,15490
3386,25840
3386,15491
3386,33866
3386,34413
3386,19986
3386,25846
3386,17834
3386,34724
3386,34725
3386,15037
3386,5874
3386,26352
3386,4758
3386,25851
3386,15492
3386,4984
3386,4336
3386,12056
3386,13728
3386,5695
3386,23944
3386,15044
3386,15046
3386,20180
3386,13803
3386,34726
3386,25854
3386,6724
3386,34727
3386,15923
3386,20060
3386,34728
3386,34729
3386,34730
3386,4904
3386,5532
3386,34731
3386,28386
3386,12593
3386,7668
3386,17314
3386,6496
3386,15206
3386,12750
3386,12751
3386,12066
3386,6971
3386,5056
3386,15496
3386,5057
3386,5355
3386,6498
3386,4681
3386,30337
3386,29276
3386,4599
3386,6728
3386,5610
3386,4910
3386,12226
3386,5406
3387,3523
3387,3710
3387,15717
3387,3859
3387,27237
3387,5483
3387,3997
3387,4010
3387,4757
3387,4186
3387,4189
3387,6562
3387,15662
3387,4234
3387,9065
3387,4280
3387,4758
3387,4696
3387,4314
3387,4984
3387,4349
3387,4393
3387,9342
3387,4437
3387,4439
3387,9343
3387,4454
3387,4457
3387,7096
3387,5970
3387,8188
3387,4868
3387,8412
3387,12419
3387,34301
3387,4698
3387,5973
3387,5057
3387,4643
3387,4681
3387,4599
3387,4543
3387,34305
3387,5553
3387,5539
3387,4701
3387,12631
3387,34732
3387,34125
3387,5000
3387,5249
3387,17586
3387,5785
3387,5991
3387,16996
3387,5064
3387,4603
3388,26687
3388,34733
3388,34734
3388,3825
3388,25491
3388,34735
3388,30543
3388,34736
3388,19991
3388,4393
3388,34737
3388,34738
3388,34739
3388,34740
3388,34741
3388,34742
3388,34743
3388,34744
3388,34745
3388,34746
3388,4543
3388,34747
3388,34748
3388,34749
3388,34750
3388,34751
3388,34752
3388,34753
3388,34754
3388,34755
3388,34756
3388,34757
3388,34758
3388,34759
3389,5526
3389,31759
3389,34760
3389,15037
3389,34761
3389,12195
3389,4696
3389,4327
3389,23944
3389,15044
3389,4415
3389,6565
3389,15046
3389,27437
3389,12202
3389,33140
3389,13803
3389,26814
3389,20060
3389,27441
3389,6970
3389,33143
3389,17314
3389,15009
3389,15732
3389,12750
3389,18590
3389,12751
3389,27800
3389,6971
3389,5056
3389,4698
3389,25677
3389,15733
3389,5057
3389,27447
3389,4681
3389,4599
3389,4543
3389,7739
3389,5553
3389,28339
3389,12723
3389,15313
3389,34762
3389,5898
3389,5406
3391,34763
3391,3847
3391,34764
3391,4165
3391,6562
3391,34765
3391,4259
3391,34766
3391,4358
3391,34767
3391,4393
3391,34768
3391,5547
3391,3813
3391,4439
3391,4446
3391,34769
3391,16125
3391,4454
3391,4458
3391,34770
3391,34771
3391,34772
3391,8412
3391,4520
3391,28468
3391,5485
3391,10593
3391,34773
3391,34774
3391,5987
3391,34775
3391,10595
3391,34776
3391,34777
3391,9260
3391,19465
3391,4599
3391,34778
3391,5553
3391,5609
3391,9819
3391,34779
3391,34780
3391,8775
3391,34781
3391,23807
3392,34782
3392,17580
3392,5231
3392,34783
3392,34784
3392,29610
3392,34785
3392,34786
3392,34787
3392,10115
3392,34788
3392,24799
3392,34789
3392,34790
3392,26213
3392,26137
3392,5240
3392,11099
3392,27054
3392,7994
3392,5244
3392,30300
3392,8187
3392,6878
3392,31583
3392,5973
3392,11350
3392,13591
3392,25702
3392,34791
3392,34792
3393,5051
3393,21679
3393,3888
3393,25843
3393,23919
3393,13798
3393,34793
3393,33682
3393,15037
3393,5053
3393,5054
3393,4349
3393,15044
3393,4415
3393,4439
3393,21685
3393,34727
3393,20060
3393,4495
3393,8188
3393,12582
3393,33031
3393,12750
3393,5056
3393,5057
3393,4681
3393,4599
3393,4543
3393,5539
3393,5404
3393,17494
3393,34651
3393,5063
3393,5064
3394,34794
3394,34795
3394,34796
3394,34797
3394,34798
3394,34799
3394,34800
3394,27500
3394,27501
3394,34801
3394,34802
3394,34803
3394,34804
3394,34805
3394,34806
3394,34807
3394,34808
3394,4421
3394,34809
3394,6321
3394,34810
3394,34811
3394,9456
3394,4599
3394,34812
3394,4871
3394,34813
3395,34814
3395,34815
3395,21258
3395,10520
3395,34816
3395,34817
3395,34818
3395,12438
3395,34819
3395,34820
3395,34821
3395,34822
3395,6448
3395,17853
3395,34823
3395,34824
3395,34825
3395,4761
3395,4539
3395,34826
3395,11352
3395,4599
3395,34827
3395,34828
3395,34829
3395,34830
3395,34831
3395,34832
3395,34833
3395,4768
3395,4729
3395,34834
3395,19646
3396,32594
3396,9588
3396,34835
3396,34836
3396,34837
3396,34838
3396,14346
3396,34839
3396,34840
3396,32606
3396,34841
3396,34842
3396,9933
3396,34843
3396,32608
3396,34844
3396,14349
3396,4696
3396,32614
3396,4359
3396,20524
3396,4368
3396,32617
3396,34845
3396,34846
3396,7882
3396,17654
3396,18859
3396,16178
3396,7768
3396,32634
3396,10085
3396,4599
3396,34847
3396,4729
3396,34848
3398,18394
3398,16419
3398,34849
3398,4192
3398,34850
3398,34851
3398,34852
3398,17853
3398,34853
3398,34854
3398,34855
3398,34856
3398,18640
3398,34857
3398,34858
3398,4761
3398,29815
3398,5538
3398,7900
3398,34859
3398,10605
3398,4768
3401,3063
3401,34860
3401,34861
3401,34862
3401,34863
3401,3698
3401,34864
3401,3876
3401,34865
3401,34866
3401,34867
3401,34868
3401,34869
3401,34870
3401,34871
3401,4117
3401,4186
3401,4189
3401,13531
3401,4234
3401,4758
3401,4696
3401,4984
3401,27564
3401,17275
3401,4393
3401,5547
3401,5261
3401,34872
3401,34873
3401,34874
3401,4439
3401,4446
3401,34875
3401,10248
3401,34876
3401,34877
3401,34878
3401,5243
3401,6794
3401,4868
3401,5485
3401,34879
3401,4642
3401,11280
3401,6077
3401,5248
3401,34880
3401,9260
3401,4681
3401,4599
3401,4543
3401,15644
3401,4844
3401,4910
3401,34881
3401,34882
3401,34883
3401,34884
3401,34885
3401,12978
3401,34886
3402,34887
3402,34888
3402,34889
3402,34890
3402,34891
3402,34892
3402,34893
3402,34894
3402,34895
3402,34896
3402,7053
3402,34897
3402,34898
3402,6448
3402,34899
3402,24548
3402,34900
3402,34901
3402,15338
3402,34902
3402,4677
3402,34903
3402,4678
3402,4761
3402,34904
3402,34905
3402,34906
3402,34907
3402,34908
3402,4768
3402,26793
3403,8289
3403,15918
3403,3846
3403,28838
3403,4753
3403,17927
3403,11308
3403,16844
3403,28842
3403,34487
3403,5589
3403,14461
3403,28848
3403,28849
3403,4758
3403,28852
3403,5592
3403,28853
3403,4984
3403,28854
3403,28858
3403,4777
3403,5547
3403,4779
3403,7054
3403,28862
3403,27098
3403,17933
3403,34909
3403,26112
3403,21539
3403,11919
3403,4786
3403,4787
3403,6383
3403,4599
3403,4543
3403,30968
3403,5609
3403,34910
3403,32248
3403,34911
3403,34912
3403,28869
3403,34913
3403,34914
3404,34915
3404,34916
3404,4860
3404,34917
3404,34918
3404,34919
3404,34920
3404,34921
3404,34922
3404,34923
3404,14440
3404,34786
3404,34924
3404,4863
3404,32820
3404,34925
3404,24647
3404,31996
3404,4189
3404,34926
3404,34927
3404,34928
3404,34929
3404,11618
3404,34930
3404,34931
3404,34932
3404,34933
3404,26779
3404,34934
3404,34935
3404,34936
3404,7359
3404,25438
3404,34937
3404,34938
3404,34939
3404,34940
3404,34941
3404,4677
3404,34942
3404,34943
3404,20791
3404,34944
3404,34945
3404,4599
3404,5827
3404,4543
3404,34946
3404,4700
3404,19233
3404,34947
3404,34948
3404,11071
3404,34949
3404,34950
3404,34951
3404,34952
3404,5912
3404,34953
3404,34954
3404,34955
3404,34956
3404,34957
3404,5357
3404,34958
3405,34959
3405,3825
3405,4234
3405,4696
3405,4349
3405,4358
3405,4393
3405,6565
3405,4439
3405,4676
3405,21685
3405,4458
3405,7096
3405,26814
3405,8188
3405,12582
3405,4593
3405,6970
3405,12419
3405,5987
3405,12751
3405,22414
3405,6971
3405,4698
3405,5057
3405,4643
3405,9687
3405,4681
3405,13590
3405,8189
3405,4599
3405,5827
3405,4543
3405,5553
3405,4701
3408,34960
3408,34961
3408,3811
3408,3834
3408,19999
3408,34962
3408,34963
3408,34413
3408,34964
3408,4076
3408,22455
3408,19808
3408,34965
3408,34966
3408,29845
3408,34967
3408,34968
3408,4251
3408,34969
3408,16828
3408,34970
3408,4359
3408,4358
3408,7465
3408,4368
3408,6448
3408,30893
3408,20003
3408,5298
3408,9246
3408,7882
3408,7094
3408,22459
3408,7095
3408,12119
3408,20005
3408,5055
3408,4508
3408,34971
3408,7997
3408,31166
3408,5981
3408,5246
3408,6226
3408,4678
3408,7099
3408,6980
3408,34972
3408,34973
3408,12121
3408,9602
3408,4599
3408,24081
3408,7476
3408,5249
3408,34974
3408,4768
3408,34975
3409,6860
3409,25522
3409,3823
3409,34976
3409,5392
3409,13017
3409,20275
3409,34977
3409,34978
3409,34979
3409,34980
3409,34981
3409,20105
3409,4122
3409,13908
3409,5394
3409,34982
3409,4185
3409,34983
3409,34984
3409,4306
3409,5054
3409,34985
3409,7401
3409,34986
3409,34987
3409,5398
3409,16576
3409,7402
3409,34988
3409,32472
3409,13910
3409,11418
3409,4420
3409,9343
3409,5399
3409,34989
3409,34990
3409,5403
3409,4681
3409,34991
3409,5553
3409,34992
3409,30198
3409,5064
3410,26451
3410,3868
3410,34993
3410,34994
3410,28982
3410,34995
3410,34996
3410,28986
3410,34997
3410,28987
3410,29989
3410,7167
3410,11132
3410,22459
3410,28989
3410,16924
3410,11260
3410,34858
3410,4761
3410,34998
3410,34999
3410,5827
3410,28995
3410,8509
3410,35000
3411,3722
3411,3859
3411,4234
3411,4267
3411,4696
3411,4349
3411,4358
3411,4393
3411,6071
3411,4410
3411,3813
3411,4439
3411,4676
3411,4446
3411,4458
3411,16966
3411,7096
3411,5970
3411,4508
3411,5602
3411,4593
3411,4868
3411,7668
3411,4783
3411,5485
3411,4679
3411,4595
3411,11919
3411,12066
3411,4698
3411,4643
3411,4681
3411,4787
3411,28360
3411,4599
3411,4543
3411,5553
3411,5539
3411,5609
3411,7430
3411,5064
3414,35001
3414,35002
3414,6957
3414,13229
3414,24751
3414,13232
3414,3825
3414,35003
3414,21411
3414,32501
3414,7731
3414,7732
3414,35004
3414,27694
3414,5482
3414,5483
3414,23941
3414,22990
3414,30122
3414,22885
3414,31263
3414,10791
3414,35005
3414,4755
3414,19431
3414,5586
3414,4090
3414,8899
3414,26299
3414,6562
3414,26127
3414,4582
3414,35006
3414,11861
3414,4255
3414,29086
3414,21858
3414,6443
3414,7052
3414,4289
3414,26672
3414,17991
3414,4359
3414,35007
3414,12438
3414,18301
3414,19542
3414,22720
3414,8947
3414,7506
3414,6246
3414,35008
3414,14283
3414,13342
3414,35009
3414,4520
3414,6248
3414,14558
3414,6249
3414,4761
3414,35010
3414,35011
3414,28519
3414,5267
3414,5973
3414,35012
3414,4681
3414,5269
3414,5304
3414,4599
3414,5305
3414,5486
3414,35013
3414,35014
3414,5488
3414,29109
3414,35015
3414,34164
3414,4768
3414,19447
3414,5358
3417,35016
3417,35017
3417,6096
3417,21712
3417,35018
3417,10589
3417,4145
3417,35019
3417,35020
3417,35021
3417,30523
3417,11103
3417,35022
3417,35023
3417,6794
3417,35024
3417,35025
3417,5821
3417,7668
3417,9916
3417,35026
3417,9257
3417,9258
3417,35027
3417,35028
3417,32567
3417,5464
3417,4599
3417,6080
3418,29615
3418,32569
3418,18925
3418,5123
3418,3609
3418,10437
3418,35029
3418,16367
3418,6957
3418,7048
3418,35030
3418,35031
3418,21409
3418,7301
3418,3791
3418,18926
3418,25276
3418,8815
3418,32155
3418,35032
3418,5771
3418,17253
3418,7497
3418,5483
3418,4755
3418,32158
3418,35033
3418,35034
3418,4202
3418,7231
3418,35035
3418,35036
3418,35037
3418,7500
3418,35038
3418,10741
3418,35039
3418,35040
3418,6448
3418,4406
3418,5261
3418,11132
3418,35041
3418,35042
3418,6295
3418,35043
3418,5246
3418,35044
3418,10864
3418,4761
3418,5987
3418,7513
3418,35045
3418,20655
3418,5973
3418,35046
3418,4681
3418,35047
3418,7514
3418,4599
3418,35048
3418,35049
3418,35050
3418,35051
3418,35052
3418,26506
3418,35053
3418,16383
3418,35054
3418,29262
3418,35055
3418,27689
3418,4768
3418,35056
3418,19329
3418,35057
3418,27690
3418,35058
3418,27860
3418,26513
3418,26514
3420,9404
3420,10516
3420,12714
3420,7046
3420,35059
3420,35060
3420,19247
3420,28209
3420,18116
3420,28210
3420,35061
3420,5747
3420,7051
3420,35062
3420,9591
3420,35063
3420,4755
3420,35064
3420,19986
3420,35065
3420,4720
3420,19988
3420,11861
3420,35066
3420,5372
3420,4349
3420,4985
3420,6376
3420,4368
3420,19989
3420,16469
3420,11070
3420,19991
3420,10264
3420,8448
3420,22657
3420,7619
3420,7054
3420,5981
3420,4677
3420,16475
3420,4761
3420,5126
3420,35067
3420,28219
3420,6381
3420,4681
3420,4599
3420,35068
3420,5609
3420,34411
3420,34913
3420,35069
3420,33440
3420,28223
3420,4729
3420,4768
3420,12297
3421,6059
3421,9238
3421,35070
3421,35071
3421,3843
3421,35072
3421,35073
3421,35074
3421,3877
3421,35075
3421,3921
3421,24553
3421,4096
3421,30808
3421,10589
3421,6562
3421,9244
3421,4268
3421,4280
3421,4289
3421,10591
3421,35076
3421,4349
3421,4359
3421,35077
3421,4393
3421,4416
3421,4421
3421,30411
3421,4437
3421,4439
3421,35078
3421,4454
3421,4456
3421,12639
3421,5883
3421,13584
3421,22997
3421,35079
3421,4903
3421,35080
3421,15116
3421,35081
3421,35082
3421,4679
3421,9257
3421,4698
3421,9259
3421,17425
3421,6498
3421,13590
3421,4599
3421,5249
3421,12615
3421,4684
3421,10860
3421,12423
3422,21709
3422,35083
3422,6059
3422,35084
3422,19820
3422,35085
3422,35086
3422,10901
3422,35087
3422,21710
3422,35088
3422,25559
3422,21711
3422,35089
3422,35090
3422,35091
3422,10903
3422,30512
3422,35092
3422,35093
3422,35094
3422,21712
3422,35095
3422,3886
3422,30517
3422,35096
3422,35097
3422,35098
3422,35099
3422,35100
3422,35101
3422,35102
3422,35103
3422,3778
3422,35104
3422,35105
3422,35106
3422,15903
3422,35107
3422,35108
3422,35109
3422,35110
3422,35111
3422,35112
3422,35113
3422,32562
3422,35114
3422,10905
3422,35115
3422,35116
3422,30519
3422,35117
3422,21721
3422,35021
3422,30523
3422,11103
3422,9912
3422,35118
3422,30526
3422,35119
3422,35120
3422,35121
3422,35122
3422,35123
3422,30527
3422,35124
3422,13499
3422,35125
3422,35126
3422,35127
3422,35128
3422,9257
3422,21726
3422,9917
3422,7428
3422,35129
3422,35130
3422,35131
3422,35132
3422,9919
3422,4599
3422,19181
3422,30531
3422,35133
3422,35134
3422,35135
3422,35136
3422,35137
3422,35138
3422,35139
3422,35140
3422,35141
3422,35142
3422,5249
3422,35143
3422,30535
3422,35144
3422,35145
3422,35146
3422,35147
3422,35148
3423,35149
3423,27990
3423,35150
3423,35151
3423,35152
3423,11769
3423,35153
3423,21681
3423,35154
3423,35155
3423,27995
3423,27206
3423,35156
3423,4185
3423,4191
3423,15412
3423,35157
3423,35158
3423,35159
3423,10117
3423,11414
3423,35160
3423,35161
3423,4327
3423,5398
3423,32579
3423,7402
3423,35162
3423,15044
3423,4415
3423,11418
3423,6874
3423,15452
3423,5399
3423,35163
3423,13733
3423,21687
3423,20060
3423,6072
3423,4508
3423,34270
3423,10122
3423,13911
3423,7787
3423,12593
3423,15060
3423,12750
3423,7427
3423,15063
3423,12751
3423,6971
3423,5056
3423,5057
3423,35164
3423,35165
3423,5403
3423,4681
3423,4787
3423,4599
3423,6728
3423,5539
3423,34720
3423,5486
3423,32758
3423,4909
3423,35166
3423,16578
3423,5249
3423,7431
3423,23019
3423,5064
3423,35167
3423,5406
3424,3365
3424,3571
3424,3598
3424,3611
3424,27200
3424,3704
3424,32384
3424,35168
3424,3893
3424,27203
3424,3923
3424,35169
3424,17927
3424,35170
3424,35171
3424,5587
3424,12638
3424,34487
3424,34488
3424,34489
3424,4176
3424,5589
3424,4582
3424,29151
3424,5592
3424,4696
3424,34495
3424,34497
3424,33623
3424,4777
3424,4410
3424,6318
3424,4779
3424,26556
3424,34504
3424,27282
3424,18132
3424,16131
3424,4868
3424,8412
3424,17934
3424,35172
3424,4678
3424,4595
3424,23118
3424,21539
3424,4681
3424,4786
3424,4787
3424,4599
3424,5609
3424,4701
3424,12615
3425,25832
3425,34644
3425,12851
3425,34722
3425,26813
3425,5051
3425,25835
3425,5052
3425,12050
3425,12051
3425,3860
3425,23914
3425,23494
3425,35173
3425,21679
3425,22537
3425,26323
3425,10114
3425,13793
3425,15490
3425,3919
3425,29266
3425,13241
3425,35174
3425,19660
3425,6721
3425,35175
3425,30122
3425,7610
3425,15491
3425,4755
3425,25843
3425,5586
3425,12742
3425,35176
3425,23918
3425,21681
3425,25847
3425,35177
3425,35178
3425,4170
3425,4582
3425,21244
3425,15037
3425,4231
3425,35179
3425,5053
3425,26352
3425,4252
3425,31055
3425,35180
3425,13799
3425,25850
3425,35181
3425,4289
3425,15492
3425,35182
3425,4327
3425,6966
3425,25852
3425,21248
3425,25853
3425,19668
3425,35183
3425,35184
3425,23944
3425,15044
3425,4415
3425,35185
3425,27026
3425,13803
3425,6724
3425,35186
3425,29272
3425,35187
3425,23376
3425,4904
3425,5532
3425,28386
3425,26034
3425,35188
3425,6496
3425,34689
3425,12751
3425,35189
3425,6971
3425,5056
3425,15496
3425,5057
3425,5355
3425,35190
3425,35191
3425,6498
3425,6598
3425,35192
3425,4681
3425,35193
3425,29276
3425,15497
3425,12224
3425,35194
3425,4543
3425,35195
3425,6728
3425,35196
3425,4910
3425,4805
3425,35197
3425,35198
3425,23019
3425,26514
3428,35199
3428,21527
3428,9164
3428,3950
3428,3997
3428,16844
3428,4755
3428,24647
3428,35200
3428,7923
3428,7924
3428,4757
3428,4216
3428,17628
3428,4758
3428,9381
3428,4696
3428,4984
3428,10741
3428,4349
3428,4393
3428,4411
3428,5547
3428,4428
3428,4437
3428,4439
3428,28381
3428,4676
3428,4446
3428,4900
3428,4466
3428,7096
3428,35201
3428,4495
3428,21536
3428,8188
3428,21365
3428,4593
3428,4868
3428,35202
3428,5485
3428,14516
3428,6566
3428,4595
3428,35203
3428,11919
3428,12066
3428,4698
3428,6497
3428,5355
3428,6498
3428,35204
3428,4681
3428,35205
3428,4786
3428,4787
3428,4599
3428,9132
3428,4543
3428,20657
3428,35206
3428,20668
3428,5609
3428,12722
3428,4910
3428,35207
3428,5249
3428,4805
3428,6569
3428,20937
3428,18502
3428,5064
3428,4603
3430,35208
3430,28055
3430,35209
3430,35210
3430,35211
3430,35212
3430,35213
3430,35214
3430,35215
3430,35216
3430,35217
3430,35218
3430,35219
3430,35220
3430,35221
3430,35222
3430,35223
3430,35224
3430,24396
3430,4761
3430,4599
3437,20350
3437,35225
3437,35226
3437,35227
3437,13017
3437,35228
3437,35229
3437,35230
3437,35231
3437,14825
3437,35232
3437,35233
3437,35234
3437,35235
3437,35236
3437,35237
3437,14833
3437,35238
3437,35239
3437,4681
3437,7361
3437,5464
3437,4599
3437,35240
3437,14550
3437,35241
3437,35242
3437,35243
3437,35244
3437,35245
3437,35246
3437,35247
3438,11769
3438,22537
3438,23915
3438,35248
3438,16844
3438,17408
3438,35249
3438,35250
3438,28352
3438,5874
3438,4758
3438,4984
3438,19968
3438,24548
3438,25196
3438,5696
3438,35251
3438,35252
3438,13733
3438,35253
3438,10266
3438,33028
3438,6970
3438,34903
3438,11781
3438,35254
3438,12751
3438,26536
3438,6971
3438,35255
3438,19672
3438,25261
3438,35256
3438,4768
3438,29324
3440,35257
3440,35258
3440,35259
3440,20519
3440,12435
3440,21695
3440,35260
3440,35261
3440,21697
3440,9406
3440,35262
3440,29350
3440,35263
3440,20523
3440,35264
3440,35265
3440,20525
3440,6696
3440,18528
3440,35266
3440,20528
3440,35267
3440,20530
3440,15834
3440,6835
3440,35268
3440,13588
3440,35269
3440,9410
3440,5202
3440,11471
3440,5564
3440,6839
3440,8861
3440,5565
3440,5058
3440,5486
3440,14548
3440,35270
3440,35271
3440,21700
3440,7436
3441,19978
3441,33899
3441,33901
3441,4976
3441,3763
3441,31466
3441,32107
3441,32777
3441,17722
3441,32110
3441,32112
3441,35272
3441,32113
3441,4248
3441,32116
3441,32117
3441,24933
3441,21381
3441,35273
3441,35274
3441,18987
3441,35275
3441,11316
3441,35276
3441,33911
3441,25873
3441,19524
3441,35277
3441,35278
3441,35279
3441,12582
3441,35280
3441,8412
3441,32124
3441,32125
3441,35281
3441,32126
3441,16475
3441,4761
3441,4762
3441,4595
3441,10253
3441,35282
3441,28219
3441,35283
3441,4698
3441,23377
3441,6381
3441,35284
3441,4906
3441,4787
3441,4599
3441,13431
3441,35068
3441,16928
3441,27450
3441,19529
3441,4701
3441,9604
3441,5381
3441,8509
3441,32133
3441,28225
3443,17161
3443,35285
3443,35286
3443,35287
3443,35288
3443,12394
3443,5986
3443,35289
3443,5172
3443,28099
3443,35290
3443,27015
3443,16844
3443,12397
3443,27017
3443,31532
3443,4757
3443,35291
3443,8292
3443,35292
3443,4758
3443,24414
3443,4984
3443,35293
3443,35294
3443,35295
3443,12400
3443,35296
3443,35297
3443,6794
3443,8524
3443,12401
3443,4761
3443,33425
3443,35298
3443,12976
3443,35299
3443,4681
3443,35300
3443,4910
3443,35301
3443,35302
3443,35303
3443,35304
3443,17183
3444,32358
3444,28977
3444,35305
3444,35306
3444,7228
3444,5172
3444,5771
3444,10625
3444,4948
3444,7230
3444,7231
3444,33868
3444,4758
3444,16422
3444,5261
3444,35307
3444,21140
3444,29493
3444,4761
3444,7513
3444,20655
3444,13132
3444,4599
3444,4907
3444,10619
3444,35308
3446,35309
3446,35310
3446,24947
3446,4883
3446,26853
3446,29027
3446,2674
3446,35311
3446,3305
3446,3306
3446,6490
3446,3325
3446,3332
3446,3337
3446,35312
3446,3362
3446,13202
3446,3399
3446,20348
3446,9548
3446,18924
3446,19455
3446,29046
3446,35313
3446,6492
3446,13214
3446,3578
3446,35314
3446,13216
3446,14811
3446,3483
3446,5544
3446,35315
3446,3668
3446,35316
3446,7048
3446,35317
3446,35318
3446,6495
3446,35319
3446,13223
3446,15489
3446,15597
3446,35320
3446,34479
3446,12050
3446,35321
3446,3736
3446,35322
3446,12051
3446,5986
3446,13236
3446,35323
3446,35324
3446,3859
3446,24401
3446,5481
3446,3898
3446,7920
3446,24402
3446,13241
3446,13242
3446,7732
3446,6721
3446,5483
3446,23941
3446,4010
3446,35325
3446,4755
3446,35326
3446,35327
3446,35328
3446,4189
3446,14489
3446,4582
3446,4234
3446,35329
3446,35180
3446,35330
3446,5086
3446,30791
3446,12243
3446,35331
3446,12056
3446,4368
3446,27858
3446,5695
3446,35332
3446,35333
3446,5261
3446,4428
3446,26797
3446,35334
3446,21620
3446,4452
3446,4454
3446,12060
3446,4458
3446,27026
3446,12061
3446,24017
3446,6724
3446,12062
3446,15923
3446,5970
3446,35335
3446,35336
3446,23376
3446,4904
3446,4868
3446,10744
3446,26034
3446,4677
3446,35337
3446,7668
3446,4761
3446,26798
3446,35338
3446,12066
3446,15496
3446,23377
3446,5355
3446,6498
3446,30337
3446,15497
3446,4599
3446,5827
3446,6728
3446,6500
3446,15208
3446,5610
3446,4910
3446,15630
3446,35339
3446,4805
3446,12226
3446,25206
3446,23379
3446,4603
3448,35340
3448,35341
3448,24710
3448,35342
3448,3690
3448,16460
3448,16463
3448,35065
3448,35343
3448,35344
3448,35345
3448,35346
3448,35347
3448,6376
3448,19989
3448,35348
3448,11070
3448,19991
3448,8448
3448,4428
3448,16472
3448,29202
3448,24542
3448,4484
3448,35349
3448,7054
3448,35350
3448,14222
3448,16474
3448,16475
3448,5485
3448,18587
3448,4595
3448,12292
3448,4698
3448,6077
3448,35351
3448,34061
3448,35352
3448,35353
3448,4681
3448,12293
3448,35354
3448,35355
3448,10751
3448,4599
3448,4543
3448,4701
3448,35356
3448,35357
3448,4768
3448,35358
3449,35359
3449,35360
3449,35361
3449,35362
3449,35363
3449,35364
3449,35365
3449,4757
3449,35366
3449,35367
3449,7925
3449,4286
3449,9408
3449,35368
3449,4388
3449,14019
3449,35369
3449,16966
3449,7096
3449,35370
3449,6042
3449,35371
3449,35372
3449,35373
3449,4495
3449,35374
3449,35375
3449,35376
3449,4761
3449,4679
3449,35377
3449,35378
3449,6103
3449,27843
3449,6971
3449,16666
3449,4698
3449,35379
3449,35380
3449,8305
3449,4599
3449,35381
3449,5486
3449,35382
3449,4601
3449,35383
3449,35384
3449,35385
3449,21008
3449,35386
3449,35387
3449,35388
3449,35389
3449,35390
3449,35391
3449,35392
3449,35393
3449,35394
3449,29324
3449,35395
3449,35396
3450,35397
3450,3565
3450,3685
3450,10114
3450,3945
3450,5483
3450,4755
3450,4081
3450,4189
3450,31611
3450,4276
3450,4314
3450,4349
3450,4393
3450,7167
3450,14019
3450,35398
3450,4437
3450,4446
3450,4458
3450,4499
3450,8188
3450,7668
3450,5485
3450,12419
3450,4761
3450,4679
3450,5987
3450,16395
3450,5606
3450,4698
3450,5353
3450,5973
3450,4930
3450,4643
3450,4681
3450,5304
3450,4599
3450,4543
3450,5553
3450,8492
3450,10866
3450,15711
3450,35399
3450,5486
3450,4910
3450,29225
3450,5064
3454,10191
3454,4696
3454,33815
3454,35400
3454,10194
3454,35401
3454,35402
3454,13342
3454,4868
3454,18220
3454,35403
3454,14558
3454,6249
3454,19444
3454,12419
3454,35404
3454,5987
3454,28720
3454,20143
3454,35405
3454,35406
3454,5353
3454,21932
3454,10195
3454,35407
3454,5267
3454,7259
3454,35408
3454,35409
3454,22565
3454,13343
3454,10398
3454,5356
3454,35410
3454,5269
3454,35411
3454,5304
3454,35412
3454,4599
3454,5827
3454,4701
3454,35413
3454,35414
3454,23041
3454,35415
3454,35416
3454,15526
3454,35417
3454,35418
3454,35419
3454,20511
3454,17375
3454,5249
3454,17180
3454,35420
3454,35421
3454,15785
3454,35422
3454,23042
3454,35423
3454,5357
3454,35424
3455,35425
3455,35426
3455,10516
3455,35427
3455,35428
3455,19247
3455,35429
3455,28209
3455,35430
3455,28210
3455,19512
3455,5172
3455,4753
3455,19517
3455,35431
3455,5483
3455,4755
3455,35432
3455,35433
3455,19988
3455,35434
3455,35435
3455,24933
3455,10741
3455,35436
3455,35437
3455,28214
3455,19522
3455,35438
3455,35439
3455,35440
3455,11316
3455,19524
3455,35278
3455,13911
3455,35441
3455,16475
3455,4761
3455,6103
3455,35282
3455,28219
3455,35442
3455,35443
3455,19526
3455,27311
3455,6381
3455,11352
3455,4787
3455,4599
3455,13431
3455,5827
3455,35068
3455,16928
3455,27450
3455,19529
3455,5609
3455,9604
3455,5381
3455,8509
3455,4682
3455,35444
3455,28221
3455,4768
3456,3729
3456,6964
3456,21681
3456,4189
3456,4231
3456,5053
3456,31055
3456,20048
3456,35445
3456,25853
3456,5530
3456,15044
3456,15493
3456,31315
3456,13801
3456,10120
3456,35446
3456,13733
3456,12591
3456,35447
3456,21688
3456,13807
3456,20063
3456,15060
3456,11781
3456,12750
3456,12751
3456,6971
3456,5056
3456,12011
3456,5057
3456,12594
3456,4681
3456,4599
3456,20069
3456,12596
3456,5063
3456,35448
3456,5064
3456,4603
3456,5406
3458,35449
3458,3950
3458,4030
3458,6614
3458,4177
3458,5031
3458,6562
3458,4286
3458,10407
3458,4326
3458,35450
3458,6615
3458,4397
3458,3813
3458,8684
3458,35451
3458,35452
3458,6617
3458,4486
3458,35453
3458,35454
3458,6618
3458,13911
3458,11470
3458,11731
3458,21795
3458,35455
3458,27384
3458,21218
3458,35456
3458,4599
3458,10332
3458,35457
3458,35458
3458,35459
3458,17586
3458,30707
3461,28893
3461,5389
3461,23594
3461,35460
3461,3946
3461,35461
3461,11409
3461,23602
3461,4185
3461,4241
3461,11861
3461,17483
3461,11413
3461,29847
3461,15508
3461,7401
3461,35462
3461,4356
3461,35463
3461,16802
3461,6448
3461,15452
3461,6876
3461,33600
3461,34989
3461,9345
3461,11420
3461,35464
3461,17840
3461,7468
3461,5981
3461,28564
3461,35465
3461,23615
3461,17220
3461,7099
3461,9601
3461,21935
3461,5403
3461,35466
3461,35467
3461,4599
3461,7475
3461,35468
3461,35469
3461,4768
3461,7436
3461,7113
3462,4750
3462,3758
3462,3757
3462,19857
3462,18951
3462,3791
3462,5172
3462,20664
3462,3880
3462,5481
3462,5483
3462,31264
3462,4198
3462,17628
3462,4349
3462,4358
3462,6070
3462,4411
3462,35470
3462,17584
3462,7167
3462,4437
3462,4439
3462,4458
3462,35471
3462,4593
3462,4677
3462,5246
3462,35472
3462,5485
3462,4761
3462,4698
3462,6659
3462,6598
3462,4681
3462,7100
3462,4599
3462,4543
3462,4910
3462,5249
3462,5064
3463,5978
3463,20784
3463,5344
3463,35473
3463,20785
3463,3521
3463,3588
3463,18357
3463,18358
3463,35474
3463,35475
3463,5371
3463,17784
3463,35476
3463,35477
3463,32795
3463,18361
3463,35478
3463,18363
3463,19489
3463,35479
3463,5627
3463,19538
3463,3970
3463,17651
3463,35480
3463,29745
3463,4720
3463,17939
3463,6712
3463,23341
3463,35481
3463,35482
3463,6443
3463,23953
3463,17767
3463,35483
3463,35484
3463,6445
3463,29920
3463,9497
3463,4359
3463,12438
3463,4368
3463,20328
3463,19612
3463,25403
3463,23343
3463,28911
3463,6448
3463,31938
3463,30916
3463,7882
3463,16441
3463,35485
3463,35486
3463,7895
3463,8505
3463,4521
3463,35487
3463,22030
3463,35488
3463,35489
3463,6980
3463,4599
3463,5827
3463,7208
3463,35490
3463,7475
3463,35491
3463,7476
3463,4703
3463,35492
3463,34415
3463,35493
3463,35494
3463,32312
3463,35495
3463,4729
3463,35496
3463,16208
3463,10092
3463,17946
3463,26808
3463,29923
3463,35497
3463,29924
3465,4750
3465,35498
3465,35499
3465,5172
3465,3856
3465,4755
3465,7923
3465,4757
3465,35500
3465,35501
3465,35502
3465,32924
3465,35503
3465,35504
3465,4758
3465,35505
3465,10741
3465,18373
3465,23755
3465,35506
3465,14515
3465,35507
3465,35508
3465,35509
3465,5242
3465,35510
3465,35511
3465,31061
3465,35512
3465,35513
3465,4677
3465,15642
3465,35514
3465,28483
3465,6077
3465,4599
3465,18622
3465,35515
3466,34621
3466,35516
3466,3767
3466,34201
3466,34625
3466,17831
3466,35517
3466,30884
3466,16725
3466,17834
3466,25794
3466,30887
3466,6533
3466,4758
3466,17765
3466,4984
3466,34632
3466,27654
3466,7203
3466,35518
3466,35519
3466,34634
3466,35520
3466,10180
3466,28072
3466,17841
3466,4599
3466,27115
3466,34638
3466,34639
3466,34641
3466,10271
3466,34642
3466,34643
3466,4768
3466,15277
3468,35521
3468,14185
3468,5172
3468,26927
3468,31256
3468,35522
3468,35523
3468,35524
3468,35525
3468,35526
3468,24522
3468,35527
3468,35528
3468,16844
3468,35529
3468,16845
3468,35530
3468,4756
3468,4757
3468,4720
3468,10262
3468,7925
3468,4758
3468,12719
3468,11912
3468,4984
3468,10264
3468,21739
3468,6794
3468,10266
3468,4678
3468,4595
3468,6498
3468,35531
3468,4681
3468,4785
3468,4787
3468,35532
3468,4599
3468,6728
3468,35533
3468,5539
3468,35534
3468,35535
3468,5609
3468,12631
3468,28888
3468,30969
3468,5610
3468,4910
3468,4768
3468,4729
3469,35536
3469,4975
3469,35537
3469,19779
3469,35538
3469,5172
3469,20664
3469,9164
3469,29862
3469,4754
3469,4755
3469,4981
3469,4757
3469,4186
3469,35539
3469,35540
3469,10244
3469,7925
3469,35541
3469,10245
3469,4758
3469,4984
3469,35542
3469,24292
3469,17584
3469,4437
3469,4987
3469,18988
3469,24295
3469,10252
3469,21383
3469,4759
3469,4760
3469,31538
3469,5821
3469,5485
3469,4989
3469,4761
3469,4762
3469,4597
3469,32785
3469,35543
3469,18989
3469,4764
3469,4599
3469,4766
3469,4701
3469,5249
3469,5898
3469,4603
3470,3947
3470,3997
3470,22411
3470,4349
3470,4358
3470,4377
3470,4393
3470,35544
3470,4410
3470,4439
3470,4446
3470,4676
3470,4452
3470,4454
3470,4495
3470,8188
3470,4904
3470,4868
3470,4677
3470,5485
3470,12419
3470,4698
3470,24950
3470,4643
3470,4681
3470,4599
3470,5538
3470,4543
3470,5553
3470,11053
3470,15208
3470,4910
3470,5249
3470,12226
3470,35545
3471,35546
3471,3773
3471,35547
3471,5585
3471,6654
3471,35548
3471,3918
3471,35549
3471,35550
3471,35551
3471,4099
3471,35552
3471,35553
3471,35554
3471,4186
3471,35555
3471,32045
3471,35556
3471,4358
3471,4387
3471,5595
3471,29751
3471,4458
3471,8882
3471,35557
3471,4508
3471,26973
3471,6878
3471,24550
3471,14516
3471,7698
3471,5493
3471,5973
3471,35558
3471,4643
3471,4681
3471,35559
3471,4599
3471,24690
3471,12721
3471,5988
3471,35560
3471,35561
3471,35562
3471,4844
3471,35563
3471,6569
3471,35564
3471,5613
3471,32475
3471,35565
3471,5064
3473,35566
3473,35567
3473,35568
3473,35569
3473,20528
3473,35570
3473,35571
3473,35572
3473,35573
3473,5351
3473,26158
3473,7831
3473,35574
3473,35575
3473,35576
3473,6074
3473,5972
3473,35577
3473,35578
3473,35579
3473,35580
3473,35581
3473,6839
3473,5564
3473,5565
3473,35582
3473,35583
3473,35584
3473,4599
3473,5567
3473,35585
3473,35586
3473,35587
3473,35588
3473,4701
3473,35589
3473,15474
3473,35590
3473,35591
3473,4910
3473,35592
3473,13649
3473,35593
3473,35594
3473,35595
3473,5064
3473,10976
3473,8362
3477,35596
3477,35597
3477,35598
3477,35599
3477,29162
3477,35600
3477,35601
3477,35602
3477,35603
3477,4013
3477,35604
3477,35605
3477,4189
3477,4234
3477,4696
3477,9769
3477,35606
3477,35607
3477,35608
3477,35609
3477,35610
3477,4901
3477,35611
3477,4522
3477,35612
3477,35613
3477,35614
3477,35615
3477,35616
3477,35617
3477,24560
3477,5464
3477,4599
3477,35618
3477,5553
3477,35619
3477,19233
3477,30795
3477,35620
3477,35621
3477,30154
3478,3702
3478,35622
3478,19658
3478,35623
3478,35624
3478,35625
3478,35626
3478,35627
3478,35628
3478,35629
3478,27043
3478,9103
3478,35630
3478,35631
3478,30662
3478,27046
3478,35200
3478,35632
3478,35633
3478,35634
3478,27428
3478,5692
3478,35635
3478,5178
3478,4189
3478,35636
3478,5967
3478,25125
3478,35637
3478,11277
3478,9106
3478,19125
3478,31037
3478,35638
3478,35639
3478,35640
3478,35641
3478,12414
3478,4865
3478,19127
3478,35642
3478,35643
3478,4377
3478,27053
3478,27999
3478,35644
3478,26592
3478,26593
3478,5696
3478,35645
3478,5196
3478,35646
3478,35647
3478,35648
3478,35649
3478,5243
3478,10411
3478,35650
3478,8915
3478,5055
3478,27061
3478,35651
3478,35652
3478,21920
3478,4868
3478,26605
3478,12064
3478,35653
3478,35654
3478,35655
3478,5202
3478,32305
3478,5987
3478,5606
3478,8917
3478,35656
3478,4643
3478,9131
3478,4681
3478,4599
3478,5058
3478,26824
3478,5539
3478,13591
3478,5486
3478,4910
3478,25371
3478,4703
3478,5488
3478,35657
3478,35658
3478,7436
3478,5064
3482,10784
3482,3365
3482,10392
3482,3923
3482,29321
3482,4138
3482,5589
3482,27532
3482,4777
3482,4410
3482,5547
3482,4421
3482,4437
3482,4439
3482,5597
3482,4779
3482,34078
3482,7096
3482,17933
3482,8412
3482,26112
3482,4783
3482,5485
3482,21539
3482,11919
3482,4785
3482,4786
3482,4787
3482,4599
3482,4543
3482,5609
3482,4600
3482,35659
3482,12615
3482,5064
3483,35660
3483,19015
3483,13338
3483,35661
3483,22919
3483,14250
3483,3809
3483,34410
3483,5627
3483,5483
3483,5749
3483,6562
3483,7052
3483,4359
3483,6070
3483,12438
3483,34203
3483,22657
3483,17840
3483,5981
3483,5246
3483,4761
3483,5629
3483,6980
3483,7100
3483,6981
3483,4599
3483,4910
3483,35662
3483,35663
3483,35664
3483,35665
3483,35666
3483,4768
3483,5064
3483,35667
3486,21204
3486,21209
3486,21210
3486,8684
3486,35668
3486,8882
3486,21214
3486,26558
3486,21215
3486,6796
3486,21795
3486,6619
3486,4596
3486,21217
3486,21218
3486,15497
3486,5827
3486,22364
3486,5553
3486,35669
3486,6500
3486,17586
3488,35670
3488,35671
3488,35672
3488,17605
3488,33976
3488,14959
3488,35673
3488,35674
3488,30591
3488,35675
3488,13971
3488,20110
3488,20530
3488,5972
3488,35676
3488,5403
3488,13590
3488,14962
3488,4599
3488,5553
3488,5486
3488,19866
3488,26049
3488,5064
3488,8362
3493,35677
3493,12851
3493,35678
3493,35679
3493,35680
3493,35681
3493,15490
3493,35682
3493,15491
3493,14822
3493,35683
3493,4864
3493,25848
3493,28352
3493,15492
3493,35684
3493,35685
3493,35686
3493,14828
3493,14829
3493,23944
3493,35687
3493,35688
3493,35689
3493,35690
3493,14834
3493,27837
3493,10122
3493,4904
3493,14836
3493,19546
3493,15206
3493,35691
3493,34690
3493,12066
3493,14837
3493,5355
3493,6498
3493,15497
3493,6728
3493,35692
3493,35693
3495,35694
3495,18116
3495,3878
3495,32111
3495,4100
3495,35695
3495,4720
3495,19988
3495,4246
3495,4253
3495,33763
3495,15005
3495,35696
3495,4349
3495,4363
3495,28214
3495,18573
3495,35697
3495,35698
3495,17517
3495,35699
3495,35700
3495,35701
3495,35702
3495,35703
3495,35704
3495,35705
3495,8414
3495,4761
3495,22414
3495,4698
3495,22461
3495,34044
3495,35706
3495,4681
3495,35707
3495,4906
3495,35708
3495,35709
3495,4599
3495,5827
3495,4543
3495,35068
3495,35710
3495,35711
3495,35712
3495,8509
3495,34165
3497,25836
3497,33089
3497,21679
3497,22537
3497,13794
3497,25838
3497,21681
3497,13798
3497,33682
3497,17627
3497,31055
3497,35713
3497,13733
3497,20060
3497,12593
3497,15060
3497,11781
3497,12750
3497,5056
3497,16695
3497,5057
3497,4805
3499,26318
3499,3921
3499,35714
3499,26331
3499,35715
3499,35716
3499,9244
3499,10591
3499,35717
3499,26335
3499,27223
3499,35718
3499,5882
3499,4479
3499,15923
3499,35719
3499,35720
3499,7424
3499,6278
3499,8412
3499,9252
3499,17312
3499,27284
3499,5485
3499,35721
3499,10595
3499,6726
3499,24559
3499,9260
3499,4681
3499,5464
3499,4599
3499,5553
3499,27137
3499,5898
3500,6059
3500,18417
3500,3823
3500,16568
3500,5392
3500,5393
3500,7761
3500,6068
3500,11410
3500,4185
3500,11411
3500,35722
3500,7401
3500,5398
3500,4356
3500,13910
3500,35723
3500,35724
3500,5399
3500,6877
3500,35725
3500,35726
3500,6074
3500,4679
3500,6075
3500,5403
3500,4599
3500,35727
3500,13649
3500,35388
3500,35728
3500,35729
3500,5898
3500,13852
3500,29323
3500,29324
3508,6857
3508,35730
3508,35731
3508,35732
3508,34670
3508,35733
3508,32497
3508,34161
3508,3608
3508,3607
3508,28379
3508,35734
3508,35735
3508,3637
3508,9059
3508,24797
3508,35736
3508,34672
3508,3483
3508,34673
3508,35737
3508,3651
3508,28643
3508,35738
3508,34422
3508,3688
3508,34675
3508,3711
3508,32646
3508,35739
3508,35740
3508,12155
3508,35741
3508,31009
3508,5051
3508,35742
3508,3797
3508,23468
3508,35743
3508,6096
3508,31433
3508,3777
3508,8754
3508,3808
3508,3823
3508,3826
3508,11769
3508,3829
3508,29635
3508,35744
3508,34162
3508,16568
3508,3871
3508,26578
3508,35173
3508,32650
3508,9337
3508,35745
3508,35746
3508,3919
3508,25838
3508,35747
3508,28839
3508,6173
3508,31758
3508,32503
3508,35748
3508,34105
3508,26581
3508,8757
3508,3970
3508,20915
3508,34678
3508,3990
3508,24798
3508,4015
3508,35749
3508,4019
3508,4031
3508,4041
3508,3918
3508,17408
3508,35750
3508,24318
3508,35751
3508,4068
3508,28446
3508,35752
3508,4138
3508,35753
3508,4149
3508,33477
3508,9062
3508,35754
3508,35755
3508,4177
3508,4189
3508,26586
3508,23606
3508,4211
3508,35756
3508,4214
3508,34110
3508,4234
3508,35757
3508,32045
3508,9064
3508,16961
3508,35758
3508,16573
3508,34163
3508,17197
3508,9339
3508,9065
3508,4290
3508,9407
3508,4305
3508,4306
3508,5054
3508,29153
3508,4696
3508,4314
3508,4319
3508,13263
3508,35759
3508,14828
3508,4367
3508,12720
3508,15042
3508,35760
3508,4377
3508,4388
3508,35761
3508,4777
3508,11156
3508,7403
3508,4410
3508,35762
3508,5547
3508,9342
3508,4420
3508,14491
3508,27828
3508,4439
3508,4676
3508,9343
3508,4454
3508,35763
3508,14832
3508,35764
3508,4591
3508,6967
3508,16966
3508,35765
3508,14833
3508,21623
3508,14834
3508,4486
3508,16853
3508,10122
3508,5351
3508,20438
3508,12418
3508,21310
3508,19546
3508,5246
3508,4524
3508,35766
3508,15206
3508,4679
3508,5606
3508,4698
3508,35767
3508,5267
3508,5973
3508,35768
3508,6498
3508,4681
3508,35769
3508,4787
3508,7361
3508,4599
3508,4543
3508,6728
3508,35770
3508,34125
3508,5486
3508,5249
3508,35771
3508,12170
3508,35772
3508,35773
3508,35774
3508,35775
3508,35776
3508,35777
3508,35778
3508,24328
3508,34129
3508,35779
3508,31310
3508,16996
3508,12226
3508,35780
3508,6136
3508,4768
3508,5898
3508,15762
3508,8362
3509,35781
3509,20100
3509,35782
3509,35783
3509,17478
3509,35784
3509,35785
3509,35786
3509,35787
3509,23595
3509,35788
3509,35789
3509,35790
3509,35791
3509,35792
3509,5392
3509,4694
3509,35793
3509,35794
3509,20104
3509,35795
3509,35796
3509,35797
3509,35798
3509,4034
3509,21789
3509,35799
3509,6869
3509,35800
3509,13908
3509,35801
3509,35802
3509,4189
3509,35803
3509,35804
3509,35805
3509,35806
3509,30858
3509,35807
3509,13632
3509,35808
3509,6874
3509,15452
3509,22611
3509,4697
3509,35809
3509,27902
3509,35810
3509,35811
3509,30867
3509,35812
3509,5403
3509,33317
3509,35813
3509,33319
3509,4599
3509,33321
3509,33323
3509,35814
3509,35815
3509,35816
3509,35817
3509,35818
3509,35819
3509,35820
3509,35821
3509,35822
3511,35823
3511,6443
3511,4359
3511,4368
3511,20328
3511,4377
3511,18091
3511,4419
3511,19542
3511,16965
3511,35824
3511,21903
3511,8915
3511,5301
3511,18015
3511,21920
3511,12418
3511,5263
3511,5266
3511,8917
3511,35825
3511,10195
3511,10398
3511,35826
3511,5269
3511,4599
3511,5305
3511,4768
3518,35827
3518,25374
3518,35828
3518,4013
3518,4023
3518,35829
3518,35830
3518,35831
3518,35832
3518,35833
3518,35834
3518,35835
3518,35836
3518,9769
3518,35837
3518,35838
3518,35839
3518,35840
3518,35841
3518,4639
3518,35842
3518,29654
3518,7784
3518,35843
3518,35844
3518,15421
3518,35845
3518,35846
3518,35847
3518,32973
3518,35848
3518,35849
3518,21775
3518,35850
3518,6799
3518,35851
3518,35852
3518,35853
3518,4599
3518,35854
3518,35855
3518,35856
3518,21006
3518,35857
3518,6461
3518,35858
3518,32309
3518,35859
3518,6136
3518,35860
3518,35861
3529,35862
3529,4189
3529,31596
3529,35863
3529,35864
3529,35865
3529,4698
3529,35866
3529,4599
3529,4543
3529,35867
3529,35868
3529,19087
3529,35869
3530,9588
3530,32156
3530,24621
3530,5483
3530,4755
3530,21789
3530,26299
3530,26553
3530,4720
3530,4582
3530,10407
3530,35344
3530,4985
3530,12438
3530,35870
3530,6376
3530,19989
3530,16469
3530,11070
3530,19991
3530,6448
3530,35871
3530,4398
3530,35872
3530,16965
3530,9345
3530,7054
3530,8688
3530,5981
3530,5301
3530,14283
3530,4677
3530,35873
3530,4761
3530,4595
3530,6971
3530,35874
3530,5463
3530,6981
3530,5304
3530,4787
3530,4910
3530,4873
3530,17586
3530,12168
3530,35069
3530,4805
3530,4768
3530,4729
3530,5064
3533,3607
3533,23468
3533,3823
3533,3826
3533,3829
3533,8757
3533,3990
3533,4068
3533,4211
3533,32045
3533,4258
3533,9381
3533,4306
3533,5054
3533,9342
3533,29678
3533,9343
3533,26221
3533,6878
3533,4524
3533,15206
3533,5493
3533,4599
3533,6500
3533,4910
3533,5064
3534,35875
3534,35876
3534,3696
3534,34515
3534,35877
3534,35878
3534,35879
3534,35880
3534,35881
3534,17306
3534,35882
3534,35883
3534,35884
3534,35885
3534,35886
3534,35887
3534,35888
3534,35889
3534,35890
3534,35891
3534,35892
3534,35893
3534,7419
3534,35894
3534,35895
3534,27825
3534,4475
3534,35896
3534,6278
3534,17312
3534,17313
3534,17315
3534,35897
3534,27135
3534,27290
3534,22861
3534,11886
3534,4681
3534,13809
3534,4599
3534,35898
3534,35899
3534,17318
3534,17320
3534,35900
3534,35901
3537,3893
3537,3923
3537,17927
3537,5587
3537,4176
3537,5589
3537,5592
3537,23793
3537,4410
3537,4779
3537,4868
3537,8412
3537,17934
3537,4678
3537,4783
3537,4595
3537,21539
3537,11919
3537,4681
3537,4787
3537,4599
3537,4543
3537,5609
3537,5610
3541,35902
3541,30808
3541,4775
3541,35903
3541,35904
3541,35905
3541,35906
3541,5875
3541,6275
3541,35907
3541,5878
3541,26332
3541,33940
3541,4349
3541,35908
3541,5881
3541,35909
3541,5261
3541,6316
3541,20428
3541,5882
3541,29888
3541,35910
3541,6794
3541,12416
3541,35911
3541,8188
3541,5550
3541,35912
3541,21923
3541,26034
3541,17312
3541,4678
3541,5485
3541,9254
3541,29584
3541,4698
3541,35913
3541,6077
3541,26341
3541,4681
3541,35914
3541,4599
3541,5827
3541,4543
3541,35915
3541,35916
3541,35917
3541,27525
3541,28666
3541,35918
3541,28193
3541,35919
3541,35920
3541,35921
3541,35922
3542,24064
3542,35923
3542,35924
3542,35925
3542,35926
3542,3815
3542,35927
3542,35928
3542,14459
3542,35929
3542,35930
3542,35931
3542,35932
3542,4170
3542,35933
3542,35934
3542,4224
3542,4264
3542,8931
3542,35935
3542,35936
3542,35937
3542,4350
3542,35938
3542,35939
3542,35940
3542,4457
3542,35941
3542,35942
3542,4472
3542,35943
3542,35944
3542,4492
3542,35945
3542,16728
3542,4599
3542,16397
3542,35946
3542,28888
3542,35947
3542,35948
3542,35949
3542,25702
3542,35950
3542,4768
3542,35951
3542,35952
3543,35953
3543,33087
3543,35954
3543,35955
3543,10262
3543,5874
3543,4231
3543,30915
3543,31055
3543,4758
3543,4984
3543,4349
3543,13728
3543,19968
3543,35956
3543,23010
3543,23011
3543,35957
3543,6565
3543,35958
3543,19615
3543,17633
3543,9147
3543,35959
3543,13805
3543,13733
3543,6794
3543,7665
3543,35960
3543,10122
3543,13498
3543,23924
3543,12749
3543,35961
3543,17636
3543,31709
3543,4761
3543,11781
3543,35962
3543,12750
3543,35963
3543,15063
3543,6971
3543,5056
3543,35964
3543,35965
3543,31713
3543,27115
3543,35966
3543,35967
3543,20068
3543,35968
3543,35969
3543,18720
3543,35970
3543,4768
3543,35971
3543,5406
3547,18295
3547,15241
3547,3789
3547,3791
3547,5172
3547,3880
3547,10625
3547,5980
3547,19901
3547,16919
3547,5085
3547,5483
3547,4100
3547,7923
3547,17763
3547,4189
3547,4234
3547,7925
3547,13280
3547,4290
3547,5054
3547,4696
3547,10741
3547,4349
3547,6070
3547,35972
3547,4411
3547,5261
3547,4421
3547,7167
3547,4439
3547,10343
3547,10410
3547,29202
3547,24650
3547,4677
3547,5246
3547,30993
3547,5485
3547,4761
3547,5987
3547,4595
3547,11919
3547,6077
3547,4681
3547,7100
3547,13590
3547,4787
3547,4599
3547,4543
3547,5609
3547,4910
3547,35050
3552,3572
3552,35973
3552,3997
3552,4081
3552,35974
3552,35975
3552,4127
3552,6562
3552,14489
3552,4290
3552,4314
3552,4349
3552,4358
3552,4393
3552,5088
3552,19440
3552,29678
3552,4428
3552,4437
3552,4446
3552,4458
3552,29202
3552,35976
3552,5970
3552,4499
3552,4500
3552,9225
3552,4868
3552,6247
3552,7668
3552,26112
3552,4678
3552,6249
3552,12419
3552,4679
3552,12066
3552,4698
3552,5973
3552,4643
3552,10398
3552,18833
3552,4681
3552,4785
3552,5269
3552,4786
3552,4787
3552,10598
3552,4599
3552,4543
3552,26824
3552,6330
3552,29225
3552,4684
3552,35977
3552,35978
3558,3611
3558,10392
3558,3893
3558,3923
3558,4176
3558,5589
3558,34308
3558,4696
3558,4393
3558,4777
3558,4410
3558,21304
3558,4778
3558,15922
3558,4676
3558,4779
3558,6320
3558,17933
3558,8412
3558,17934
3558,21923
3558,26034
3558,7668
3558,4678
3558,4783
3558,5485
3558,4595
3558,11919
3558,5606
3558,4698
3558,6498
3558,4681
3558,4785
3558,4787
3558,5464
3558,4599
3558,4543
3558,5609
3558,12615
3560,35979
3560,33631
3560,35980
3560,35981
3560,22758
3560,26242
3560,35982
3560,16844
3560,33635
3560,33637
3560,35983
3560,16847
3560,4757
3560,10262
3560,35984
3560,7925
3560,4758
3560,35985
3560,4984
3560,35986
3560,35987
3560,5776
3560,22769
3560,35988
3560,10248
3560,35989
3560,6794
3560,35990
3560,22308
3560,35991
3560,10266
3560,35992
3560,22310
3560,35993
3560,35994
3560,35995
3560,22775
3560,17423
3560,13093
3560,22311
3560,5485
3560,35996
3560,22785
3560,35997
3560,22789
3560,24966
3560,5781
3560,16856
3560,14761
3560,35998
3560,35999
3560,22793
3560,4599
3560,17428
3560,22928
3560,36000
3560,36001
3560,22796
3560,5782
3560,36002
3560,36003
3560,36004
3560,4603
3560,34353
3563,36005
3563,6309
3563,36006
3563,36007
3563,36008
3563,36009
3563,4139
3563,36010
3563,6313
3563,36011
3563,36012
3563,36013
3563,36014
3563,27728
3563,36015
3563,36016
3563,36017
3563,34807
3563,36018
3563,36019
3563,36020
3563,14219
3563,4439
3563,6317
3563,36021
3563,36022
3563,36023
3563,36024
3563,36025
3563,36026
3563,36027
3563,36028
3563,36029
3563,6321
3563,7426
3563,36030
3563,5485
3563,36031
3563,6322
3563,36032
3563,36033
3563,36034
3563,36035
3563,29545
3563,6077
3563,36036
3563,6325
3563,36037
3563,22565
3563,36038
3563,36039
3563,4681
3563,8189
3563,36040
3563,36041
3563,36042
3563,13809
3563,4599
3563,36043
3563,5827
3563,4543
3563,36044
3563,36045
3563,8983
3563,4701
3563,6331
3563,36046
3563,4844
3563,36047
3563,36048
3563,8355
3563,36049
3563,36050
3563,36051
3563,10086
3563,10973
3563,36052
3563,27751
3563,36053
3563,5898
3563,20874
3563,36054
3563,5406
3568,36055
3568,36056
3568,36057
3568,36058
3568,36059
3568,36060
3568,36061
3568,27994
3568,36062
3568,36063
3568,36064
3568,26108
3568,5261
3568,15047
3568,15049
3568,27058
3568,15053
3568,36065
3568,36066
3568,36067
3568,15059
3568,15061
3568,4869
3568,36068
3568,6075
3568,15065
3568,36069
3568,4681
3568,15067
3568,4599
3568,5553
3568,5539
3568,36070
3568,22334
3568,15070
3568,36071
3568,5063
3568,11437
3570,36072
3570,36073
3570,36074
3570,36075
3570,36076
3570,36077
3570,36078
3570,36079
3570,36080
3570,36081
3570,5261
3570,27279
3570,36082
3570,36083
3570,36084
3570,24017
3570,36085
3570,36086
3570,36087
3570,36088
3570,28706
3570,36089
3570,36090
3570,36091
3570,36092
3570,4868
3570,36093
3570,8554
3570,36094
3570,4783
3570,36095
3570,36096
3570,36097
3570,36098
3570,36099
3570,36100
3570,36101
3570,36102
3570,36103
3570,8556
3570,36104
3570,31348
3570,36105
3570,36106
3570,4599
3570,30428
3570,5827
3570,4543
3570,36107
3570,20871
3570,22863
3570,36108
3570,36109
3570,27291
3570,32708
3570,36110
3570,36111
3570,36112
3570,36113
3570,20626
3570,8562
3570,36114
3570,36115
3570,5249
3570,36116
3570,27295
3570,36117
3570,36118
3570,27529
3570,36119
3570,27297
3571,36120
3571,36121
3571,5237
3571,36122
3571,36123
3571,36124
3571,4358
3571,4393
3571,6377
3571,7096
3571,9328
3571,4698
3571,6077
3571,36125
3571,10966
3571,6228
3571,36126
3571,5304
3571,4599
3571,5553
3571,15070
3571,36127
3571,36128
3571,36129
3571,35860
3571,5064
3571,8362
3571,36130
3575,36131
3575,33497
3575,18296
3575,3683
3575,5371
3575,16954
3575,36132
3575,18460
3575,3789
3575,16955
3575,16956
3575,19513
3575,7199
3575,6580
3575,18298
3575,20664
3575,5349
3575,14210
3575,35061
3575,36133
3575,3945
3575,9119
3575,7498
3575,16957
3575,26064
3575,5627
3575,36134
3575,27694
3575,29636
3575,34543
3575,33502
3575,22990
3575,32601
3575,19662
3575,16844
3575,21258
3575,19913
3575,32774
3575,36135
3575,36136
3575,36137
3575,36138
3575,7759
3575,4090
3575,28059
3575,13825
3575,17979
3575,6289
3575,8899
3575,24001
3575,36139
3575,5749
3575,36140
3575,7923
3575,4757
3575,29081
3575,16958
3575,24070
3575,4720
3575,12158
3575,6243
3575,8902
3575,16959
3575,36141
3575,16960
3575,17986
3575,16961
3575,30380
3575,8858
3575,36142
3575,7925
3575,4758
3575,4289
3575,4290
3575,9653
3575,13245
3575,33121
3575,4303
3575,36143
3575,4314
3575,36144
3575,36145
3575,4984
3575,36146
3575,5372
3575,4985
3575,13246
3575,7501
3575,36147
3575,36148
3575,4355
3575,36149
3575,7502
3575,12438
3575,18301
3575,4367
3575,8906
3575,36150
3575,16439
3575,21261
3575,36151
3575,25403
3575,13247
3575,36152
3575,8907
3575,4377
3575,19990
3575,19991
3575,36153
3575,36154
3575,33505
3575,4393
3575,4399
3575,36155
3575,31938
3575,22652
3575,17853
3575,10264
3575,36156
3575,10194
3575,29848
3575,4410
3575,8909
3575,19669
3575,5261
3575,16233
3575,36157
3575,22688
3575,22924
3575,7580
3575,19542
3575,22720
3575,4429
3575,34203
3575,4428
3575,25282
3575,4437
3575,4446
3575,36158
3575,36159
3575,10409
3575,17754
3575,4458
3575,9147
3575,4457
3575,11673
3575,29091
3575,35485
3575,36160
3575,22926
3575,36161
3575,19443
3575,10410
3575,36162
3575,7096
3575,36163
3575,36164
3575,19543
3575,36165
3575,6246
3575,9345
3575,10411
3575,14021
3575,31489
3575,21906
3575,10412
3575,4495
3575,18305
3575,6794
3575,36166
3575,36167
3575,36168
3575,8915
3575,31942
3575,17840
3575,36169
3575,36170
3575,4499
3575,18075
3575,7468
3575,25463
3575,5981
3575,26802
3575,36171
3575,5301
3575,34533
3575,36172
3575,12582
3575,36173
3575,13912
3575,13911
3575,5351
3575,36174
3575,13342
3575,21920
3575,10413
3575,4593
3575,36175
3575,36176
3575,4868
3575,6247
3575,27839
3575,30991
3575,6592
3575,30992
3575,29094
3575,36177
3575,36178
3575,36179
3575,36180
3575,36181
3575,36182
3575,36183
3575,36184
3575,7426
3575,36185
3575,5605
3575,17220
3575,22805
3575,5485
3575,6249
3575,29096
3575,36186
3575,34574
3575,4761
3575,36187
3575,4679
3575,36188
3575,36189
3575,36190
3575,7099
3575,5987
3575,20835
3575,19525
3575,36191
3575,4595
3575,29213
3575,36192
3575,4533
3575,30995
3575,36193
3575,9130
3575,36194
3575,36195
3575,16446
3575,35874
3575,4698
3575,34553
3575,5353
3575,34664
3575,36196
3575,6726
3575,36197
3575,10195
3575,36198
3575,5267
3575,36199
3575,6297
3575,36200
3575,36201
3575,36202
3575,6980
3575,36203
3575,32636
3575,17755
3575,36204
3575,6599
3575,10398
3575,36205
3575,33189
3575,5356
3575,11886
3575,32437
3575,36206
3575,36207
3575,16447
3575,36208
3575,4681
3575,9350
3575,31170
3575,36209
3575,7262
3575,36210
3575,16969
3575,5269
3575,32808
3575,11352
3575,36211
3575,36212
3575,31712
3575,35456
3575,36213
3575,5304
3575,36214
3575,4787
3575,4599
3575,35194
3575,5538
3575,18024
3575,9132
3575,36215
3575,36216
3575,9351
3575,4543
3575,7264
3575,36217
3575,36218
3575,16348
3575,20657
3575,7208
3575,6330
3575,10967
3575,5553
3575,8492
3575,36219
3575,36220
3575,36221
3575,36222
3575,5609
3575,36223
3575,15711
3575,4701
3575,7429
3575,6079
3575,7209
3575,7475
3575,5305
3575,32505
3575,6459
3575,36224
3575,11282
3575,5486
3575,5000
3575,36225
3575,36226
3575,18465
3575,36227
3575,36228
3575,36229
3575,5610
3575,10270
3575,25702
3575,31947
3575,36230
3575,4910
3575,36231
3575,30900
3575,16386
3575,5249
3575,6081
3575,36232
3575,36233
3575,27747
3575,36234
3575,36235
3575,4703
3575,10974
3575,36236
3575,36237
3575,36238
3575,31769
3575,36239
3575,6384
3575,36240
3575,16976
3575,36241
3575,36242
3575,35494
3575,34557
3575,36243
3575,4768
3575,4729
3575,36244
3575,36245
3575,36246
3575,36247
3575,21970
3575,36248
3575,36249
3575,36250
3575,10092
3575,7113
3575,23168
3575,36251
3575,36252
3575,8362
3575,36253
3575,5358
3575,36254
3583,6059
3583,20519
3583,12435
3583,21695
3583,36255
3583,36256
3583,36257
3583,36258
3583,9406
3583,25126
3583,20523
3583,35264
3583,15508
3583,36259
3583,36260
3583,36261
3583,36262
3583,20525
3583,36263
3583,36264
3583,36265
3583,36266
3583,36267
3583,21698
3583,36268
3583,36269
3583,36270
3583,18528
3583,36271
3583,36272
3583,36273
3583,36274
3583,20528
3583,9409
3583,29352
3583,36275
3583,20530
3583,36276
3583,22615
3583,36277
3583,15834
3583,6835
3583,25696
3583,29353
3583,35268
3583,25698
3583,5246
3583,36278
3583,9410
3583,36279
3583,36280
3583,7470
3583,6839
3583,5564
3583,11472
3583,5565
3583,11424
3583,5403
3583,24560
3583,36281
3583,15472
3583,4599
3583,20532
3583,36282
3583,5889
3583,13591
3583,36283
3583,7700
3583,36284
3583,13649
3583,6842
3583,21700
3583,7436
3583,5064
3583,36285
3583,36286
3585,3893
3585,3923
3585,4176
3585,4189
3585,5589
3585,36287
3585,4399
3585,11913
3585,4777
3585,4410
3585,5547
3585,15922
3585,6317
3585,4676
3585,4779
3585,12639
3585,7096
3585,14903
3585,36288
3585,4593
3585,8412
3585,26112
3585,4678
3585,4783
3585,5485
3585,4595
3585,21539
3585,4698
3585,4786
3585,4787
3585,4599
3585,4543
3585,5609
3585,4701
3585,12615
3586,36289
3586,36290
3586,36291
3586,4092
3586,36292
3586,10793
3586,10795
3586,24974
3586,28266
3586,27822
3586,4298
3586,12199
3586,24293
3586,11839
3586,4587
3586,4454
3586,4591
3586,36293
3586,36294
3586,5600
3586,36295
3586,36296
3586,28276
3586,36297
3586,13911
3586,23780
3586,4594
3586,8689
3586,36298
3586,36299
3586,36300
3586,4599
3586,4543
3586,36301
3586,4600
3586,36127
3586,36302
3598,36303
3598,3893
3598,3923
3598,35169
3598,4189
3598,6562
3598,4582
3598,23942
3598,11910
3598,4267
3598,4696
3598,4777
3598,4410
3598,5547
3598,5261
3598,4779
3598,14903
3598,18580
3598,4868
3598,8412
3598,17934
3598,21923
3598,4677
3598,26112
3598,4678
3598,16475
3598,4783
3598,6249
3598,4761
3598,4595
3598,11919
3598,4698
3598,10195
3598,5267
3598,5973
3598,6498
3598,10398
3598,4681
3598,5304
3598,4787
3598,10751
3598,4599
3598,4543
3598,20668
3598,5609
3598,5486
3598,12615
3598,7272
3600,29410
3600,16493
3600,36304
3600,3984
3600,12354
3600,36305
3600,24145
3600,22952
3600,19458
3600,4189
3600,21363
3600,36306
3600,36307
3600,4249
3600,36308
3600,36309
3600,19460
3600,36310
3600,36311
3600,12056
3600,5695
3600,26017
3600,36312
3600,12361
3600,36313
3600,36314
3600,36315
3600,22956
3600,36316
3600,16129
3600,8160
3600,20435
3600,36317
3600,36318
3600,8691
3600,8169
3600,22362
3600,6498
3600,22364
3600,36319
3600,26047
3600,4998
3600,26048
3600,26050
3600,8775
3600,16143
3604,36320
3604,3901
3604,14489
3604,4079
3604,4421
3604,8412
3604,4679
3604,4599
3604,4543
3604,4701
3604,5249
3607,32791
3607,3997
3607,4034
3607,36321
3607,11410
3607,36322
3607,36323
3607,7401
3607,6873
3607,4356
3607,11417
3607,6874
3607,6875
3607,15452
3607,6876
3607,5399
3607,4593
3607,7406
3607,9601
3607,5403
3607,4599
3607,5064
3614,36324
3614,36325
3614,29061
3614,14004
3614,29919
3614,31933
3614,36326
3614,29067
3614,3992
3614,36327
3614,4102
3614,36328
3614,8899
3614,36329
3614,36330
3614,4720
3614,6712
3614,5350
3614,5086
3614,6443
3614,4289
3614,36331
3614,36332
3614,4322
3614,36333
3614,4359
3614,35007
3614,4368
3614,4377
3614,28626
3614,4458
3614,34597
3614,7468
3614,5981
3614,5301
3614,5821
3614,5302
3614,17220
3614,4761
3614,5304
3614,4599
3614,4543
3614,7475
3614,4768
3614,7113
3614,36334
3616,3714
3616,36335
3616,9911
3616,36336
3616,4758
3616,13245
3616,4349
3616,11101
3616,15729
3616,36337
3616,22397
3616,6794
3616,8352
3616,30262
3616,4761
3616,6798
3616,36338
3616,26227
3616,13809
3616,4599
3616,7208
3616,22400
3616,22401
3616,10619
3616,5249
3616,32366
3616,36339
3616,36340
3616,36341
3616,27690
3616,34404
3616,36342
3617,36343
3617,4065
3617,36344
3617,36345
3617,31702
3617,36346
3617,36347
3617,36348
3617,17753
3617,22459
3617,16442
3617,4457
3617,35942
3617,36349
3617,26802
3617,15784
3617,36181
3617,10864
3617,4761
3617,31795
3617,36195
3617,16446
3617,36350
3617,26539
3618,36351
3618,36352
3618,36353
3618,6867
3618,32795
3618,36354
3618,14346
3618,36355
3618,17937
3618,36356
3618,5295
3618,36357
3618,31505
3618,4720
3618,36358
3618,31447
3618,36359
3618,36360
3618,36361
3618,35481
3618,36362
3618,36363
3618,35484
3618,9497
3618,4359
3618,36364
3618,25403
3618,36365
3618,23343
3618,6448
3618,31449
3618,36366
3618,7882
3618,36367
3618,36368
3618,8505
3618,16474
3618,7099
3618,36369
3618,17462
3618,4539
3618,4599
3618,36370
3618,5827
3618,36371
3618,36372
3618,4935
3618,7105
3618,5383
3618,36373
3618,36374
3618,4729
3618,36375
3618,23317
3620,34482
3620,5586
3620,4092
3620,26102
3620,10662
3620,4582
3620,36376
3620,23892
3620,5968
3620,4758
3620,36377
3620,36378
3620,32116
3620,11837
3620,4984
3620,4349
3620,26107
3620,26108
3620,4393
3620,4398
3620,10264
3620,4410
3620,36379
3620,18987
3620,4586
3620,4439
3620,4587
3620,26110
3620,4590
3620,4591
3620,36380
3620,36381
3620,14903
3620,6794
3620,23898
3620,30550
3620,4508
3620,36382
3620,4759
3620,29411
3620,8412
3620,32124
3620,23779
3620,32125
3620,4594
3620,4677
3620,4678
3620,4783
3620,5485
3620,4761
3620,4595
3620,21539
3620,4597
3620,24535
3620,4698
3620,6659
3620,4540
3620,4785
3620,8189
3620,30128
3620,4787
3620,27410
3620,4599
3620,4543
3620,8355
3620,5249
3620,36383
3620,4682
3620,7436
3620,36384
3622,36385
3622,36386
3622,36387
3622,36388
3622,36389
3622,36390
3622,36391
3622,27533
3622,26372
3622,4216
3622,36392
3622,4228
3622,12195
3622,4696
3622,36393
3622,34190
3622,5261
3622,4437
3622,36394
3622,12202
3622,36395
3622,27441
3622,36396
3622,36397
3622,26112
3622,4678
3622,5485
3622,36398
3622,15732
3622,5987
3622,36399
3622,21539
3622,15733
3622,36400
3622,10398
3622,5356
3622,4681
3622,4785
3622,36401
3622,36402
3622,4786
3622,4787
3622,35709
3622,4599
3622,5827
3622,4543
3622,6330
3622,5553
3622,15925
3622,36403
3622,36404
3622,35711
3622,34951
3622,36405
3622,27452
3624,36406
3624,3521
3624,13321
3624,36407
3624,12155
3624,6063
3624,36408
3624,29610
3624,36409
3624,26578
3624,26134
3624,13017
3624,3919
3624,4862
3624,30313
3624,8728
3624,36410
3624,8757
3624,36411
3624,3990
3624,4015
3624,36412
3624,34107
3624,36413
3624,26213
3624,26136
3624,36414
3624,36415
3624,4180
3624,36416
3624,26586
3624,4211
3624,36417
3624,9064
3624,36418
3624,26214
3624,9065
3624,36419
3624,5054
3624,33067
3624,33068
3624,26138
3624,33070
3624,36420
3624,36421
3624,26216
3624,9342
3624,4420
3624,4437
3624,4439
3624,9343
3624,5696
3624,4454
3624,36422
3624,9452
3624,26256
3624,36423
3624,12591
3624,26222
3624,36424
3624,36425
3624,26224
3624,7997
3624,26225
3624,5351
3624,20438
3624,11674
3624,4520
3624,36426
3624,5246
3624,4524
3624,26257
3624,13325
3624,26226
3624,11747
3624,6226
3624,5493
3624,4698
3624,4905
3624,36427
3624,5403
3624,4681
3624,15472
3624,7361
3624,4599
3624,5538
3624,5827
3624,4543
3624,5058
3624,19550
3624,17258
3624,27847
3624,4871
3624,5539
3624,23378
3624,14548
3624,26258
3624,14549
3624,36428
3624,17945
3624,20935
3624,12170
3624,35693
3624,15762
3624,11437
3624,8362
3626,36429
3626,33540
3626,10480
3626,36430
3626,33546
3626,4118
3626,33552
3626,33557
3626,33559
3626,33560
3626,36431
3626,4393
3626,4439
3626,33566
3626,36432
3626,33569
3626,33143
3626,36433
3626,4698
3626,33577
3626,36434
3626,33578
3626,22791
3626,4599
3626,33583
3636,36435
3636,3789
3636,29633
3636,36436
3636,10191
3636,3945
3636,3950
3636,10375
3636,21832
3636,7924
3636,4757
3636,36437
3636,6562
3636,27650
3636,4258
3636,9671
3636,17070
3636,4984
3636,4349
3636,4358
3636,36438
3636,19441
3636,4458
3636,26675
3636,7096
3636,36439
3636,9345
3636,14557
3636,9347
3636,5301
3636,12582
3636,11052
3636,4868
3636,11747
3636,6248
3636,14558
3636,6249
3636,25587
3636,4698
3636,28631
3636,5267
3636,14025
3636,4643
3636,13343
3636,21938
3636,13344
3636,4681
3636,5269
3636,4599
3636,4543
3636,5553
3636,6459
3636,4910
3636,17735
3636,36440
3636,4768
3636,5063
3636,5064
3636,5358
3638,4176
3638,11913
3638,4410
3638,29322
3638,5261
3638,17585
3638,4439
3638,4779
3638,4454
3638,4499
3638,36441
3638,4868
3638,6247
3638,8412
3638,21923
3638,26034
3638,26112
3638,4678
3638,4783
3638,4679
3638,4595
3638,11919
3638,4698
3638,10397
3638,27844
3638,5607
3638,10398
3638,4681
3638,4785
3638,5269
3638,4786
3638,5304
3638,4787
3638,4699
3638,4599
3638,4543
3638,5553
3638,15925
3638,5609
3638,12631
3638,12615
3638,4603
3646,36442
3646,3976
3646,36443
3646,36444
3646,36445
3646,4082
3646,31767
3646,7882
3646,22459
3646,36446
3646,30580
3646,4534
3646,12121
3646,11352
3646,5827
3646,36447
3646,28994
3646,36448
3646,36449
3646,36450
3646,36451
3646,31773
3646,31774
3646,36452
3646,36453
3646,26871
3648,3421
3648,3624
3648,3676
3648,3674
3648,36454
3648,36455
3648,3811
3648,3834
3648,36456
3648,3864
3648,3947
3648,3970
3648,6002
3648,3975
3648,7086
3648,36457
3648,4073
3648,4086
3648,7088
3648,29344
3648,4226
3648,6712
3648,11861
3648,5086
3648,6443
3648,4696
3648,36458
3648,4349
3648,36147
3648,6445
3648,4359
3648,35007
3648,18301
3648,6978
3648,4368
3648,7091
3648,20328
3648,7092
3648,4377
3648,36459
3648,6448
3648,17853
3648,7693
3648,19542
3648,7094
3648,7095
3648,17840
3648,31166
3648,5981
3648,10427
3648,4761
3648,4599
3648,7476
3648,5249
3648,34415
3648,36460
3648,4768
3648,4729
3650,36461
3650,36462
3650,36463
3650,36464
3650,36465
3650,36466
3650,36467
3650,16797
3650,36468
3650,36469
3650,36470
3650,25781
3650,36471
3650,36472
3650,36473
3650,36474
3650,36475
3650,17603
3650,6121
3650,36476
3650,20995
3650,36477
3650,6125
3650,8617
3650,21000
3650,36478
3650,6126
3650,36479
3650,36480
3650,36481
3650,6835
3650,7788
3650,7126
3650,6838
3650,6839
3650,6799
3650,5565
3650,36482
3650,10329
3650,34906
3650,5567
3650,36483
3650,28472
3650,36484
3650,29354
3650,4938
3650,36485
3658,36486
3658,36487
3658,36488
3658,4148
3658,4162
3658,6562
3658,14489
3658,15037
3658,36489
3658,36490
3658,11910
3658,34308
3658,36491
3658,4349
3658,36492
3658,4358
3658,34498
3658,36493
3658,29921
3658,4393
3658,4777
3658,36494
3658,4410
3658,5261
3658,7580
3658,19440
3658,4586
3658,4439
3658,4676
3658,4779
3658,36495
3658,36496
3658,16125
3658,11915
3658,8550
3658,4458
3658,19443
3658,36497
3658,27282
3658,26675
3658,35976
3658,36498
3658,5970
3658,36499
3658,36500
3658,19689
3658,17933
3658,21106
3658,5351
3658,13342
3658,4593
3658,21627
3658,4868
3658,36501
3658,5302
3658,21630
3658,7668
3658,4678
3658,12419
3658,36502
3658,5987
3658,4595
3658,11919
3658,5606
3658,4698
3658,5973
3658,27844
3658,11886
3658,4681
3658,4785
3658,7100
3658,4786
3658,4787
3658,4599
3658,4543
3658,6330
3658,5553
3658,36503
3658,15925
3658,5609
3658,12631
3658,5486
3658,36504
3662,36505
3662,36506
3662,4753
3662,35062
3662,9591
3662,35064
3662,36507
3662,5372
3662,36508
3662,36509
3662,36510
3662,36511
3662,16475
3662,6798
3662,20835
3662,36512
3662,28072
3662,6228
3662,4787
3662,4599
3662,5381
3662,36513
3662,5785
3662,4768
3662,36514
3662,36515
3662,36516
3666,36517
3666,31235
3666,31236
3666,36518
3666,36519
3666,13238
3666,36520
3666,6721
3666,5483
3666,36521
3666,4755
3666,5586
3666,27046
3666,36522
3666,4180
3666,17482
3666,34292
3666,34293
3666,33012
3666,36523
3666,32046
3666,36524
3666,31270
3666,27944
3666,36525
3666,6070
3666,36526
3666,32140
3666,25164
3666,36527
3666,34236
3666,7167
3666,25165
3666,36528
3666,36529
3666,34296
3666,22490
3666,22658
3666,33074
3666,34531
3666,34712
3666,12120
3666,5055
3666,36530
3666,34713
3666,32049
3666,24324
3666,31280
3666,5246
3666,6226
3666,4870
3666,5493
3666,23497
3666,33078
3666,7471
3666,4681
3666,7100
3666,4599
3666,35534
3666,12721
3666,5035
3666,4601
3666,4910
3666,20671
3666,36531
3666,36532
3666,15498
3666,36533
3666,33082
3666,4805
3666,36534
3666,10775
3666,12072
3666,36535
3671,28577
3671,3362
3671,31311
3671,36536
3671,3727
3671,31312
3671,5083
3671,3856
3671,36537
3671,3901
3671,3997
3671,25842
3671,31379
3671,4186
3671,4196
3671,6310
3671,21363
3671,14489
3671,34341
3671,4216
3671,4758
3671,4290
3671,36538
3671,34344
3671,20667
3671,4314
3671,26076
3671,4349
3671,22238
3671,33606
3671,4393
3671,34452
3671,5547
3671,4437
3671,4439
3671,36539
3671,4446
3671,8550
3671,4458
3671,4475
3671,7096
3671,5970
3671,24533
3671,4499
3671,4500
3671,27835
3671,24324
3671,4868
3671,8412
3671,5485
3671,12419
3671,4679
3671,16203
3671,19525
3671,11919
3671,12066
3671,4698
3671,4643
3671,16856
3671,14761
3671,8556
3671,4681
3671,4787
3671,10598
3671,4599
3671,4543
3671,26824
3671,6330
3671,5553
3671,7430
3671,5610
3671,4910
3671,4684
3671,5064
3671,4603
3672,36540
3672,36541
3672,36542
3672,31270
3672,36543
3672,36544
3672,7167
3672,36545
3672,25165
3672,4446
3672,36529
3672,36546
3672,34531
3672,34463
3672,36547
3672,12120
3672,34465
3672,36548
3672,34467
3672,32929
3672,36549
3672,18581
3672,36550
3672,4522
3672,5246
3672,6226
3672,5485
3672,36551
3672,5606
3672,4698
3672,13062
3672,6076
3672,5973
3672,27493
3672,7471
3672,4643
3672,6598
3672,6228
3672,4681
3672,13809
3672,4599
3672,4543
3672,5553
3672,5539
3672,35399
3672,5486
3672,4910
3672,10271
3672,36552
3672,5357
3672,7436
3672,12072
3672,5064
3672,36553
3674,33364
3674,33365
3674,10116
3674,36554
3674,36555
3674,33373
3674,33375
3674,36556
3674,36557
3674,36558
3674,36559
3674,36560
3674,36561
3674,5530
3674,33379
3674,35687
3674,33380
3674,36562
3674,31315
3674,33382
3674,36563
3674,6968
3674,36564
3674,12591
3674,36565
3674,36566
3674,21689
3674,10426
3674,36567
3674,12593
3674,36568
3674,36569
3674,36570
3674,22244
3674,11781
3674,12751
3674,26536
3674,6971
3674,5056
3674,12594
3674,36571
3674,13940
3674,7793
3674,15200
3674,36572
3674,4599
3674,21984
3674,5827
3674,31612
3674,36573
3674,36574
3674,36575
3674,36576
3674,36577
3674,4685
3674,6200
3674,5406
3676,21550
3676,36578
3676,34249
3676,23594
3676,36579
3676,11153
3676,4034
3676,13619
3676,23602
3676,36580
3676,36581
3676,36582
3676,4185
3676,36583
3676,36584
3676,36585
3676,30380
3676,17198
3676,5086
3676,17605
3676,7401
3676,20141
3676,36586
3676,5398
3676,4356
3676,4359
3676,27248
3676,4368
3676,36587
3676,4377
3676,11417
3676,36588
3676,36589
3676,36590
3676,7403
3676,36591
3676,17565
3676,6452
3676,36592
3676,36593
3676,34989
3676,36594
3676,11420
3676,13911
3676,36595
3676,36596
3676,36597
3676,4679
3676,36598
3676,36599
3676,9601
3676,5403
3676,21141
3676,35467
3676,4599
3676,5827
3676,27115
3676,35468
3676,36600
3676,4703
3676,25784
3676,15453
3676,36601
3676,35469
3676,36602
3676,4768
3676,36603
3676,5357
3676,16860
3679,6059
3679,5747
3679,36604
3679,28843
3679,28855
3679,21124
3679,21125
3679,36605
3679,36606
3679,36607
3679,4458
3679,22926
3679,36608
3679,36609
3679,36610
3679,36611
3679,28862
3679,27098
3679,34909
3679,28864
3679,32242
3679,36612
3679,36613
3679,36614
3679,15206
3679,4761
3679,36615
3679,33925
3679,12112
3679,6799
3679,28243
3679,5355
3679,36616
3679,4681
3679,21728
3679,33930
3679,32246
3679,36617
3679,5464
3679,32247
3679,4599
3679,21511
3679,36618
3679,5827
3679,6728
3679,36619
3679,27386
3679,24124
3679,5889
3679,34910
3679,32248
3679,7209
3679,36620
3679,15208
3679,5610
3679,36621
3679,10707
3679,28877
3679,10860
3681,4429
3681,4478
3681,4499
3681,4508
3681,13911
3681,4523
3681,6074
3681,5485
3681,4679
3681,36622
3681,4681
3681,4599
3681,36623
3681,4701
3681,12439
3681,11437
3681,5064
3683,27127
3683,8544
3683,30397
3683,17306
3683,36624
3683,36625
3683,14013
3683,4696
3683,4353
3683,27130
3683,34077
3683,36626
3683,22656
3683,31039
3683,36627
3683,36628
3683,4458
3683,10411
3683,5970
3683,8915
3683,27132
3683,17311
3683,7424
3683,6278
3683,4868
3683,17313
3683,14023
3683,17315
3683,17316
3683,5987
3683,8917
3683,4930
3683,27135
3683,27290
3683,22861
3683,4681
3683,20870
3683,4599
3683,5538
3683,9132
3683,13810
3683,36629
3683,4910
3683,17318
3683,36630
3683,36631
3683,17320
3683,5064
3685,36632
3685,36633
3685,3778
3685,36634
3685,4079
3685,35112
3685,4302
3685,20365
3685,36635
3685,4349
3685,36636
3685,36637
3685,4393
3685,36638
3685,4421
3685,4439
3685,36639
3685,27874
3685,4452
3685,4454
3685,4640
3685,36640
3685,24017
3685,36641
3685,36642
3685,36643
3685,9225
3685,23376
3685,4868
3685,7426
3685,36644
3685,4783
3685,6496
3685,12419
3685,4761
3685,12066
3685,4698
3685,36645
3685,5973
3685,9917
3685,7428
3685,23377
3685,5355
3685,36646
3685,6498
3685,36647
3685,36648
3685,5356
3685,4681
3685,30337
3685,9919
3685,5464
3685,4599
3685,4543
3685,34611
3685,12226
3685,21296
3685,10754
3685,27689
3685,27690
3685,34404
3687,36649
3687,36650
3687,4753
3687,36651
3687,4011
3687,36652
3687,36653
3687,4755
3687,17980
3687,36654
3687,36655
3687,36656
3687,36657
3687,4696
3687,36658
3687,17992
3687,36659
3687,10193
3687,7580
3687,36660
3687,27282
3687,36661
3687,36662
3687,36663
3687,4868
3687,6247
3687,4678
3687,8770
3687,15206
3687,26678
3687,36664
3687,4595
3687,36665
3687,11919
3687,36666
3687,36667
3687,36668
3687,4930
3687,11425
3687,5355
3687,9687
3687,4681
3687,36669
3687,4787
3687,4599
3687,5827
3687,5539
3687,5609
3687,4701
3687,5889
3687,5305
3687,5249
3687,9875
3687,36670
3687,17062
3687,5009
3687,36671
3690,6059
3690,36672
3690,22832
3690,36673
3690,36674
3690,26127
3690,36675
3690,36676
3690,31904
3690,36677
3690,33763
3690,4696
3690,36678
3690,28934
3690,36679
3690,36680
3690,36681
3690,9248
3690,19583
3690,36682
3690,36683
3690,6153
3690,36684
3690,27510
3690,5971
3690,36685
3690,26606
3690,36686
3690,28468
3690,5485
3690,36687
3690,36688
3690,9259
3690,18193
3690,4681
3690,4599
3690,5553
3690,36689
3690,36690
3690,36691
3690,14388
3690,5486
3690,10021
3690,28342
3690,9819
3690,30341
3690,36692
3690,36693
3690,8775
3690,36694
3691,3814
3691,34485
3691,34487
3691,4176
3691,6562
3691,36695
3691,4758
3691,5592
3691,34495
3691,36696
3691,4984
3691,4349
3691,36697
3691,36698
3691,10264
3691,4410
3691,4778
3691,15922
3691,36699
3691,4779
3691,5697
3691,6794
3691,36700
3691,4508
3691,17933
3691,8412
3691,17934
3691,4678
3691,4783
3691,29213
3691,21539
3691,11919
3691,4698
3691,4785
3691,4787
3691,4599
3691,4543
3691,5609
3691,5610
3694,36701
3694,3993
3694,31420
3694,16725
3694,31421
3694,36702
3694,13907
3694,17834
3694,36475
3694,30887
3694,17350
3694,6533
3694,6535
3694,33856
3694,33816
3694,34632
3694,6291
3694,19969
3694,4398
3694,30892
3694,30894
3694,17838
3694,22657
3694,6537
3694,25643
3694,31424
3694,17221
3694,6296
3694,36703
3694,12082
3694,6980
3694,5827
3694,36704
3694,4768
3694,17846
3705,3912
3705,13243
3705,17350
3705,6533
3705,6290
3705,30889
3705,6445
3705,4359
3705,4368
3705,20328
3705,6448
3705,17840
3705,30897
3705,10180
3705,4599
3705,5827
3705,4768
3705,36705
3705,16978
3705,7113
3706,3941
3706,36706
3706,4135
3706,29342
3706,4189
3706,36707
3706,36708
3706,36709
3706,28214
3706,4368
3706,7764
3706,36710
3706,36711
3706,36712
3706,36713
3706,36714
3706,32869
3706,22927
3706,4761
3706,36715
3706,25283
3706,36716
3706,36717
3706,18398
3706,36718
3706,34538
3706,36719
3706,21281
3706,4599
3706,20657
3706,21673
3706,5553
3706,8492
3706,36720
3706,36721
3706,4768
3706,12297
3708,36722
3708,36723
3708,3815
3708,32066
3708,4082
3708,36724
3708,36725
3708,28984
3708,36726
3708,32068
3708,13380
3708,36727
3708,36728
3708,36729
3708,36730
3708,32070
3708,32071
3708,32072
3708,32073
3708,8505
3708,4761
3708,4539
3708,12121
3708,11352
3708,31773
3708,36731
3708,26871
3708,20841
3709,4081
3709,28446
3709,21611
3709,4299
3709,4696
3709,4314
3709,36732
3709,8549
3709,35760
3709,27826
3709,36733
3709,4388
3709,29678
3709,6318
3709,21620
3709,4452
3709,4454
3709,8550
3709,36734
3709,21623
3709,36735
3709,36736
3709,4499
3709,36737
3709,19689
3709,36738
3709,21626
3709,4593
3709,8412
3709,21628
3709,21631
3709,4783
3709,5485
3709,4679
3709,21632
3709,36739
3709,36740
3709,5987
3709,4595
3709,28023
3709,21634
3709,4698
3709,5353
3709,8556
3709,8558
3709,18833
3709,4681
3709,22792
3709,5464
3709,4599
3709,5827
3709,4543
3709,6728
3709,5553
3709,36741
3709,36742
3709,21641
3709,15152
3709,5609
3709,8560
3709,36743
3709,36744
3709,36745
3709,5486
3709,28037
3709,36746
3709,36747
3709,36748
3713,36749
3713,6066
3713,30193
3713,36750
3713,11410
3713,4185
3713,15448
3713,7398
3713,36751
3713,21205
3713,9594
3713,9595
3713,15449
3713,21762
3713,5398
3713,4356
3713,10394
3713,36752
3713,13058
3713,36753
3713,5399
3713,6877
3713,36754
3713,5351
3713,30355
3713,36755
3713,4679
3713,36756
3713,7406
3713,36757
3713,5403
3713,4681
3713,5269
3713,4599
3713,36758
3713,36759
3713,36760
3713,18035
3714,4186
3714,4196
3714,4216
3714,4758
3714,20667
3714,4349
3714,22238
3714,33606
3714,4393
3714,34452
3714,36761
3714,4437
3714,4439
3714,4446
3714,36762
3714,7096
3714,5970
3714,24324
3714,4868
3714,5485
3714,12419
3714,4698
3714,4643
3714,16856
3714,14761
3714,4681
3714,4787
3714,4599
3714,4543
3714,5553
3714,4910
3720,22453
3720,25275
3720,3802
3720,36763
3720,36764
3720,3974
3720,36765
3720,36766
3720,36767
3720,36768
3720,31787
3720,21260
3720,4225
3720,36769
3720,9653
3720,25141
3720,4340
3720,36770
3720,31790
3720,5372
3720,36771
3720,29989
3720,36772
3720,36773
3720,36774
3720,36729
3720,34217
3720,30683
3720,36775
3720,11260
3720,4521
3720,4761
3720,31795
3720,4539
3720,36776
3720,12121
3720,5827
3720,8492
3720,36777
3720,16448
3720,36778
3720,16543
3720,31800
3720,36779
3720,28994
3720,20768
3720,4726
3720,36780
3720,36451
3720,32076
3720,36781
3720,4768
3720,36782
3720,31774
3720,36783
3720,36784
3720,36785
3723,35182
3723,4342
3723,27858
3723,4388
3723,4393
3723,4410
3723,36786
3723,4439
3723,26797
3723,4446
3723,35334
3723,4452
3723,16125
3723,4454
3723,29202
3723,7096
3723,24017
3723,6724
3723,12062
3723,15923
3723,5970
3723,15337
3723,35187
3723,29272
3723,23376
3723,4904
3723,4593
3723,4868
3723,6247
3723,26034
3723,7789
3723,5485
3723,6496
3723,26798
3723,5987
3723,12066
3723,15496
3723,4698
3723,5057
3723,23377
3723,5355
3723,6498
3723,10398
3723,5356
3723,16138
3723,4681
3723,30337
3723,15497
3723,17771
3723,36787
3723,36788
3723,4599
3723,4543
3723,6728
3723,5539
3723,5610
3723,24018
3723,36789
3723,23379
3726,28981
3726,28982
3726,4200
3726,28983
3726,36790
3726,36791
3726,11858
3726,21204
3726,36792
3726,36793
3726,36794
3726,28985
3726,36795
3726,16439
3726,36796
3726,28988
3726,8684
3726,11132
3726,21211
3726,4431
3726,22459
3726,36797
3726,16924
3726,36169
3726,11278
3726,11260
3726,26558
3726,36798
3726,28990
3726,6796
3726,10864
3726,28992
3726,4539
3726,4599
3726,5827
3726,36799
3726,36800
3726,5406
3727,36520
3727,36540
3727,36801
3727,32139
3727,36802
3727,36803
3727,33012
3727,31381
3727,14896
3727,31271
3727,36804
3727,36805
3727,32140
3727,36806
3727,36807
3727,34709
3727,36528
3727,36808
3727,36809
3727,34296
3727,22490
3727,32239
3727,6724
3727,36810
3727,36811
3727,32143
3727,34298
3727,36530
3727,36812
3727,34713
3727,36813
3727,36814
3727,34300
3727,31280
3727,36815
3727,36816
3727,36817
3727,4870
3727,5493
3727,36818
3727,7471
3727,36819
3727,5355
3727,4681
3727,4786
3727,4787
3727,36820
3727,7208
3727,5553
3727,5539
3727,36821
3727,32145
3727,5064
3733,15031
3733,15032
3733,15033
3733,33774
3733,28882
3733,5085
3733,36522
3733,36822
3733,28883
3733,36823
3733,7925
3733,33775
3733,12719
3733,31817
3733,4984
3733,36824
3733,4349
3733,15042
3733,10264
3733,30522
3733,36825
3733,8685
3733,4437
3733,28885
3733,4508
3733,27834
3733,24324
3733,4593
3733,28886
3733,36826
3733,5485
3733,4679
3733,36827
3733,6103
3733,31830
3733,4698
3733,8692
3733,6228
3733,4681
3733,5825
3733,15068
3733,4599
3733,9132
3733,4543
3733,12721
3733,5988
3733,11053
3733,36828
3733,30435
3733,4910
3733,36829
3733,11022
3733,6336
3733,36830
3733,4682
3733,26130
3733,5064
3733,4603
3733,15281
3733,32428
3734,36831
3734,36832
3734,4117
3734,36833
3734,35503
3734,4349
3734,36834
3734,36835
3734,4388
3734,4389
3734,4393
3734,4411
3734,36836
3734,4439
3734,10265
3734,36837
3734,16966
3734,36838
3734,10266
3734,18494
3734,5485
3734,4642
3734,6103
3734,5973
3734,5248
3734,7100
3734,4599
3734,12978
3734,7436
3739,34959
3739,3810
3739,36839
3739,36840
3739,36841
3739,36842
3739,36843
3739,5935
3739,36844
3739,35903
3739,36845
3739,36846
3739,13688
3739,36847
3739,5878
3739,36848
3739,10591
3739,36849
3739,4336
3739,36850
3739,26333
3739,36851
3739,36852
3739,5938
3739,5530
3739,36853
3739,16072
3739,31705
3739,5261
3739,7167
3739,36854
3739,20717
3739,36855
3739,36856
3739,5882
3739,36857
3739,5883
3739,36858
3739,36859
3739,26338
3739,36860
3739,21687
3739,27717
3739,36861
3739,36862
3739,4887
3739,10122
3739,36863
3739,29890
3739,9252
3739,36864
3739,15340
3739,17485
3739,36865
3739,36866
3739,36867
3739,36868
3739,27492
3739,36869
3739,6971
3739,5056
3739,20261
3739,6726
3739,5057
3739,26341
3739,27290
3739,4599
3739,7103
3739,17647
3739,18502
3739,36870
3739,36871
3743,25489
3743,25493
3743,36872
3743,25497
3743,36873
3743,36874
3743,36875
3743,36709
3743,36876
3743,36877
3743,36878
3743,36879
3743,36880
3743,36881
3743,36882
3743,36883
3743,36884
3743,17840
3743,32869
3743,36885
3743,4929
3743,7668
3743,36886
3743,4761
3743,9673
3743,7513
3743,12082
3743,20655
3743,36887
3743,6659
3743,6980
3743,36888
3743,24740
3743,4681
3743,12083
3743,13431
3743,4543
3743,7208
3743,36889
3743,4768
3743,36890
3743,7436
3748,36891
3748,36892
3748,3868
3748,36893
3748,36894
3748,21271
3748,36895
3748,36896
3748,36897
3748,18635
3748,7231
3748,36793
3748,4310
3748,13541
3748,36898
3748,36899
3748,36900
3748,22166
3748,36901
3748,28988
3748,11132
3748,21278
3748,20764
3748,4761
3748,4539
3748,11352
3748,36902
3748,13132
3748,36903
3748,36904
3748,31800
3748,28994
3748,8509
3748,4768
3748,36905
3748,36906
3748,29509
3749,36907
3749,4189
3749,36908
3749,4272
3749,4286
3749,7053
3749,4359
3749,4368
3749,4377
3749,22459
3749,6452
3749,36909
3749,36910
3749,4508
3749,8412
3749,4761
3749,4950
3749,4599
3749,36911
3749,36912
3749,4768
3749,36913
3749,34193
3752,36914
3752,3919
3752,31260
3752,28844
3752,36915
3752,23703
3752,28854
3752,36916
3752,4986
3752,15044
3752,36917
3752,15046
3752,21250
3752,23773
3752,34727
3752,20060
3752,4759
3752,4760
3752,6970
3752,12593
3752,36918
3752,32243
3752,4762
3752,12750
3752,12205
3752,4597
3752,5056
3752,16695
3752,5057
3752,36919
3752,10254
3752,10255
3752,4599
3752,7208
3752,5553
3752,5539
3752,4766
3752,5404
3752,7209
3752,36920
3752,12421
3752,5406
3753,23594
3753,20275
3753,36921
3753,4034
3753,36922
3753,36923
3753,36924
3753,6869
3753,36925
3753,36926
3753,36927
3753,4185
3753,36928
3753,36929
3753,36930
3753,32576
3753,36931
3753,36932
3753,36933
3753,36934
3753,36935
3753,36936
3753,36937
3753,36938
3753,11417
3753,36939
3753,36438
3753,36940
3753,11102
3753,36941
3753,15452
3753,22611
3753,9599
3753,36942
3753,26675
3753,34989
3753,36943
3753,36944
3753,32580
3753,36945
3753,36946
3753,36947
3753,36948
3753,36949
3753,36950
3753,36951
3753,9601
3753,36952
3753,13343
3753,36953
3753,36954
3753,5403
3753,7262
3753,36955
3753,5827
3753,36956
3753,36957
3753,36958
3753,36959
3753,36960
3753,36961
3753,36962
3753,36963
3753,36964
3753,36965
3753,36966
3753,36967
3753,36968
3753,36969
3753,36970
3753,5358
3755,36971
3755,36972
3755,36973
3755,36974
3755,33949
3755,36975
3755,21855
3755,4319
3755,4429
3755,4676
3755,7506
3755,36976
3755,6294
3755,36977
3755,4593
3755,36978
3755,36979
3755,4681
3755,5304
3755,4599
3755,36980
3755,5305
3755,7272
3755,5064
3757,36892
3757,36981
3757,3991
3757,36982
3757,28982
3757,36896
3757,36897
3757,36983
3757,4200
3757,36984
3757,28985
3757,36985
3757,28986
3757,36986
3757,36987
3757,28496
3757,11132
3757,4431
3757,22459
3757,4457
3757,28989
3757,36988
3757,36989
3757,11260
3757,36990
3757,28990
3757,28991
3757,4761
3757,36991
3757,28992
3757,5463
3757,4539
3757,16257
3757,11352
3757,13132
3757,5827
3757,16448
3757,36992
3757,5785
3757,36993
3757,36994
3757,36800
3757,32077
3757,36905
3757,36995
3757,36996
3757,36997
3757,36998
3757,36999
3757,37000
3760,37001
3760,37002
3760,37003
3760,15750
3760,16966
3760,26221
3760,5970
3760,22614
3760,4508
3760,37004
3760,5604
3760,4520
3760,37005
3760,37006
3760,7426
3760,5485
3760,5987
3760,37007
3760,4698
3760,5267
3760,37008
3760,4681
3760,9350
3760,5269
3760,5304
3760,4599
3760,37009
3760,5827
3760,4543
3760,5539
3760,37010
3760,10866
3760,4701
3760,23041
3760,37011
3760,11071
3760,5249
3760,19445
3760,37012
3760,5358
3760,37013
3761,37014
3761,26633
3761,21329
3761,11305
3761,11306
3761,37015
3761,26637
3761,37016
3761,37017
3761,37018
3761,28839
3761,37019
3761,17294
3761,5483
3761,37020
3761,5586
3761,37021
3761,26966
3761,4582
3761,37022
3761,6375
3761,37023
3761,37024
3761,37025
3761,11315
3761,5034
3761,6377
3761,18577
3761,37026
3761,11316
3761,24936
3761,6378
3761,19524
3761,34687
3761,37027
3761,37028
3761,4868
3761,6379
3761,4677
3761,26112
3761,4527
3761,37029
3761,4761
3761,4595
3761,23118
3761,37030
3761,37031
3761,6380
3761,11919
3761,5606
3761,6799
3761,37032
3761,24559
3761,6381
3761,37033
3761,4787
3761,4599
3761,37034
3761,4682
3762,37035
3762,37036
3762,7642
3762,3684
3762,3727
3762,3791
3762,3857
3762,3872
3762,10625
3762,30778
3762,3950
3762,3981
3762,29867
3762,37037
3762,4058
3762,33187
3762,37038
3762,30273
3762,4138
3762,7651
3762,26966
3762,37039
3762,4186
3762,5031
3762,4201
3762,25398
3762,37040
3762,6712
3762,26968
3762,4280
3762,4286
3762,7655
3762,37041
3762,37042
3762,5240
3762,4327
3762,37043
3762,7657
3762,4358
3762,7658
3762,37044
3762,4411
3762,26300
3762,7660
3762,4676
3762,4458
3762,27252
3762,11346
3762,7404
3762,4463
3762,37045
3762,4508
3762,21536
3762,37046
3762,13911
3762,29543
3762,10744
3762,7667
3762,29582
3762,11470
3762,7669
3762,7698
3762,7470
3762,16806
3762,4930
3762,37047
3762,4681
3762,8189
3762,37048
3762,4599
3762,7209
3762,37049
3762,37050
3762,37051
3762,16807
3762,37052
3762,37053
3762,5249
3762,37054
3762,37055
3762,37056
3762,37057
3762,37058
3762,37059
3762,37060
3762,6569
3762,37061
3762,12123
3762,37062
3762,37063
3764,4211
3764,17627
3764,10117
3764,25852
3764,15044
3764,4415
3764,4437
3764,13803
3764,20060
3764,10122
3764,9348
3764,5532
3764,34300
3764,26606
3764,33031
3764,6970
3764,25199
3764,33612
3764,12750
3764,12751
3764,6971
3764,5056
3764,5057
3764,4681
3764,5464
3764,4599
3764,5827
3764,5539
3764,5404
3764,9875
3764,27850
3764,5064
3764,37064
3771,35425
3771,24929
3771,9221
3771,37065
3771,24932
3771,37066
3771,37067
3771,37068
3771,7203
3771,36877
3771,37069
3771,37070
3771,36880
3771,24935
3771,18620
3771,5242
3771,37071
3771,36883
3771,37072
3771,32941
3771,24938
3771,37073
3771,4761
3771,37074
3771,35282
3771,28219
3771,37075
3771,6799
3771,6659
3771,37076
3771,4681
3771,37077
3771,18621
3771,6383
3771,13431
3771,5827
3771,16928
3771,19529
3771,37078
3771,37079
3771,9604
3771,5381
3771,37080
3771,8509
3771,37081
3771,4768
3771,7436
3771,37082
3774,27042
3774,35475
3774,37083
3774,3834
3774,19999
3774,37084
3774,14510
3774,37085
3774,18334
3774,4076
3774,22455
3774,37086
3774,7924
3774,10520
3774,34108
3774,4720
3774,37087
3774,37088
3774,37089
3774,35481
3774,37090
3774,27049
3774,4280
3774,4289
3774,12719
3774,37091
3774,5296
3774,10741
3774,4985
3774,4359
3774,6070
3774,4368
3774,4377
3774,6448
3774,25144
3774,12786
3774,30893
3774,26592
3774,15471
3774,4421
3774,7693
3774,34203
3774,34823
3774,22459
3774,37092
3774,12119
3774,37093
3774,20005
3774,37094
3774,37095
3774,4508
3774,34971
3774,5981
3774,37096
3774,37097
3774,5246
3774,6074
3774,9256
3774,4539
3774,4643
3774,7621
3774,4681
3774,12121
3774,32808
3774,37098
3774,37099
3774,4599
3774,5553
3774,37100
3774,37101
3774,5249
3774,37102
3774,37103
3774,26569
3774,37104
3774,37105
3774,37106
3774,4729
3774,23807
3774,5064
3774,14068
3774,37107
3774,37108
3774,11928
3776,3791
3776,24346
3776,15253
3776,4280
3776,4696
3776,4314
3776,4358
3776,4418
3776,5088
3776,7694
3776,29202
3776,7096
3776,4465
3776,4508
3776,37109
3776,37110
3776,7123
3776,8412
3776,37111
3776,4520
3776,5246
3776,37112
3776,7426
3776,5485
3776,7698
3776,6075
3776,4698
3776,37113
3776,16347
3776,6659
3776,4539
3776,9687
3776,22113
3776,4541
3776,4681
3776,13590
3776,5269
3776,4599
3776,5538
3776,5827
3776,4543
3776,5553
3776,4701
3776,7476
3776,21542
3776,4910
3776,37114
3776,5249
3776,37115
3776,5488
3776,7707
3776,11437
3776,5064
3776,8362
3776,5358
3778,5986
3778,37116
3778,16919
3778,24522
3778,4755
3778,4100
3778,4757
3778,22093
3778,22165
3778,5350
3778,9381
3778,10741
3778,37117
3778,4358
3778,15708
3778,5261
3778,37118
3778,7580
3778,21620
3778,27282
3778,16501
3778,37119
3778,6247
3778,4520
3778,4677
3778,5246
3778,7668
3778,34662
3778,5987
3778,32504
3778,29213
3778,5606
3778,4930
3778,4681
3778,18022
3778,4599
3778,5538
3778,5827
3778,9351
3778,4543
3778,6330
3778,5539
3778,15711
3778,12724
3778,26868
3778,12168
3778,37120
3778,4805
3778,37121
3780,3588
3780,3683
3780,3825
3780,37122
3780,3945
3780,36134
3780,6002
3780,4003
3780,18314
3780,4121
3780,16958
3780,17628
3780,5086
3780,4289
3780,4349
3780,4359
3780,4368
3780,4377
3780,4378
3780,4393
3780,4428
3780,4437
3780,4439
3780,4446
3780,4458
3780,7096
3780,8915
3780,7468
3780,5981
3780,8188
3780,37123
3780,4593
3780,4679
3780,7099
3780,37124
3780,5493
3780,4698
3780,6980
3780,9952
3780,4681
3780,4599
3780,5827
3780,4543
3780,5553
3780,7475
3780,37125
3780,37126
3780,5007
3780,21965
3780,36242
3780,4768
3780,37127
3780,5064
3780,7113
3780,5406
3784,6059
3784,3873
3784,18557
3784,4186
3784,6562
3784,4216
3784,4250
3784,4251
3784,4298
3784,5054
3784,37128
3784,3813
3784,9342
3784,4420
3784,9343
3784,37129
3784,20181
3784,7096
3784,7506
3784,37130
3784,37131
3784,4508
3784,4511
3784,4593
3784,37132
3784,4524
3784,37133
3784,5485
3784,37134
3784,5987
3784,4698
3784,25799
3784,5267
3784,4681
3784,5269
3784,4599
3784,4543
3784,10866
3784,4701
3784,5486
3784,4910
3784,4873
3784,5249
3784,23630
3784,5064
3784,28429
3784,8362
3788,3946
3788,3988
3788,3918
3788,30884
3788,37135
3788,37136
3788,36581
3788,37137
3788,4189
3788,30380
3788,17198
3788,5086
3788,4359
3788,4368
3788,4377
3788,6448
3788,17853
3788,22924
3788,6452
3788,7425
3788,7426
3788,29815
3788,5827
3788,7475
3788,4768
3788,10092
3788,17946
3789,22453
3789,25245
3789,3974
3789,36766
3789,4050
3789,37138
3789,37139
3789,4223
3789,34210
3789,37140
3789,25252
3789,37141
3789,37142
3789,4340
3789,37143
3789,37144
3789,36770
3789,31790
3789,36771
3789,37145
3789,34216
3789,34217
3789,16441
3789,31791
3789,37146
3789,30683
3789,37147
3789,31793
3789,37148
3789,37149
3789,31846
3789,4521
3789,37150
3789,4761
3789,31795
3789,4539
3789,37151
3789,11352
3789,5827
3789,16448
3789,37152
3789,19920
3789,8509
3789,4768
3789,37153
3789,37154
3791,37155
3791,37156
3791,37157
3791,37158
3791,5874
3791,24468
3791,34548
3791,37159
3791,4368
3791,37160
3791,25145
3791,37161
3791,5374
3791,37162
3791,37163
3791,37164
3791,16253
3791,27180
3791,37165
3791,37166
3791,4539
3791,28499
3791,7792
3791,4599
3791,9604
3791,5381
3791,8509
3791,4768
3793,3988
3793,34545
3793,33988
3793,37167
3793,37168
3793,16847
3793,34546
3793,11858
3793,25714
3793,29136
3793,25716
3793,37169
3793,32397
3793,31012
3793,31013
3793,10741
3793,7053
3793,4350
3793,25721
3793,37170
3793,37171
3793,37172
3793,34550
3793,31016
3793,37173
3793,13934
3793,31017
3793,5821
3793,34552
3793,31019
3793,31020
3793,37174
3793,34553
3793,28072
3793,32398
3793,4599
3793,37175
3793,25508
3793,32880
3793,23206
3793,31021
3793,6006
3793,4768
3793,11868
3793,37176
3793,37177
3793,6200
3795,6059
3795,5172
3795,37178
3795,26578
3795,37179
3795,37180
3795,6904
3795,15628
3795,26931
3795,6721
3795,4755
3795,37181
3795,5586
3795,35177
3795,37182
3795,26586
3795,37183
3795,37184
3795,34109
3795,37185
3795,4582
3795,37186
3795,32654
3795,36418
3795,20919
3795,20920
3795,9065
3795,37187
3795,4411
3795,31767
3795,37188
3795,32659
3795,24150
3795,34120
3795,37189
3795,20428
3795,20180
3795,33074
3795,37190
3795,37191
3795,14835
3795,20930
3795,37192
3795,34122
3795,20931
3795,13326
3795,4761
3795,20444
3795,18443
3795,12163
3795,14547
3795,14837
3795,20933
3795,32437
3795,4681
3795,32665
3795,32666
3795,4787
3795,7361
3795,4699
3795,5538
3795,16204
3795,6728
3795,37193
3795,12165
3795,14550
3795,4910
3795,12166
3795,26056
3795,37194
3795,20938
3797,6059
3797,36839
3797,36840
3797,36841
3797,36843
3797,3959
3797,37195
3797,36844
3797,35903
3797,36845
3797,4209
3797,35716
3797,36846
3797,6275
3797,36847
3797,5878
3797,36848
3797,36850
3797,26333
3797,36852
3797,5938
3797,4382
3797,35077
3797,36853
3797,31705
3797,37196
3797,7167
3797,36854
3797,20717
3797,36855
3797,5882
3797,36857
3797,27715
3797,5883
3797,36858
3797,26337
3797,36859
3797,26338
3797,29888
3797,36860
3797,27717
3797,33893
3797,37197
3797,36862
3797,4887
3797,33895
3797,36863
3797,29890
3797,9252
3797,36864
3797,15340
3797,27841
3797,17485
3797,36865
3797,24356
3797,37198
3797,6971
3797,26340
3797,5056
3797,6726
3797,5057
3797,24950
3797,26341
3797,27290
3797,37199
3797,4599
3797,37200
3797,37201
3797,18502
3797,36870
3797,5357
3798,3834
3798,34963
3798,3970
3798,3975
3798,34413
3798,4073
3798,4076
3798,34313
3798,19808
3798,37202
3798,7924
3798,29844
3798,29845
3798,4924
3798,37203
3798,37204
3798,4226
3798,37205
3798,37206
3798,6535
3798,10741
3798,37207
3798,25401
3798,4359
3798,7465
3798,34414
3798,6978
3798,4368
3798,17240
3798,6448
3798,4398
3798,4420
3798,9246
3798,4457
3798,12119
3798,25726
3798,4508
3798,34971
3798,7997
3798,37096
3798,5202
3798,37208
3798,37209
3798,12121
3798,8189
3798,9602
3798,4599
3798,7475
3798,5249
3798,18720
3798,13651
3798,16546
3799,29531
3799,4696
3799,5239
3799,37210
3799,4349
3799,37211
3799,4437
3799,4439
3799,37212
3799,29538
3799,29539
3799,29540
3799,4508
3799,37213
3799,8188
3799,25444
3799,5245
3799,29543
3799,5485
3799,12419
3799,29544
3799,37214
3799,29545
3799,28483
3799,4698
3799,16806
3799,29546
3799,4681
3799,37215
3799,37216
3799,4599
3799,4543
3799,7103
3799,25448
3799,37217
3799,14548
3799,16807
3799,4844
3799,12439
3799,37218
3799,7436
3799,5064
3799,4603
3800,37219
3800,37220
3800,5351
3800,4527
3800,5987
3800,22414
3800,37221
3800,37222
3800,37223
3800,22113
3800,37224
3800,7793
3800,37225
3800,13590
3800,8189
3800,7794
3800,4599
3800,37226
3800,4543
3800,4701
3800,7429
3800,37227
3800,37228
3800,37229
3800,28970
3800,5249
3800,10275
3800,20075
3800,28974
3801,37230
3801,4176
3801,36695
3801,36696
3801,4323
3801,23793
3801,4358
3801,37231
3801,37232
3801,8907
3801,4410
3801,4778
3801,15922
3801,36699
3801,14020
3801,4779
3801,37233
3801,37234
3801,5697
3801,37235
3801,22658
3801,37236
3801,10412
3801,4508
3801,17933
3801,5301
3801,8412
3801,17934
3801,6248
3801,37237
3801,14023
3801,4783
3801,37238
3801,7620
3801,19671
3801,6103
3801,21539
3801,11919
3801,4698
3801,30602
3801,5353
3801,8917
3801,5267
3801,4785
3801,4787
3801,4599
3801,4543
3801,5609
3802,3976
3802,37239
3802,32066
3802,4073
3802,4082
3802,4090
3802,4189
3802,31787
3802,37240
3802,4310
3802,11646
3802,22458
3802,8184
3802,4368
3802,4377
3802,32070
3802,25145
3802,22459
3802,37241
3802,6452
3802,31791
3802,4457
3802,29091
3802,32071
3802,4492
3802,4521
3802,16235
3802,4761
3802,4534
3802,4539
3802,11352
3802,4599
3802,21673
3802,17493
3804,37242
3804,37243
3804,37244
3804,14310
3804,24146
3804,12356
3804,14311
3804,36308
3804,4696
3804,22411
3804,26016
3804,22656
3804,12359
3804,5261
3804,4421
3804,7580
3804,37245
3804,16125
3804,4899
3804,10410
3804,10412
3804,5970
3804,22413
3804,37246
3804,8160
3804,37247
3804,16130
3804,37248
3804,10855
3804,26033
3804,16132
3804,4868
3804,22362
3804,22565
3804,37249
3804,12364
3804,4681
3804,37250
3804,5464
3804,9132
3804,5827
3804,12366
3804,22364
3804,36319
3804,8693
3804,26047
3804,6500
3804,37251
3804,26048
3804,26057
3804,37252
3805,14346
3805,37253
3805,3948
3805,37254
3805,13963
3805,37255
3805,37256
3805,37257
3805,8081
3805,37258
3805,4696
3805,10741
3805,37259
3805,37260
3805,25402
3805,25688
3805,37261
3805,37262
3805,20527
3805,37263
3805,37264
3805,37265
3805,28561
3805,4479
3805,7034
3805,37266
3805,37267
3805,20530
3805,37268
3805,22615
3805,37269
3805,37270
3805,37271
3805,37272
3805,35268
3805,36278
3805,37273
3805,9328
3805,5493
3805,37274
3805,4992
3805,29545
3805,6103
3805,11280
3805,28483
3805,5564
3805,6839
3805,11472
3805,5565
3805,5403
3805,15472
3805,5269
3805,4906
3805,6234
3805,4599
3805,5827
3805,37275
3805,7103
3805,5567
3805,37276
3805,13591
3805,37277
3805,15474
3805,5000
3805,37278
3805,37279
3805,16205
3805,37280
3805,5006
3805,17586
3805,37281
3805,37282
3805,37283
3805,37284
3805,37285
3805,37286
3805,37287
3805,37288
3810,16565
3810,37289
3810,20275
3810,4034
3810,23602
3810,20105
3810,32341
3810,7761
3810,13908
3810,37290
3810,7397
3810,4185
3810,7398
3810,4720
3810,9595
3810,11414
3810,7401
3810,13324
3810,5398
3810,4356
3810,7402
3810,12720
3810,11417
3810,37291
3810,13910
3810,11418
3810,9342
3810,22546
3810,11419
3810,34268
3810,5399
3810,6877
3810,9599
3810,24650
3810,34989
3810,37292
3810,4524
3810,5605
3810,6075
3810,9601
3810,5403
3810,4681
3810,4599
3810,7103
3810,5889
3810,4701
3810,37293
3810,19551
3810,32930
3810,4874
3810,5249
3810,37294
3810,37295
3810,9134
3810,7411
3812,6562
3812,7611
3812,4280
3812,4286
3812,4349
3812,4358
3812,4411
3812,3813
3812,4421
3812,4439
3812,4676
3812,4458
3812,4460
3812,36762
3812,7096
3812,4508
3812,12582
3812,4593
3812,4698
3812,7470
3812,28519
3812,15754
3812,4643
3812,9687
3812,4681
3812,7100
3812,4599
3812,4543
3812,4701
3812,37296
3812,29323
3813,11770
3813,3990
3813,16844
3813,37297
3813,4068
3813,4211
3813,4258
3813,17197
3813,4758
3813,4306
3813,5054
3813,35673
3813,4984
3813,9342
3813,37298
3813,29678
3813,9343
3813,26221
3813,4524
3813,14024
3813,37299
3813,4643
3813,4681
3813,15472
3813,4787
3813,4599
3813,27847
3813,5553
3813,5486
3813,26049
3813,37300
3813,5063
3813,5064
3816,4258
3816,5054
3816,4349
3816,12720
3816,9342
3816,4420
3816,9343
3816,7784
3816,15751
3816,37301
3816,7788
3816,4524
3816,7126
3816,4698
3816,6799
3816,26785
3816,37302
3816,4599
3816,5538
3816,4543
3816,22548
3816,5898
3816,15762
3816,4603
3816,6011
3816,29324
3817,20170
3817,4165
3817,6562
3817,7829
3817,4250
3817,4268
3817,37303
3817,5054
3817,37304
3817,8765
3817,37305
3817,4410
3817,4421
3817,4437
3817,4439
3817,9343
3817,4454
3817,4458
3817,5970
3817,37306
3817,4508
3817,25695
3817,8188
3817,4868
3817,7831
3817,4524
3817,5972
3817,37307
3817,7128
3817,4698
3817,4681
3817,26612
3817,37308
3817,4599
3817,5827
3817,4543
3817,37309
3817,30703
3817,19446
3817,17735
3817,23326
3819,37310
3819,37311
3819,8546
3819,37312
3819,37313
3819,4865
3819,10741
3819,37314
3819,28009
3819,37315
3819,19462
3819,12415
3819,7167
3819,5696
3819,32682
3819,22306
3819,8550
3819,30683
3819,21623
3819,37316
3819,5243
3819,36424
3819,37317
3819,37318
3819,5055
3819,37319
3819,19689
3819,21625
3819,32691
3819,7789
3819,5246
3819,5247
3819,6226
3819,19692
3819,21634
3819,37320
3819,28453
3819,24950
3819,31604
3819,19527
3819,8556
3819,8558
3819,15152
3819,5609
3819,37321
3819,37322
3819,37323
3819,23001
3819,37324
3820,37325
3820,24590
3820,37326
3820,6771
3820,37327
3820,37328
3820,37329
3820,14310
3820,4234
3820,26011
3820,17628
3820,37330
3820,11009
3820,37331
3820,33478
3820,10741
3820,4369
3820,33479
3820,12359
3820,21210
3820,25282
3820,26021
3820,16125
3820,4453
3820,4454
3820,4899
3820,4458
3820,4488
3820,8271
3820,16132
3820,22958
3820,16319
3820,7668
3820,8691
3820,9656
3820,37332
3820,29213
3820,10253
3820,33484
3820,22362
3820,18990
3820,4599
3820,4543
3820,8693
3820,11019
3820,6500
3820,4910
3820,37333
3821,3864
3821,5627
3821,3970
3821,37205
3821,6712
3821,27651
3821,11259
3821,5086
3821,4359
3821,37334
3821,4368
3821,4377
3821,6448
3821,4398
3821,37335
3821,10194
3821,7094
3821,6452
3821,4458
3821,7095
3821,37336
3821,5981
3821,36368
3821,4677
3821,10427
3821,4761
3821,28519
3821,37209
3821,11352
3821,4599
3821,5058
3821,5305
3821,5249
3821,4768
3822,3976
3822,36982
3822,37337
3822,37338
3822,28983
3822,7231
3822,37339
3822,36793
3822,28985
3822,37340
3822,36796
3822,37341
3822,28987
3822,37342
3822,28988
3822,11132
3822,4431
3822,37343
3822,37344
3822,36988
3822,11260
3822,21278
3822,37345
3822,28990
3822,13912
3822,28991
3822,37346
3822,20764
3822,4761
3822,28992
3822,37347
3822,11352
3822,4599
3822,5404
3822,28994
3822,37348
3822,36780
3822,37349
3822,36995
3822,37350
3827,37351
3827,37352
3827,37353
3827,8064
3827,37354
3827,22886
3827,37355
3827,33328
3827,4214
3827,29351
3827,34163
3827,37304
3827,25688
3827,37305
3827,20181
3827,4508
3827,25695
3827,36173
3827,13911
3827,5247
3827,6226
3827,5605
3827,5202
3827,7698
3827,4698
3827,7470
3827,6077
3827,5973
3827,25700
3827,6228
3827,4681
3827,4599
3827,5553
3827,5539
3827,13591
3827,5035
3827,26049
3827,35207
3827,10974
3827,37356
3827,11437
3827,5064
3828,3813
3828,34365
3828,36546
3828,37357
3828,37358
3828,21001
3828,28479
3828,7786
3828,37359
3828,37360
3828,32929
3828,5351
3828,12949
3828,4522
3828,7788
3828,37361
3828,23179
3828,11318
3828,4761
3828,7126
3828,22635
3828,37362
3828,7127
3828,20791
3828,6077
3828,6726
3828,11319
3828,6799
3828,4931
3828,37363
3828,37364
3828,37365
3828,6228
3828,4681
3828,4599
3828,27847
3828,6330
3828,8620
3828,6079
3828,4910
3828,30154
3829,37366
3829,37367
3829,37368
3829,37369
3829,37370
3829,4250
3829,4253
3829,8295
3829,37371
3829,4696
3829,37372
3829,20862
3829,4377
3829,4393
3829,37373
3829,37374
3829,3813
3829,37375
3829,37376
3829,9128
3829,37377
3829,37378
3829,37379
3829,6659
3829,8189
3829,37380
3829,4599
3829,8355
3829,10275
3832,37381
3832,37382
3832,37383
3832,37384
3832,37385
3832,4349
3832,37386
3832,37387
3832,15750
3832,37388
3832,37389
3832,37390
3832,37391
3832,15372
3832,26034
3832,37392
3832,37393
3832,37394
3832,37395
3832,37396
3832,37397
3832,5304
3832,37398
3832,4599
3832,37399
3832,11071
3832,37400
3832,23001
3832,37401
3832,5358
3833,24521
3833,4753
3833,37402
3833,7051
3833,11308
3833,4755
3833,28841
3833,28842
3833,37403
3833,37404
3833,28848
3833,28853
3833,24524
3833,28854
3833,37405
3833,37406
3833,12291
3833,5261
3833,6590
3833,21536
3833,28862
3833,27098
3833,34909
3833,28864
3833,37407
3833,4761
3833,21126
3833,4595
3833,21539
3833,11919
3833,37408
3833,4681
3833,27099
3833,4787
3833,5538
3833,7208
3833,30968
3833,5609
3833,34910
3833,32248
3833,12631
3833,37409
3833,5610
3833,28869
3833,4768
3833,37410
3838,37411
3838,10589
3838,8398
3838,37412
3838,4216
3838,4897
3838,7925
3838,21719
3838,37413
3838,4758
3838,7500
3838,27595
3838,24291
3838,4349
3838,37414
3838,8406
3838,10264
3838,26243
3838,6793
3838,37415
3838,37416
3838,4439
3838,4446
3838,16634
3838,37417
3838,29144
3838,27796
3838,12202
3838,32165
3838,25087
3838,7172
3838,15817
3838,32166
3838,37418
3838,6794
3838,37419
3838,8188
3838,4902
3838,37420
3838,37421
3838,27441
3838,27442
3838,27444
3838,15732
3838,37422
3838,7513
3838,4698
3838,9456
3838,15733
3838,4681
3838,4906
3838,6600
3838,35709
3838,4599
3838,4543
3838,7739
3838,15734
3838,4701
3838,12723
3838,37423
3838,10270
3838,4910
3838,33333
3838,33334
3838,5249
3838,10271
3838,37424
3838,10275
3838,4603
3838,26547
3844,37425
3844,24346
3844,4189
3844,4205
3844,4267
3844,4280
3844,4286
3844,28676
3844,10741
3844,4359
3844,4358
3844,4368
3844,17121
3844,4411
3844,3813
3844,4418
3844,27829
3844,37426
3844,37427
3844,37428
3844,4472
3844,4479
3844,37429
3844,31488
3844,4492
3844,37430
3844,37431
3844,4508
3844,37432
3844,28538
3844,29659
3844,4524
3844,4525
3844,33942
3844,37433
3844,4783
3844,37434
3844,20766
3844,4534
3844,25677
3844,6839
3844,16347
3844,4538
3844,37435
3844,5057
3844,11424
3844,4681
3844,13590
3844,8189
3844,36213
3844,4599
3844,4701
3844,15644
3844,37436
3844,37437
3844,37438
3844,5249
3844,37439
3844,37440
3844,5007
3844,37441
3844,10275
3844,20075
3844,37442
3844,5064
3844,10977
3844,8362
3844,37443
3844,28974
3844,37444
3844,37445
3846,30746
3846,4349
3846,17943
3846,4393
3846,4410
3846,7580
3846,4437
3846,4439
3846,4676
3846,9345
3846,5970
3846,17944
3846,34730
3846,31678
3846,5301
3846,4593
3846,4868
3846,6247
3846,7668
3846,26112
3846,5485
3846,14558
3846,12419
3846,4761
3846,7620
3846,5987
3846,4595
3846,11919
3846,12066
3846,4698
3846,5267
3846,4643
3846,4681
3846,4787
3846,4599
3846,4543
3846,5553
3846,5609
3846,4910
3846,32385
3846,19447
3847,37446
3847,3919
3847,17482
3847,5053
3847,26352
3847,20048
3847,10117
3847,21683
3847,37447
3847,21248
3847,15044
3847,4415
3847,6565
3847,25165
3847,37448
3847,34727
3847,20060
3847,34713
3847,5532
3847,34731
3847,33031
3847,12593
3847,7789
3847,10864
3847,11781
3847,12750
3847,5493
3847,6971
3847,5056
3847,5057
3847,28387
3847,4681
3847,4599
3847,37449
3847,37450
3847,37451
3847,32744
3847,37452
3847,37453
3847,37454
3847,37455
3847,37456
3847,37457
3847,5059
3847,10124
3847,37458
3847,31285
3847,7436
3847,5064
3847,5406
3848,37459
3848,7924
3848,37460
3848,21330
3848,26372
3848,4253
3848,37461
3848,37462
3848,12198
3848,37463
3848,33132
3848,37464
3848,37465
3848,37466
3848,6793
3848,35699
3848,37467
3848,37468
3848,37469
3848,15300
3848,37470
3848,29144
3848,37471
3848,12202
3848,22690
3848,37472
3848,37473
3848,37474
3848,33140
3848,15006
3848,15007
3848,37475
3848,37476
3848,37477
3848,37478
3848,15008
3848,8028
3848,35703
3848,37479
3848,8029
3848,37480
3848,8412
3848,21310
3848,37481
3848,33143
3848,26034
3848,36396
3848,15009
3848,37482
3848,6595
3848,37483
3848,37484
3848,37485
3848,37486
3848,9456
3848,37487
3848,15733
3848,37488
3848,37489
3848,37490
3848,8189
3848,4906
3848,37491
3848,4787
3848,7361
3848,4599
3848,37492
3848,37493
3848,15309
3848,37494
3848,37495
3848,37496
3848,4910
3848,37497
3848,37498
3849,37499
3849,37500
3849,37501
3849,37502
3849,13798
3849,37503
3849,37504
3849,37505
3849,37506
3849,37507
3849,37508
3849,35307
3849,4443
3849,20060
3849,10122
3849,13808
3849,37509
3849,37510
3849,12750
3849,6971
3849,5056
3849,16347
3849,5057
3849,37511
3849,12594
3849,37512
3849,4599
3849,37513
3849,37514
3849,37515
3849,4603
3851,22170
3851,4189
3851,6712
3851,30872
3851,30873
3851,30874
3851,4361
3851,4368
3851,4377
3851,6448
3851,4398
3851,12639
3851,21277
3851,7468
3851,4508
3851,5981
3851,30875
3851,7332
3851,6247
3851,17220
3851,4761
3851,4679
3851,7099
3851,5987
3851,12067
3851,6980
3851,8189
3851,21281
3851,4599
3851,7475
3851,18465
3851,4768
3851,16978
3851,37516
3851,10092
3851,5064
3851,17946
3851,7113
3851,27537
3853,37517
3853,37518
3853,24647
3853,34966
3853,37519
3853,28984
3853,37520
3853,37142
3853,37521
3853,37522
3853,16923
3853,37335
3853,5374
3853,22459
3853,15783
3853,17670
3853,37523
3853,37524
3853,37525
3853,31795
3853,4539
3853,37526
3853,13914
3853,11352
3853,9604
3853,8509
3853,30704
3855,3974
3855,37527
3855,37528
3855,36895
3855,28982
3855,25247
3855,7231
3855,36791
3855,37529
3855,4223
3855,37339
3855,36793
3855,37530
3855,37531
3855,34211
3855,37532
3855,4310
3855,28985
3855,4340
3855,37533
3855,36899
3855,36796
3855,36900
3855,28988
3855,11132
3855,4431
3855,37343
3855,16441
3855,25726
3855,37534
3855,36988
3855,37535
3855,37536
3855,28990
3855,28991
3855,37537
3855,4521
3855,20764
3855,4761
3855,37538
3855,37539
3855,28992
3855,4539
3855,7100
3855,11352
3855,5827
3855,16448
3855,28994
3855,8509
3855,37540
3855,4768
3855,36995
3855,36906
3855,29509
3859,32089
3859,30273
3859,37541
3859,7651
3859,21530
3859,34184
3859,26966
3859,34291
3859,37039
3859,37542
3859,4757
3859,37543
3859,37544
3859,37545
3859,16308
3859,37546
3859,17128
3859,26352
3859,37547
3859,37548
3859,26968
3859,17129
3859,4758
3859,31817
3859,4303
3859,7655
3859,7657
3859,7658
3859,37549
3859,37550
3859,12291
3859,15044
3859,7660
3859,37265
3859,37551
3859,37552
3859,7404
3859,16853
3859,37553
3859,34713
3859,37554
3859,37555
3859,4904
3859,8412
3859,37556
3859,26356
3859,4678
3859,7669
3859,36817
3859,4595
3859,4870
3859,37557
3859,6103
3859,31830
3859,31077
3859,8692
3859,4930
3859,4681
3859,4787
3859,4599
3859,5553
3859,5486
3859,4910
3859,5249
3859,37558
3859,29590
3863,18822
3863,3400
3863,37559
3863,3859
3863,37560
3863,34866
3863,3997
3863,37561
3863,34870
3863,37562
3863,31379
3863,24832
3863,4186
3863,4189
3863,33938
3863,37563
3863,10904
3863,4234
3863,4758
3863,4307
3863,5054
3863,10591
3863,4349
3863,14896
3863,37564
3863,37565
3863,12399
3863,7249
3863,4393
3863,37566
3863,37567
3863,5261
3863,9246
3863,4437
3863,4439
3863,9343
3863,37568
3863,4458
3863,5883
3863,29202
3863,7096
3863,4484
3863,13584
3863,5970
3863,37569
3863,37570
3863,7665
3863,21917
3863,8188
3863,13972
3863,7123
3863,9348
3863,4593
3863,4868
3863,9251
3863,21310
3863,4524
3863,11747
3863,4783
3863,9256
3863,29545
3863,24884
3863,4698
3863,37571
3863,25677
3863,5973
3863,5057
3863,16138
3863,4681
3863,4599
3863,4543
3863,9460
3863,5553
3863,14388
3863,37572
3863,4910
3863,5249
3863,14702
3863,37573
3863,37574
3863,23807
3863,5898
3863,5063
3863,37575
3863,16208
3863,5064
3863,37576
3864,34959
3864,6059
3864,4087
3864,9243
3864,21503
3864,9244
3864,4268
3864,37577
3864,10591
3864,37578
3864,37579
3864,37580
3864,9245
3864,30814
3864,37581
3864,4460
3864,5883
3864,7506
3864,13584
3864,6724
3864,15923
3864,6320
3864,14557
3864,24556
3864,7123
3864,11052
3864,4868
3864,5971
3864,6247
3864,8412
3864,6248
3864,5485
3864,9413
3864,9256
3864,9257
3864,37582
3864,4698
3864,6077
3864,5267
3864,5354
3864,11424
3864,22565
3864,9260
3864,10398
3864,34023
3864,6228
3864,7100
3864,15497
3864,5304
3864,4599
3864,5827
3864,9351
3864,4543
3864,10866
3864,37583
3864,20626
3864,23531
3864,23630
3864,5064
3865,4753
3865,5747
3865,24717
3865,5085
3865,34054
3865,30746
3865,3985
3865,37584
3865,27310
3865,4086
3865,37585
3865,25280
3865,37586
3865,37587
3865,4720
3865,37588
3865,31380
3865,19988
3865,6712
3865,28849
3865,37589
3865,5086
3865,33764
3865,4289
3865,37590
3865,8404
3865,35344
3865,23793
3865,4984
3865,10741
3865,4985
3865,4359
3865,24524
3865,33434
3865,28214
3865,4368
3865,19989
3865,16469
3865,19990
3865,19991
3865,28911
3865,10264
3865,7764
3865,5261
3865,17584
3865,14515
3865,4437
3865,37591
3865,23704
3865,5034
3865,37592
3865,7054
3865,37593
3865,7789
3865,16475
3865,5485
3865,4761
3865,5126
3865,5606
3865,4698
3865,19526
3865,4539
3865,27311
3865,6381
3865,4681
3865,37594
3865,4787
3865,22079
3865,7056
3865,10751
3865,4599
3865,13431
3865,16928
3865,19529
3865,37595
3865,5609
3865,19530
3865,10223
3865,26049
3865,5249
3865,8509
3865,4768
3865,12297
3865,31635
3867,4100
3867,5874
3867,4230
3867,32187
3867,33939
3867,13280
3867,7611
3867,4286
3867,10741
3867,4340
3867,4352
3867,4364
3867,15708
3867,4411
3867,7167
3867,7660
3867,4457
3867,29202
3867,22658
3867,29093
3867,7098
3867,27834
3867,4868
3867,32644
3867,7669
3867,4761
3867,7620
3867,7791
3867,33943
3867,5606
3867,5973
3867,4643
3867,10398
3867,4681
3867,7100
3867,4599
3867,5827
3867,4543
3867,5035
3867,4910
3867,26979
3878,13214
3878,37596
3878,13235
3878,5986
3878,37597
3878,37598
3878,37599
3878,37600
3878,37601
3878,11154
3878,5627
3878,9911
3878,37602
3878,37603
3878,26878
3878,37604
3878,13123
3878,4755
3878,37605
3878,7759
3878,14347
3878,37606
3878,6289
3878,36725
3878,37607
3878,6120
3878,13243
3878,37608
3878,37609
3878,31546
3878,4720
3878,4582
3878,7231
3878,37240
3878,37610
3878,8902
3878,29344
3878,34526
3878,17986
3878,6290
3878,4241
3878,37611
3878,11859
3878,37612
3878,37613
3878,37614
3878,13380
3878,20757
3878,13245
3878,9381
3878,37615
3878,4696
3878,18300
3878,10741
3878,37616
3878,13246
3878,6445
3878,4359
3878,12438
3878,37617
3878,4368
3878,37618
3878,36900
3878,31483
3878,37619
3878,13282
3878,36154
3878,6448
3878,15707
3878,25194
3878,10194
3878,37620
3878,16713
3878,7693
3878,19542
3878,22720
3878,37621
3878,33461
3878,37622
3878,29091
3878,22926
3878,26675
3878,7619
3878,18305
3878,8915
3878,36446
3878,7468
3878,25463
3878,37623
3878,5981
3878,37624
3878,5301
3878,30580
3878,21920
3878,10413
3878,6247
3878,10427
3878,14023
3878,29096
3878,4761
3878,5629
3878,8917
3878,15754
3878,7768
3878,6659
3878,6980
3878,10196
3878,17755
3878,6599
3878,37625
3878,4681
3878,21281
3878,4599
3878,5538
3878,37626
3878,21673
3878,8492
3878,4700
3878,31847
3878,4701
3878,6538
3878,37627
3878,37628
3878,37629
3878,25702
3878,35014
3878,37630
3878,4703
3878,9134
3878,37631
3878,37632
3878,4768
3878,4729
3878,12297
3878,37633
3878,5357
3878,7436
3878,5358
3878,37634
3879,21018
3879,37635
3879,37636
3879,37637
3879,37638
3879,37639
3879,37640
3879,24094
3879,37641
3879,37642
3879,9265
3879,9266
3879,9267
3879,14899
3879,14900
3879,37643
3879,27352
3879,37644
3879,37645
3879,37646
3879,37647
3879,37648
3879,37649
3879,37650
3879,37651
3879,37652
3879,37653
3879,9269
3879,4681
3879,26079
3879,14914
3879,37654
3879,37655
3879,4599
3879,5827
3879,37656
3879,4998
3879,4601
3879,4910
3879,6006
3879,4703
3879,37657
3879,27689
3879,37658
3879,27690
3880,37659
3880,19431
3880,37660
3880,4138
3880,4176
3880,37661
3880,34197
3880,4306
3880,4696
3880,22411
3880,23793
3880,24554
3880,37662
3880,14017
3880,37663
3880,4393
3880,4777
3880,37664
3880,4410
3880,29322
3880,4437
3880,4676
3880,26556
3880,4458
3880,4463
3880,4466
3880,7096
3880,37665
3880,14903
3880,29254
3880,17944
3880,16131
3880,8188
3880,13911
3880,4593
3880,4868
3880,8412
3880,17934
3880,21923
3880,27207
3880,7789
3880,4678
3880,7426
3880,4783
3880,5485
3880,4595
3880,11919
3880,32177
3880,37666
3880,5606
3880,4698
3880,24757
3880,7259
3880,11886
3880,37667
3880,18833
3880,4785
3880,5269
3880,4786
3880,5304
3880,4787
3880,4599
3880,4543
3880,5609
3880,26117
3880,5610
3880,5249
3880,37668
3880,16996
3881,6059
3881,23438
3881,18922
3881,10239
3881,3859
3881,3877
3881,3921
3881,3997
3881,9242
3881,16496
3881,35974
3881,4186
3881,4189
3881,14489
3881,6562
3881,4216
3881,4234
3881,9244
3881,4290
3881,4314
3881,4323
3881,4349
3881,22238
3881,4358
3881,10263
3881,12058
3881,15044
3881,5547
3881,4421
3881,29595
3881,7694
3881,4429
3881,4428
3881,4439
3881,26221
3881,7506
3881,4499
3881,4500
3881,4508
3881,6247
3881,5485
3881,14558
3881,6249
3881,4679
3881,22414
3881,4698
3881,5973
3881,4643
3881,10398
3881,4681
3881,24560
3881,5304
3881,4787
3881,4599
3881,4543
3881,21950
3881,6330
3881,5553
3881,5539
3881,15711
3881,12631
3881,14028
3881,23807
3881,10860
3881,5064
3884,37669
3884,37670
3884,37671
3884,37672
3884,37673
3884,37674
3884,37675
3884,37676
3884,37677
3884,37678
3884,37679
3884,10484
3884,37680
3884,37681
3884,37682
3884,37683
3884,37684
3884,37685
3884,37686
3884,37687
3884,37688
3884,37689
3884,37690
3884,37691
3884,37692
3884,37693
3884,37694
3884,37695
3884,37696
3884,37697
3884,27355
3884,37698
3884,37699
3884,28646
3884,17793
3884,6910
3884,14253
3884,26034
3884,5822
3884,5533
3884,5247
3884,37700
3884,18589
3884,5535
3884,29216
3884,37701
3884,37702
3884,37703
3884,7100
3884,5827
3884,37704
3884,37705
3884,37706
3884,27689
3884,37707
3884,27690
3884,27860
3884,34404
3884,27862
3887,5627
3887,5563
3887,7759
3887,6289
3887,5749
3887,37708
3887,13243
3887,4720
3887,4924
3887,37709
3887,6533
3887,6290
3887,37611
3887,6712
3887,6535
3887,9653
3887,13245
3887,37710
3887,11863
3887,37711
3887,5372
3887,4985
3887,37712
3887,6445
3887,29920
3887,4359
3887,12438
3887,18301
3887,4368
3887,25502
3887,20328
3887,6448
3887,33505
3887,17853
3887,7764
3887,10194
3887,30892
3887,16233
3887,8485
3887,7693
3887,19542
3887,22720
3887,6452
3887,16965
3887,25726
3887,22926
3887,37713
3887,9345
3887,6537
3887,37714
3887,21909
3887,25643
3887,17840
3887,37715
3887,7468
3887,37095
3887,37716
3887,5981
3887,13912
3887,22927
3887,6247
3887,37717
3887,5302
3887,37718
3887,23474
3887,29096
3887,37719
3887,37720
3887,4761
3887,20143
3887,37721
3887,37722
3887,6659
3887,6980
3887,5269
3887,37723
3887,37724
3887,4599
3887,7900
3887,7208
3887,21673
3887,8492
3887,4700
3887,5305
3887,18598
3887,11282
3887,34947
3887,4703
3887,37725
3887,4729
3887,4768
3887,36247
3887,5357
3887,7436
3888,4578
3888,3947
3888,32433
3888,31330
3888,4100
3888,4191
3888,4216
3888,1537
3888,4250
3888,4267
3888,4290
3888,4314
3888,4349
3888,37726
3888,20885
3888,4393
3888,13248
3888,5547
3888,4421
3888,4428
3888,4437
3888,4439
3888,4446
3888,4454
3888,12639
3888,29202
3888,16966
3888,4475
3888,37727
3888,7096
3888,37728
3888,5970
3888,37729
3888,37730
3888,4499
3888,4500
3888,20865
3888,22614
3888,4508
3888,8188
3888,13911
3888,5351
3888,4593
3888,7424
3888,6278
3888,8412
3888,21740
3888,17312
3888,20892
3888,7426
3888,5485
3888,12419
3888,4679
3888,7427
3888,4533
3888,7791
3888,4698
3888,20868
3888,12011
3888,4643
3888,20869
3888,4681
3888,4599
3888,4543
3888,5553
3888,4701
3888,5249
3888,27689
3888,5063
3888,20232
3888,27690
3888,5064
3888,4603
3888,27860
3888,27862
3888,26514
3893,37731
3893,15779
3893,37732
3893,6712
3893,4696
3893,34564
3893,4368
3893,7203
3893,37733
3893,37734
3893,10194
3893,37735
3893,37736
3893,37737
3893,37738
3893,37739
3893,37740
3893,17220
3893,7099
3893,12121
3893,7101
3893,4599
3893,5249
3893,37741
3893,4768
3893,4729
3896,37742
3896,37743
3896,37744
3896,37745
3896,37746
3896,37747
3896,37748
3896,18462
3896,37749
3896,37750
3896,37751
3896,37752
3896,23525
3896,37753
3896,37754
3896,37755
3896,37756
3896,37757
3896,4821
3896,37758
3896,37759
3896,37760
3896,37761
3896,37762
3896,37763
3896,34044
3896,6004
3896,37764
3896,7793
3896,37765
3896,37766
3896,12562
3896,4599
3896,37767
3896,37768
3896,37769
3896,37770
3896,37771
3896,37772
3896,37773
3896,37774
3896,37775
3896,15908
3896,37776
3896,10699
3896,6006
3896,37777
3896,37778
3896,37779
3896,37780
3898,37781
3898,37782
3898,4280
3898,27728
3898,37783
3898,10741
3898,37784
3898,4439
3898,36856
3898,37785
3898,37786
3898,37787
3898,36027
3898,37788
3898,34743
3898,37789
3898,6321
3898,6798
3898,37790
3898,7513
3898,20655
3898,5973
3898,27290
3898,37791
3898,37792
3898,13809
3898,4599
3898,37793
3898,27522
3898,37794
3898,37795
3898,29426
3898,37796
3900,4250
3900,4290
3900,23793
3900,4349
3900,22238
3900,4388
3900,4393
3900,12058
3900,33176
3900,5547
3900,17584
3900,5261
3900,4421
3900,7167
3900,4437
3900,4439
3900,4676
3900,4446
3900,4499
3900,4508
3900,21106
3900,4593
3900,27207
3900,5246
3900,5485
3900,37797
3900,12419
3900,4679
3900,5987
3900,16203
3900,11919
3900,4698
3900,5973
3900,4643
3900,4599
3900,4543
3900,12420
3900,5035
3900,4910
3900,12421
3900,12072
3900,5064
3900,37798
3900,37799
3904,37800
3904,37801
3904,27220
3904,4248
3904,27221
3904,27222
3904,37802
3904,7928
3904,37803
3904,37804
3904,37805
3904,37806
3904,27224
3904,27225
3904,27226
3904,37807
3904,37808
3904,9256
3904,37809
3904,11919
3904,11424
3904,37810
3904,9260
3904,4681
3904,5464
3904,20452
3904,4599
3904,35618
3904,5553
3904,27228
3904,37811
3904,4910
3904,37812
3904,37813
3904,37814
3905,4435
3905,4439
3905,4454
3905,4457
3905,9225
3905,4510
3905,33942
3905,7425
3905,7426
3905,5485
3905,4679
3905,4533
3905,4698
3905,37815
3905,16643
3905,22113
3905,8189
3905,4599
3905,4543
3905,37816
3905,5553
3905,5539
3905,4701
3905,5486
3905,37817
3905,5249
3905,6081
3905,29225
3905,34165
3905,10275
3905,8362
3906,3860
3906,37446
3906,15412
3906,37818
3906,32237
3906,36915
3906,37819
3906,4327
3906,28854
3906,37447
3906,37820
3906,15044
3906,4415
3906,6565
3906,21250
3906,37821
3906,37822
3906,12591
3906,20060
3906,34713
3906,5532
3906,34300
3906,25199
3906,17314
3906,36815
3906,12750
3906,12751
3906,5056
3906,5057
3906,7471
3906,28866
3906,36616
3906,4681
3906,4599
3906,5827
3906,7208
3906,7209
3906,5035
3906,37823
3906,5406
3907,37824
3907,4122
3907,36292
3907,4185
3907,14489
3907,37825
3907,37826
3907,37827
3907,37828
3907,37829
3907,37830
3907,37831
3907,37832
3907,37833
3907,37834
3907,37835
3907,24293
3907,11839
3907,37836
3907,37837
3907,10664
3907,37838
3907,37839
3907,8689
3907,37840
3907,4998
3907,14315
3908,21499
3908,37841
3908,37842
3908,37843
3908,9243
3908,8900
3908,21845
3908,4184
3908,4189
3908,17257
3908,37844
3908,37845
3908,37846
3908,37847
3908,37848
3908,37849
3908,10406
3908,9244
3908,37850
3908,4268
3908,37851
3908,37852
3908,37853
3908,37854
3908,37855
3908,10591
3908,19437
3908,37856
3908,8907
3908,9245
3908,28626
3908,37857
3908,28627
3908,37858
3908,37859
3908,37860
3908,37861
3908,5088
3908,37862
3908,36628
3908,6979
3908,27223
3908,10409
3908,37863
3908,4460
3908,10410
3908,9345
3908,13584
3908,10411
3908,33894
3908,10412
3908,8915
3908,37864
3908,7665
3908,37865
3908,5301
3908,7123
3908,18015
3908,4868
3908,29436
3908,8412
3908,15116
3908,6592
3908,37866
3908,6248
3908,14023
3908,5485
3908,9256
3908,33482
3908,5987
3908,31362
3908,14848
3908,36192
3908,9257
3908,8917
3908,5536
3908,6498
3908,11886
3908,16138
3908,8189
3908,5269
3908,4599
3908,5538
3908,9460
3908,7104
3908,30837
3908,21967
3908,5898
3909,37867
3909,8611
3909,11617
3909,4258
3909,37868
3909,4696
3909,32824
3909,29648
3909,37869
3909,37870
3909,7120
3909,37871
3909,22547
3909,6126
3909,7785
3909,4508
3909,7788
3909,7126
3909,37872
3909,7127
3909,6799
3909,10966
3909,4599
3909,5827
3909,37873
3909,37874
3909,16808
3909,37875
3909,6130
3909,24525
3909,15432
3909,37876
3909,28075
3909,37877
3909,37878
3909,6136
3909,7436
3909,37879
3909,7799
3909,26793
3910,16988
3910,4176
3910,4189
3910,6562
3910,4267
3910,20017
3910,4349
3910,4393
3910,4410
3910,5547
3910,15922
3910,4437
3910,4439
3910,4779
3910,7096
3910,14903
3910,17933
3910,14285
3910,8412
3910,17934
3910,21923
3910,4678
3910,4783
3910,5485
3910,4595
3910,21539
3910,11919
3910,5607
3910,4785
3910,4786
3910,4787
3910,4599
3910,4543
3910,5609
3910,5610
3910,9136
3911,37880
3911,37881
3911,37882
3911,37883
3911,37884
3911,37885
3911,37886
3911,37887
3911,37888
3911,27223
3911,37889
3911,5299
3911,22996
3911,37890
3911,37891
3911,4868
3911,5971
3911,22999
3911,37892
3911,9260
3911,5464
3911,4599
3911,5827
3911,37893
3911,5553
3911,37894
3911,37895
3911,37896
3911,37897
3911,37898
3911,8989
3911,37899
3911,9826
3911,37900
3911,37901
3911,37902
3911,37903
3911,37904
3911,37905
3911,37906
3912,37907
3912,29173
3912,37908
3912,37909
3912,37910
3912,18563
3912,37911
3912,37912
3912,7420
3912,37913
3912,37914
3912,22630
3912,37691
3912,37915
3912,6909
3912,27348
3912,37916
3912,37917
3912,37918
3912,37919
3912,37920
3912,12948
3912,27355
3912,37921
3912,37922
3912,37923
3912,6910
3912,14253
3912,27512
3912,9656
3912,32490
3912,5534
3912,19390
3912,17798
3912,29216
3912,6077
3912,37924
3912,37925
3912,19391
3912,6228
3912,4681
3912,5537
3912,5827
3912,19396
3912,14256
3912,19233
3912,4910
3912,37926
3913,36522
3913,37927
3913,4180
3913,17482
3913,37928
3913,37929
3913,33012
3913,37930
3913,4758
3913,37931
3913,20667
3913,27944
3913,37932
3913,36804
3913,37933
3913,36526
3913,32140
3913,37934
3913,34236
3913,36807
3913,8685
3913,37935
3913,25165
3913,36528
3913,5696
3913,37936
3913,37937
3913,22490
3913,34531
3913,5599
3913,34712
3913,29655
3913,37938
3913,7098
3913,5055
3913,34532
3913,34298
3913,36530
3913,36812
3913,4508
3913,10266
3913,8688
3913,32049
3913,24324
3913,37939
3913,4904
3913,36814
3913,31280
3913,9128
3913,36815
3913,15732
3913,4595
3913,4870
3913,5493
3913,23497
3913,7471
3913,4643
3913,37940
3913,24966
3913,37941
3913,16856
3913,14761
3913,17427
3913,5268
3913,37942
3913,4681
3913,7100
3913,37943
3913,15308
3913,4599
3913,37944
3913,4910
3913,10271
3913,37945
3913,35050
3913,37946
3913,10775
3913,7436
3913,35394
3913,9678
3916,6059
3916,3992
3916,37297
3916,37947
3916,37948
3916,4258
3916,17197
3916,4306
3916,37949
3916,37950
3916,37951
3916,35296
3916,37952
3916,37953
3916,9342
3916,8157
3916,36495
3916,22546
3916,37954
3916,5883
3916,26221
3916,13584
3916,5600
3916,9248
3916,14903
3916,37955
3916,9250
3916,16501
3916,21106
3916,37956
3916,7123
3916,9349
3916,29436
3916,37957
3916,14835
3916,37958
3916,9252
3916,14024
3916,37959
3916,9254
3916,9256
3916,37809
3916,37960
3916,37961
3916,28940
3916,4595
3916,37962
3916,31143
3916,9257
3916,9258
3916,37963
3916,37964
3916,9259
3916,37965
3916,37966
3916,37967
3916,11424
3916,7173
3916,27844
3916,24966
3916,4785
3916,24560
3916,37968
3916,19591
3916,4786
3916,4787
3916,4699
3916,4599
3916,5538
3916,7103
3916,9460
3916,4871
3916,35669
3916,12631
3916,37969
3916,10860
3916,5064
3917,37970
3917,37971
3917,37972
3917,26877
3917,37602
3917,20748
3917,15696
3917,37973
3917,21270
3917,20749
3917,37974
3917,37975
3917,21272
3917,21273
3917,37976
3917,37977
3917,37978
3917,37979
3917,37980
3917,37981
3917,37982
3917,37983
3917,37984
3917,7231
3917,37985
3917,27591
3917,37986
3917,37987
3917,20755
3917,37988
3917,37989
3917,20756
3917,27593
3917,37990
3917,37991
3917,21275
3917,37992
3917,37993
3917,37994
3917,37995
3917,37996
3917,37997
3917,37998
3917,37999
3917,38000
3917,38001
3917,38002
3917,38003
3917,36900
3917,38004
3917,29605
3917,38005
3917,11132
3917,4430
3917,38006
3917,32994
3917,38007
3917,21277
3917,38008
3917,4480
3917,26881
3917,27972
3917,38009
3917,38010
3917,38011
3917,20762
3917,38012
3917,38013
3917,32644
3917,27077
3917,20764
3917,38014
3917,38015
3917,38016
3917,20765
3917,38017
3917,4761
3917,38018
3917,38019
3917,21280
3917,38020
3917,38021
3917,38022
3917,38023
3917,6599
3917,7100
3917,38024
3917,38025
3917,38026
3917,38027
3917,11352
3917,37723
3917,21281
3917,38028
3917,21282
3917,13132
3917,38029
3917,4599
3917,5827
3917,38030
3917,20767
3917,36904
3917,38031
3917,38032
3917,27610
3917,27937
3917,38033
3917,38034
3917,36906
3917,38035
3917,29509
3917,38036
3917,38037
3917,38038
3917,38039
3921,38040
3921,3611
3921,38041
3921,33619
3921,15918
3921,34480
3921,3893
3921,27203
3921,3923
3921,34481
3921,17927
3921,4099
3921,5587
3921,34485
3921,34487
3921,34489
3921,4176
3921,5589
3921,34490
3921,4582
3921,15920
3921,14461
3921,30314
3921,34491
3921,34492
3921,4280
3921,34494
3921,5592
3921,34495
3921,34497
3921,34498
3921,4777
3921,4410
3921,4421
3921,4439
3921,34502
3921,21104
3921,6318
3921,4779
3921,17932
3921,11915
3921,6377
3921,4458
3921,34503
3921,30316
3921,6590
3921,34505
3921,21904
3921,34506
3921,21908
3921,4508
3921,17933
3921,8412
3921,17934
3921,4678
3921,4783
3921,21539
3921,11919
3921,5606
3921,4698
3921,34510
3921,4681
3921,4785
3921,34511
3921,4786
3921,4787
3921,4599
3921,4543
3921,5609
3921,31351
3921,5610
3921,12615
3925,38042
3925,38043
3925,38044
3925,37341
3925,38045
3925,4354
3925,38046
3925,32537
3925,38047
3925,36710
3925,38048
3925,11132
3925,27972
3925,38049
3925,36714
3925,38050
3925,32644
3925,21279
3925,38015
3925,4761
3925,4679
3925,38051
3925,38052
3925,7100
3925,38053
3925,38054
3925,21281
3925,13941
3925,4599
3925,21285
3926,4135
3926,38055
3926,38056
3926,38057
3926,38058
3926,13282
3926,4396
3926,38059
3926,38048
3926,38047
3926,11132
3926,4480
3926,38060
3926,38061
3926,27972
3926,38062
3926,36714
3926,37097
3926,4761
3926,38063
3926,38064
3926,38065
3926,27800
3926,38051
3926,7100
3926,38066
3926,38067
3926,38053
3926,38054
3926,26540
3926,21285
3928,29342
3928,36707
3928,38068
3928,38069
3928,38070
3928,7203
3928,29421
3928,11101
3928,36711
3928,36713
3928,38071
3928,32869
3928,38072
3928,27841
3928,25283
3928,36717
3928,18398
3928,34538
3928,38073
3928,21281
3928,21282
3928,4599
3928,21673
3928,8492
3928,38074
3928,38075
3928,25508
3928,36721
3928,4768
3928,4603
3932,34107
3932,4186
3932,4194
3932,14489
3932,4259
3932,4317
3932,4349
3932,4359
3932,4358
3932,4368
3932,4354
3932,4393
3932,35940
3932,27436
3932,4421
3932,5088
3932,4428
3932,4437
3932,4439
3932,4676
3932,5696
3932,12639
3932,7096
3932,10412
3932,9454
3932,4499
3932,4508
3932,8188
3932,4593
3932,8412
3932,12419
3932,4679
3932,4698
3932,4643
3932,16138
3932,4681
3932,4599
3932,4543
3932,5553
3932,5539
3932,7430
3932,34165
3932,5064
3933,3801
3933,38076
3933,6002
3933,30884
3933,4103
3933,32767
3933,36581
3933,36582
3933,6712
3933,30380
3933,17198
3933,5086
3933,4289
3933,4984
3933,36586
3933,4359
3933,4368
3933,4377
3933,6448
3933,24197
3933,38077
3933,36588
3933,36589
3933,38078
3933,17853
3933,17854
3933,6452
3933,4458
3933,38079
3933,38080
3933,36595
3933,38081
3933,38082
3933,36597
3933,38083
3933,4761
3933,4679
3933,28519
3933,4539
3933,29815
3933,4599
3933,5827
3933,7208
3933,38084
3933,4768
3933,4729
3933,7436
3933,38085
3934,4349
3934,4382
3934,4393
3934,5547
3934,29595
3934,4437
3934,4439
3934,4446
3934,21687
3934,18579
3934,4593
3934,27841
3934,5485
3934,4761
3934,24356
3934,4698
3934,5057
3934,4643
3934,4681
3934,4599
3934,13431
3934,4543
3934,12420
3934,5035
3934,34382
3934,12421
3934,4910
3934,12072
3934,5064
3935,38086
3935,38087
3935,38088
3935,12435
3935,38089
3935,38090
3935,29527
3935,5563
3935,21697
3935,36258
3935,38091
3935,37256
3935,30587
3935,38092
3935,25126
3935,20523
3935,10591
3935,35673
3935,8066
3935,9870
3935,20525
3935,36263
3935,36265
3935,4405
3935,36266
3935,20527
3935,21698
3935,38093
3935,38094
3935,20181
3935,20528
3935,9409
3935,29352
3935,20530
3935,22615
3935,15834
3935,25696
3935,38095
3935,35268
3935,25698
3935,9410
3935,6074
3935,38096
3935,29545
3935,27881
3935,38097
3935,5564
3935,6839
3935,6726
3935,38098
3935,11472
3935,5565
3935,38099
3935,25700
3935,4681
3935,24560
3935,13590
3935,15472
3935,4599
3935,7103
3935,5553
3935,20532
3935,5567
3935,36283
3935,5486
3935,7430
3935,38100
3935,5898
3935,38101
3936,34959
3936,6059
3936,15037
3936,20048
3936,25850
3936,38102
3936,21683
3936,4865
3936,4327
3936,35348
3936,32659
3936,21685
3936,17634
3936,13803
3936,17635
3936,21687
3936,34727
3936,20060
3936,38103
3936,7665
3936,21688
3936,7696
3936,38104
3936,13734
3936,38105
3936,12749
3936,6970
3936,7789
3936,4761
3936,11781
3936,6619
3936,12750
3936,20066
3936,15063
3936,4596
3936,12751
3936,6971
3936,5056
3936,6077
3936,5057
3936,4643
3936,4681
3936,16476
3936,4951
3936,4599
3936,4910
3936,5064
3937,6562
3937,38106
3937,4326
3937,4349
3937,4377
3937,4386
3937,7249
3937,4393
3937,4411
3937,3813
3937,4437
3937,4439
3937,4676
3937,4446
3937,22173
3937,4463
3937,16872
3937,38107
3937,8188
3937,4593
3937,4678
3937,5485
3937,12419
3937,7099
3937,7791
3937,4698
3937,4681
3937,7100
3937,13590
3937,27100
3937,4599
3937,4543
3937,4701
3937,4910
3937,28501
3937,38108
3937,38109
3937,38110
3937,38111
3937,38112
3937,5357
3937,5064
3937,38113
3937,38114
3937,38115
3938,38116
3938,38117
3938,38118
3938,38119
3938,38120
3938,9244
3938,38121
3938,38122
3938,38123
3938,38124
3938,4460
3938,37955
3938,38125
3938,38126
3938,38127
3938,9254
3938,9256
3938,18444
3938,38128
3938,31143
3938,9258
3938,11424
3938,24560
3938,38129
3938,5898
3938,5064
3941,17624
3941,38130
3941,17627
3941,25850
3941,15040
3941,33065
3941,35445
3941,12719
3941,20053
3941,6070
3941,27730
3941,17630
3941,38131
3941,38132
3941,28384
3941,23010
3941,11778
3941,8685
3941,6565
3941,38133
3941,21685
3941,15493
3941,13801
3941,10248
3941,13802
3941,6968
3941,26814
3941,13733
3941,34136
3941,21687
3941,20060
3941,15054
3941,33286
3941,10122
3941,33031
3941,6970
3941,17636
3941,38134
3941,17485
3941,4869
3941,34650
3941,11781
3941,33094
3941,12750
3941,16203
3941,12751
3941,6103
3941,6971
3941,5056
3941,5057
3941,12594
3941,4681
3941,17641
3941,17642
3941,17494
3941,5063
3941,16208
3941,5064
3945,5086
3945,4696
3945,34970
3945,4359
3945,4368
3945,4377
3945,38135
3945,28911
3945,6448
3945,17853
3945,6071
3945,38136
3945,16234
3945,6452
3945,12119
3945,38137
3945,20005
3945,38138
3945,38139
3945,34971
3945,31166
3945,5981
3945,37096
3945,31394
3945,4761
3945,7099
3945,37208
3945,38140
3945,9602
3945,37098
3945,7101
3945,4599
3945,5827
3945,4543
3945,4701
3945,7474
3945,7475
3945,18719
3945,10605
3945,4768
3949,4090
3949,29082
3949,17986
3949,4239
3949,11861
3949,5086
3949,7052
3949,38141
3949,4319
3949,6445
3949,31547
3949,4359
3949,12438
3949,18301
3949,30874
3949,4368
3949,20328
3949,4377
3949,6448
3949,17121
3949,31938
3949,17853
3949,7764
3949,16233
3949,19542
3949,18002
3949,6292
3949,4492
3949,6294
3949,5981
3949,5351
3949,6247
3949,4761
3949,4539
3949,6980
3949,38142
3949,4599
3949,4543
3949,5305
3949,4768
3951,27017
3951,18487
3951,38143
3951,35291
3951,38144
3951,38145
3951,4696
3951,38146
3951,27825
3951,38147
3951,38148
3951,38149
3951,38150
3951,4452
3951,38151
3951,38152
3951,38153
3951,4472
3951,4475
3951,38154
3951,38155
3951,16925
3951,38156
3951,24324
3951,12401
3951,38157
3951,8412
3951,32173
3951,38158
3951,35676
3951,38159
3951,28116
3951,38160
3951,16856
3951,17427
3951,4681
3951,26486
3951,38161
3951,38162
3951,4599
3951,9132
3951,5827
3951,4543
3951,4701
3951,38163
3951,38164
3951,38165
3951,5249
3951,38166
3951,38167
3951,38168
3951,38169
3951,38170
3951,5785
3951,38171
3951,21296
3951,38172
3951,38173
3951,38174
3951,38175
3954,38176
3954,6824
3954,38177
3954,6274
3954,38178
3954,4086
3954,38179
3954,5873
3954,10940
3954,4186
3954,38180
3954,10904
3954,4206
3954,10591
3954,4349
3954,4359
3954,6978
3954,4368
3954,4377
3954,12786
3954,38047
3954,13584
3954,38181
3954,4508
3954,7123
3954,7425
3954,5485
3954,9256
3954,20766
3954,4698
3954,38182
3954,16347
3954,11424
3954,19591
3954,4765
3954,4599
3954,5827
3954,4543
3954,7103
3954,5889
3954,23322
3954,5249
3954,38183
3954,5898
3954,5064
3954,5010
3957,36454
3957,36455
3957,3811
3957,3834
3957,3864
3957,3975
3957,4073
3957,4720
3957,27651
3957,11259
3957,38184
3957,36458
3957,8066
3957,4359
3957,37334
3957,4361
3957,4368
3957,20328
3957,12720
3957,6448
3957,37335
3957,10194
3957,9342
3957,25690
3957,4420
3957,9343
3957,38185
3957,5981
3957,27838
3957,4677
3957,4524
3957,10427
3957,4761
3957,7099
3957,38186
3957,28519
3957,7768
3957,32636
3957,37209
3957,11352
3957,4599
3957,5058
3957,7475
3957,6459
3957,5249
3957,23630
3957,4768
3957,4729
3957,16978
3957,10092
3957,17946
3957,7113
3961,36766
3961,4106
3961,36768
3961,4223
3961,38187
3961,7052
3961,4286
3961,37140
3961,25252
3961,4340
3961,37143
3961,34213
3961,34215
3961,36729
3961,34216
3961,34217
3961,16441
3961,37146
3961,16443
3961,34218
3961,4508
3961,37148
3961,37149
3961,31846
3961,4521
3961,37150
3961,4761
3961,38188
3961,31795
3961,38189
3961,4539
3961,37151
3961,37526
3961,11352
3961,4599
3961,5827
3961,16448
3961,37152
3961,38190
3961,19920
3961,8509
3961,4768
3961,37153
3962,4073
3962,6712
3962,4355
3962,4359
3962,4368
3962,4377
3962,25145
3962,4427
3962,4457
3962,7468
3962,4508
3962,5981
3962,13912
3962,17220
3962,4761
3962,7099
3962,4534
3962,4539
3962,6980
3962,4599
3962,8492
3962,7475
3962,5249
3962,38191
3962,4768
3962,10092
3962,26808
3962,29923
3962,7113
3962,29924
3963,36445
3963,38192
3963,36725
3963,34526
3963,38193
3963,38194
3963,38195
3963,18301
3963,4368
3963,38196
3963,4377
3963,38197
3963,38198
3963,31767
3963,38199
3963,21432
3963,38200
3963,36446
3963,32073
3963,30580
3963,4761
3963,25283
3963,38201
3963,28072
3963,4539
3963,6598
3963,4681
3963,11352
3963,5304
3963,4599
3963,5827
3963,7264
3963,8492
3963,38202
3963,36447
3963,32758
3963,31773
3965,38203
3965,38204
3965,38002
3965,38205
3965,27596
3965,38206
3965,22459
3965,31792
3965,38207
3965,32073
3965,38208
3965,38209
3965,4761
3965,38210
3965,11352
3965,38211
3965,4599
3965,38212
3965,8509
3965,38213
3965,38214
3966,38215
3966,38216
3966,38217
3966,4349
3966,38218
3966,21875
3966,24893
3966,35398
3966,14961
3966,6246
3966,9345
3966,24556
3966,14023
3966,11919
3966,4698
3966,5355
3966,4681
3966,4599
3966,6330
3966,5064
3968,38219
3968,38220
3968,38221
3968,38222
3968,38223
3968,4280
3968,38224
3968,34434
3968,38225
3968,38226
3968,38227
3968,38228
3968,4421
3968,38229
3968,38230
3968,4427
3968,38231
3968,38232
3968,38233
3968,38234
3968,30832
3968,38235
3968,38236
3968,38237
3968,38238
3968,38239
3968,38240
3968,16873
3968,38241
3968,38242
3968,8187
3968,4499
3968,4508
3968,38243
3968,38244
3968,38245
3968,38246
3968,38247
3968,38248
3968,7425
3968,38249
3968,38250
3968,38251
3968,38252
3968,20633
3968,38253
3968,38254
3968,38255
3968,4534
3968,38256
3968,38257
3968,38258
3968,16347
3968,38259
3968,4643
3968,37223
3968,38260
3968,4599
3968,38261
3968,38262
3968,38263
3968,38264
3968,37050
3968,29221
3968,28567
3968,38265
3968,38266
3968,38267
3968,38268
3968,38269
3968,38270
3968,38271
3968,13650
3968,38272
3968,38108
3968,38273
3968,38274
3968,38275
3968,21642
3968,10971
3968,29225
3968,38276
3968,38277
3968,28568
3968,38278
3968,13652
3968,38279
3968,38280
3968,25413
3968,7432
3968,29157
3968,29226
3968,29227
3968,5064
3968,13658
3968,38281
3968,38282
3968,7437
3971,8900
3971,17257
3971,9379
3971,10405
3971,5968
3971,10406
3971,38283
3971,14015
3971,37854
3971,4316
3971,23793
3971,6070
3971,8907
3971,31039
3971,11156
3971,5261
3971,7580
3971,26068
3971,38284
3971,10410
3971,10411
3971,10412
3971,8915
3971,21920
3971,20866
3971,7668
3971,14023
3971,14848
3971,8917
3971,4930
3971,6598
3971,5827
3971,5609
3971,4844
3971,4910
3971,38285
3971,10414
3971,29231
3971,7436
3973,6712
3973,30380
3973,5086
3973,4758
3973,4984
3973,4349
3973,4355
3973,4359
3973,6978
3973,4368
3973,31483
3973,4377
3973,4378
3973,17853
3973,8485
3973,6452
3973,17300
3973,4457
3973,7172
3973,6794
3973,7468
3973,5981
3973,13912
3973,22927
3973,17220
3973,4761
3973,7099
3973,10269
3973,6980
3973,37209
3973,19672
3973,5269
3973,5304
3973,13809
3973,4599
3973,4543
3973,7264
3973,7208
3973,13811
3973,7475
3973,11282
3973,10271
3973,18675
3973,4768
3973,4729
3973,12297
3973,16978
3973,38286
3973,10092
3973,7113
3975,4350
3975,12438
3975,4368
3975,4377
3975,6448
3975,17853
3975,7422
3975,6452
3975,15338
3975,5981
3975,7425
3975,7099
3975,16347
3975,20836
3975,4539
3975,6980
3975,5304
3975,4599
3975,7264
3975,7475
3975,11071
3975,5249
3975,4768
3975,7113
3975,6011
3975,38287
3977,17942
3977,4234
3977,4306
3977,5054
3977,29153
3977,10741
3977,6070
3977,4387
3977,38288
3977,9342
3977,4420
3977,21508
3977,9343
3977,38289
3977,22546
3977,38290
3977,11468
3977,38291
3977,13584
3977,5055
3977,21536
3977,18442
3977,38292
3977,4868
3977,12949
3977,21740
3977,9252
3977,5246
3977,4524
3977,29096
3977,5987
3977,38293
3977,38294
3977,9601
3977,5973
3977,38295
3977,11424
3977,11886
3977,26185
3977,4681
3977,4787
3977,4599
3977,5538
3977,5827
3977,4543
3977,6728
3977,5553
3977,26289
3977,5486
3977,38296
3977,4910
3977,38297
3977,38298
3977,5898
3977,15762
3977,5064
3980,20546
3980,23140
3980,6532
3980,38299
3980,17834
3980,38300
3980,4924
3980,30887
3980,6533
3980,17765
3980,6535
3980,5372
3980,4985
3980,6291
3980,30892
3980,17353
3980,30713
3980,12031
3980,6536
3980,15956
3980,21655
3980,36885
3980,4677
3980,4761
3980,6296
3980,38301
3980,30897
3980,10180
3980,6980
3980,4599
3980,17356
3980,5827
3980,34638
3980,4824
3980,4768
3980,32786
3980,25131
3980,4826
3980,23326
3984,13797
3984,4140
3984,4186
3984,6562
3984,4216
3984,4696
3984,4314
3984,4349
3984,4393
3984,17853
3984,4411
3984,5547
3984,29595
3984,5088
3984,4437
3984,4439
3984,4446
3984,4676
3984,5970
3984,8188
3984,13911
3984,5351
3984,4868
3984,26034
3984,5246
3984,9501
3984,12419
3984,4761
3984,4679
3984,4595
3984,7791
3984,4698
3984,7470
3984,6077
3984,5267
3984,4643
3984,4681
3984,5269
3984,17771
3984,5304
3984,4599
3984,5538
3984,9132
3984,4543
3984,7264
3984,5553
3984,5539
3984,4701
3984,6079
3984,29279
3984,23041
3984,5000
3984,7430
3984,38302
3984,5249
3984,5785
3984,26980
3984,10089
3984,4768
3984,7436
3984,28693
3984,5064
3984,38303
3985,38304
3985,4328
3985,14462
3985,10194
3985,22412
3985,38305
3985,12640
3985,20260
3985,21436
3985,38306
3985,38307
3985,38308
3985,38309
3985,5351
3985,4513
3985,4520
3985,38310
3985,34090
3985,21926
3985,38311
3985,5987
3985,18019
3985,21933
3985,28072
3985,12011
3985,13344
3985,18833
3985,38312
3985,4681
3985,30697
3985,5269
3985,5304
3985,4599
3985,18024
3985,9351
3985,7264
3985,5553
3985,5539
3985,10866
3985,15711
3985,38313
3985,5249
3985,36250
3985,5064
3990,38314
3990,3958
3990,4121
3990,38315
3990,38316
3990,38317
3990,38318
3990,6712
3990,38319
3990,38320
3990,4301
3990,4314
3990,4322
3990,4335
3990,34707
3990,4350
3990,38321
3990,4359
3990,4365
3990,6978
3990,4368
3990,4377
3990,38322
3990,38323
3990,17853
3990,11778
3990,17854
3990,38324
3990,38325
3990,6452
3990,4457
3990,33285
3990,38326
3990,38139
3990,4508
3990,13912
3990,10744
3990,4524
3990,7426
3990,5485
3990,22029
3990,7099
3990,4870
3990,5493
3990,29213
3990,20445
3990,38327
3990,4533
3990,34553
3990,33078
3990,38328
3990,5304
3990,4599
3990,4543
3990,7264
3990,4601
3990,19552
3990,23630
3990,4768
3992,38329
3992,38330
3992,4286
3992,4364
3992,38331
3992,18340
3992,4411
3992,3813
3992,18342
3992,38332
3992,4508
3992,38333
3992,5301
3992,13911
3992,6247
3992,8412
3992,38334
3992,38335
3992,4527
3992,5485
3992,9413
3992,37221
3992,7470
3992,4539
3992,38336
3992,7100
3992,5269
3992,5304
3992,4599
3992,5827
3992,38337
3992,38338
3992,38339
3992,38340
3992,38341
3992,38342
3992,38343
3992,38344
3992,38345
3992,38346
3997,21716
3997,38347
3997,13797
3997,4140
3997,24014
3997,4201
3997,6562
3997,4226
3997,4237
3997,38348
3997,10741
3997,24403
3997,12056
3997,38349
3997,4410
3997,4778
3997,21304
3997,4439
3997,4676
3997,4779
3997,4452
3997,16125
3997,4454
3997,24017
3997,12062
3997,29271
3997,23376
3997,4868
3997,8412
3997,4678
3997,6496
3997,4783
3997,15206
3997,4679
3997,26798
3997,12066
3997,15496
3997,4698
3997,23377
3997,6498
3997,4681
3997,4787
3997,4599
3997,4543
3997,6728
3997,5609
3997,5610
3997,12615
3997,12226
3997,23379
3997,38350
4000,38351
4000,17411
4000,38352
4000,38353
4000,38354
4000,38355
4000,38356
4000,38357
4000,25215
4000,9769
4000,38358
4000,38359
4000,38360
4000,4638
4000,4639
4000,38361
4000,38362
4000,38363
4000,38364
4000,4592
4000,21774
4000,15055
4000,35845
4000,38365
4000,38366
4000,38367
4000,38368
4000,25216
4000,29166
4000,38369
4000,23841
4000,5971
4000,38370
4000,32943
4000,6074
4000,21775
4000,5485
4000,35614
4000,31362
4000,38371
4000,9257
4000,32018
4000,38372
4000,38373
4000,38374
4000,38375
4000,5827
4000,35618
4000,4543
4000,5553
4000,19233
4000,4601
4000,4910
4000,10860
4000,38376
4000,38377
4000,38378
4002,10391
4002,30313
4002,9378
4002,38379
4002,4211
4002,9379
4002,5968
4002,38380
4002,9339
4002,38381
4002,9407
4002,4306
4002,5054
4002,29153
4002,21870
4002,38382
4002,10394
4002,11156
4002,7167
4002,7580
4002,9343
4002,6292
4002,38291
4002,9384
4002,13584
4002,10412
4002,5970
4002,8915
4002,6294
4002,7665
4002,5351
4002,4513
4002,4868
4002,5246
4002,38383
4002,7668
4002,6249
4002,35010
4002,5987
4002,21932
4002,8917
4002,10195
4002,38384
4002,5973
4002,11424
4002,4681
4002,32453
4002,5269
4002,4599
4002,5538
4002,5827
4002,27847
4002,5553
4002,14548
4002,4910
4002,15762
4002,38385
4007,10509
4007,38386
4007,38387
4007,38388
4007,6765
4007,38389
4007,38390
4007,38391
4007,25681
4007,38392
4007,20159
4007,38393
4007,38394
4007,8755
4007,38395
4007,5966
4007,29530
4007,4189
4007,38396
4007,38397
4007,8765
4007,29535
4007,38398
4007,38399
4007,5088
4007,32270
4007,9871
4007,4508
4007,10595
4007,7128
4007,5269
4007,4599
4007,4871
4007,17072
4007,38400
4007,20874
4007,8362
4009,4201
4009,7052
4009,4985
4009,9562
4009,38401
4009,38402
4009,4421
4009,21620
4009,38403
4009,38404
4009,4868
4009,8412
4009,7668
4009,5485
4009,38405
4009,14558
4009,12419
4009,4761
4009,4679
4009,16203
4009,4698
4009,5353
4009,5267
4009,38406
4009,27844
4009,10398
4009,5356
4009,18833
4009,24560
4009,5269
4009,27975
4009,4786
4009,5304
4009,4787
4009,4599
4009,4543
4009,38407
4009,5553
4009,8492
4009,5889
4009,38408
4009,12631
4009,6886
4009,38409
4009,38410
4009,38411
4009,4768
4009,7272
4010,31993
4010,31994
4010,33791
4010,26890
4010,33792
4010,33793
4010,31997
4010,38412
4010,33794
4010,31998
4010,31999
4010,26893
4010,26646
4010,32000
4010,32001
4010,9769
4010,26894
4010,32003
4010,22142
4010,32004
4010,32005
4010,32006
4010,38413
4010,35990
4010,38414
4010,17933
4010,32007
4010,32008
4010,26658
4010,26895
4010,32009
4010,32010
4010,33796
4010,32011
4010,32012
4010,32013
4010,38415
4010,33797
4010,32014
4010,32015
4010,32016
4010,32017
4010,32018
4010,32019
4010,4681
4010,33798
4010,32020
4010,32021
4010,5827
4010,5539
4010,5609
4010,26898
4010,38416
4010,32023
4010,33799
4010,32024
4010,26899
4010,32025
4010,32026
4010,32027
4010,38417
4010,32032
4010,33802
4010,32033
4010,33804
4018,38418
4018,4189
4018,4234
4018,5054
4018,4326
4018,38419
4018,3813
4018,9342
4018,4420
4018,14491
4018,4439
4018,9343
4018,22546
4018,38420
4018,5971
4018,4524
4018,9256
4018,4698
4018,11424
4018,6972
4018,4599
4018,5827
4018,4701
4018,11437
4018,5064
4018,8362
4021,23605
4021,4757
4021,32923
4021,23606
4021,6712
4021,4286
4021,38421
4021,7401
4021,38419
4021,38422
4021,23610
4021,38423
4021,17999
4021,3813
4021,38424
4021,4676
4021,38420
4021,9599
4021,38239
4021,36944
4021,38425
4021,8187
4021,13911
4021,38426
4021,5246
4021,36571
4021,5403
4021,13940
4021,38427
4021,7793
4021,38428
4021,4599
4021,38429
4021,9460
4021,26160
4021,38344
4021,5357
4024,4120
4024,21681
4024,38430
4024,33682
4024,15037
4024,5053
4024,10117
4024,38102
4024,4327
4024,6966
4024,21248
4024,13728
4024,27730
4024,15044
4024,4415
4024,3813
4024,4439
4024,4447
4024,21250
4024,33284
4024,21686
4024,13803
4024,28001
4024,20060
4024,4496
4024,34532
4024,4508
4024,27431
4024,10122
4024,27732
4024,38105
4024,34731
4024,38431
4024,33031
4024,6970
4024,12593
4024,7789
4024,17312
4024,7667
4024,5605
4024,38432
4024,5485
4024,34650
4024,29613
4024,25091
4024,22806
4024,38433
4024,12750
4024,38434
4024,38293
4024,31830
4024,5056
4024,16695
4024,5057
4024,12594
4024,27290
4024,4681
4024,4599
4024,5539
4024,37944
4024,12632
4024,38435
4024,4844
4024,38436
4024,16578
4024,38437
4024,38438
4024,38439
4024,38440
4024,38441
4024,38442
4024,38443
4024,38444
4024,38445
4024,32669
4024,38446
4024,35198
4024,31726
4024,38447
4024,15277
4024,5064
4024,10976
4024,38448
4024,5406
4026,4138
4026,34186
4026,4186
4026,7925
4026,4758
4026,4326
4026,4984
4026,4349
4026,4393
4026,4410
4026,4446
4026,7096
4026,5970
4026,4499
4026,38449
4026,24324
4026,4593
4026,4868
4026,4678
4026,4783
4026,5485
4026,18588
4026,24884
4026,11919
4026,4698
4026,38450
4026,4787
4026,4599
4026,4543
4026,5539
4026,38451
4026,5609
4026,29940
4026,17123
4026,16227
4026,23630
4026,10754
4026,5064
4030,24014
4030,7420
4030,34077
4030,4371
4030,38452
4030,4431
4030,4439
4030,4446
4030,4454
4030,4472
4030,6042
4030,17311
4030,6278
4030,18581
4030,8412
4030,5485
4030,17316
4030,7427
4030,18588
4030,38453
4030,4698
4030,27135
4030,22861
4030,20870
4030,4599
4030,4543
4030,36629
4030,17318
4030,5249
4030,38191
4030,17320
4030,23807
4030,37064
4035,38454
4035,29416
4035,29342
4035,32044
4035,38455
4035,37615
4035,38456
4035,38457
4035,38458
4035,38459
4035,6448
4035,33505
4035,11132
4035,36711
4035,32355
4035,22459
4035,38460
4035,38461
4035,38462
4035,6794
4035,14494
4035,38463
4035,38464
4035,32869
4035,38072
4035,34538
4035,13132
4035,4599
4035,4768
4040,4189
4040,4234
4040,4311
4040,4359
4040,6448
4040,33505
4040,17853
4040,38465
4040,19545
4040,13912
4040,19546
4040,7789
4040,4761
4040,38466
4040,14547
4040,38467
4040,4905
4040,38295
4040,32665
4040,7361
4040,4599
4040,16204
4040,5827
4040,19550
4040,38468
4040,7476
4040,19552
4040,38469
4040,4768
4040,12297
4040,38470
4040,38471
4041,12824
4041,12825
4041,38472
4041,17834
4041,30887
4041,31409
4041,17350
4041,6533
4041,15524
4041,6535
4041,17765
4041,38473
4041,30892
4041,17352
4041,12031
4041,10180
4041,30898
4041,12082
4041,17841
4041,4599
4041,38474
4041,38475
4041,28193
4041,4768
4041,17846
4042,38476
4042,4056
4042,38477
4042,38478
4042,38479
4042,38480
4042,38481
4042,12438
4042,4368
4042,6448
4042,38482
4042,38483
4042,38484
4042,38485
4042,38464
4042,37096
4042,8412
4042,22030
4042,6980
4042,4599
4042,7208
4042,4768
4042,38486
4042,38487
4043,38488
4043,38489
4043,38490
4043,38476
4043,4055
4043,38477
4043,38491
4043,29416
4043,38480
4043,38492
4043,38493
4043,38494
4043,12438
4043,38495
4043,11101
4043,38482
4043,38483
4043,38496
4043,28913
4043,31489
4043,38497
4043,38485
4043,38498
4043,38464
4043,32869
4043,7698
4043,36887
4043,6980
4043,38499
4043,4599
4043,4768
4045,38500
4045,4280
4045,4286
4045,4337
4045,4358
4045,8184
4045,12720
4045,4399
4045,38501
4045,38227
4045,3813
4045,30781
4045,38502
4045,30832
4045,38503
4045,38236
4045,8187
4045,38504
4045,4508
4045,11747
4045,7470
4045,7100
4045,4599
4045,38505
4045,38506
4060,6712
4060,4368
4060,4377
4060,7764
4060,25145
4060,22459
4060,4457
4060,16924
4060,11260
4060,31845
4060,38507
4060,4761
4060,4534
4060,38508
4060,4539
4060,4599
4060,8492
4060,5249
4060,8509
4060,4703
4060,4768
4061,38509
4061,38510
4061,20550
4061,38511
4061,38512
4061,6871
4061,38513
4061,38514
4061,38515
4061,38516
4061,38517
4061,30577
4061,38518
4061,38519
4061,38520
4061,27873
4061,38521
4061,38522
4061,38523
4061,38524
4061,38525
4061,38526
4061,38527
4061,38528
4061,38529
4061,38530
4061,38531
4061,38532
4061,38533
4061,38534
4061,20121
4061,38535
4061,38536
4061,38537
4061,38538
4061,38539
4061,38540
4061,38541
4061,38542
4061,38543
4061,38544
4061,38545
4061,38546
4061,38547
4061,38548
4061,38549
4061,38550
4061,38551
4061,38552
4061,38553
4061,38554
4061,38555
4061,38556
4061,38557
4061,38558
4061,38559
4061,38560
4061,38561
4061,38562
4061,21571
4061,38563
4061,38564
4061,11674
4061,36596
4061,38565
4061,38566
4061,38567
4061,38568
4061,30941
4061,7788
4061,38569
4061,38570
4061,38571
4061,38572
4061,38573
4061,4761
4061,38574
4061,38575
4061,38576
4061,38577
4061,5493
4061,38578
4061,38579
4061,38580
4061,38581
4061,38582
4061,38583
4061,4841
4061,38584
4061,4931
4061,38585
4061,38586
4061,38587
4061,34243
4061,5566
4061,38588
4061,4681
4061,38589
4061,26159
4061,38590
4061,38591
4061,38592
4061,21673
4061,5553
4061,38593
4061,8492
4061,27115
4061,38594
4061,38595
4061,7209
4061,38596
4061,11282
4061,38597
4061,38598
4061,5000
4061,38599
4061,38600
4061,38601
4061,38410
4061,38602
4061,38603
4061,38604
4061,5001
4061,31947
4061,38605
4061,4910
4061,10197
4061,35141
4061,38606
4061,38607
4061,38608
4061,4703
4061,38609
4061,30395
4061,4768
4061,38610
4061,38611
4061,38612
4061,31148
4061,38613
4061,4603
4061,19314
4063,22093
4063,4720
4063,20753
4063,38614
4063,10741
4063,38615
4063,11863
4063,4985
4063,18373
4063,7232
4063,7203
4063,6448
4063,38616
4063,14515
4063,9246
4063,22459
4063,25726
4063,15783
4063,7205
4063,38617
4063,16992
4063,21263
4063,38618
4063,22927
4063,38619
4063,19619
4063,17220
4063,7206
4063,38620
4063,7099
4063,10180
4063,38621
4063,12121
4063,36719
4063,24077
4063,24078
4063,4599
4063,24080
4063,7209
4063,7475
4063,24082
4063,24083
4063,38622
4063,26568
4063,18720
4063,23206
4063,38623
4063,26569
4063,37106
4063,4768
4063,12297
4063,24087
4063,13950
4063,7113
4064,4340
4064,19968
4064,4391
4064,4398
4064,25196
4064,31706
4064,38624
4064,17635
4064,21687
4064,38625
4064,25643
4064,31707
4064,21688
4064,4508
4064,38626
4064,6970
4064,4521
4064,31709
4064,19105
4064,25127
4064,11781
4064,20835
4064,5057
4064,4539
4064,38627
4064,31713
4064,4599
4064,11071
4064,5249
4064,4729
4064,5406
4066,32537
4066,38628
4066,38629
4066,38630
4066,38631
4066,38632
4066,4508
4066,38633
4066,38634
4066,38635
4066,38636
4066,38637
4066,4679
4066,4642
4066,4698
4066,38638
4066,38639
4066,35129
4066,9131
4066,5464
4066,38640
4066,4599
4066,38641
4066,5898
4068,4250
4068,4696
4068,4314
4068,10741
4068,38642
4068,31040
4068,4439
4068,26797
4068,4446
4068,29202
4068,16966
4068,9383
4068,5970
4068,4495
4068,4499
4068,4500
4068,7665
4068,4507
4068,4508
4068,13911
4068,11747
4068,5485
4068,4761
4068,4679
4068,34123
4068,6103
4068,5606
4068,4698
4068,5353
4068,6726
4068,5982
4068,5973
4068,10398
4068,18833
4068,4681
4068,5269
4068,4786
4068,36787
4068,5464
4068,4599
4068,4543
4068,6728
4068,5553
4068,38468
4068,4701
4068,5486
4068,38643
4068,4910
4068,7431
4068,5064
4068,21701
4069,28984
4069,4339
4069,31790
4069,38644
4069,36727
4069,25144
4069,36728
4069,36730
4069,37335
4069,38645
4069,31767
4069,32071
4069,32072
4069,32073
4069,8505
4069,24770
4069,4761
4069,38646
4069,13040
4069,4539
4069,20838
4069,12121
4069,11352
4069,8492
4069,38647
4069,20383
4069,31773
4069,36731
4069,26871
4069,20841
4069,11928
4071,38648
4071,38649
4071,4286
4071,28718
4071,38650
4071,4314
4071,4319
4071,9408
4071,17994
4071,4374
4071,4380
4071,13058
4071,4416
4071,4421
4071,38651
4071,10409
4071,4458
4071,12639
4071,10395
4071,21909
4071,18015
4071,38652
4071,5351
4071,4520
4071,10396
4071,38653
4071,19326
4071,34662
4071,38654
4071,25283
4071,28720
4071,21932
4071,38655
4071,36199
4071,10397
4071,6980
4071,4643
4071,13343
4071,10398
4071,9131
4071,4681
4071,7262
4071,4599
4071,18024
4071,29849
4071,26824
4071,5305
4071,4873
4071,5249
4071,4768
4071,29111
4075,38656
4075,38657
4075,38658
4075,38659
4075,38660
4075,38661
4075,38662
4075,38663
4075,38664
4075,38665
4075,38666
4075,38667
4075,38668
4075,38669
4075,38670
4075,4508
4075,12081
4075,38671
4075,38672
4075,24852
4075,38673
4075,7789
4075,38674
4075,38675
4075,38676
4075,38677
4075,38678
4075,38679
4075,38680
4075,38681
4075,10966
4075,38682
4075,38683
4075,4599
4075,13431
4075,21673
4075,38684
4075,4700
4075,38685
4075,38686
4075,38687
4075,26289
4075,38688
4075,38689
4075,38690
4075,38691
4075,38692
4075,38693
4075,38694
4075,38695
4075,38696
4075,38697
4075,38698
4075,38699
4075,38700
4075,38701
4075,38702
4075,38703
4075,4703
4075,33995
4075,38704
4075,38705
4075,38706
4075,38707
4075,38708
4075,38709
4075,38710
4075,38711
4075,17359
4075,38712
4075,38713
4075,38714
4075,27805
4075,38715
4075,38716
4075,38717
4075,38445
4075,38718
4075,38719
4075,38720
4075,38721
4075,38722
4075,38723
4075,38724
4075,38725
4075,4952
4075,38726
4075,38727
4075,38728
4075,38729
4075,38730
4075,38731
4075,38732
4078,31761
4078,38733
4078,38734
4078,38735
4078,38736
4078,38737
4078,38738
4078,38739
4078,38740
4078,12543
4078,38741
4078,13263
4078,38742
4078,38743
4078,38744
4078,38745
4078,38746
4078,38747
4078,38748
4078,38749
4078,26216
4078,38750
4078,38751
4078,38752
4078,38753
4078,38754
4078,38755
4078,38756
4078,24153
4078,38757
4078,38758
4078,38759
4078,38760
4078,38761
4078,38762
4078,38763
4078,24385
4078,20438
4078,10696
4078,26605
4078,38764
4078,19546
4078,8689
4078,37756
4078,38765
4078,4821
4078,10802
4078,33674
4078,38766
4078,32664
4078,38767
4078,38768
4078,23900
4078,19548
4078,36571
4078,13940
4078,7793
4078,32665
4078,34124
4078,21983
4078,7361
4078,6005
4078,16204
4078,19550
4078,38769
4078,38770
4078,38771
4078,7902
4078,38772
4078,10699
4078,38773
4078,38774
4078,38775
4078,38776
4078,38777
4078,38778
4078,38779
4078,38780
4078,22249
4078,37778
4078,38781
4078,38782
4079,15905
4079,26107
4079,38783
4079,26110
4079,4590
4079,30550
4079,4597
4079,4930
4079,4540
4079,8189
4079,4599
4079,5827
4079,8355
4079,5249
4086,4186
4086,14489
4086,34491
4086,4314
4086,4349
4086,4358
4086,4364
4086,4393
4086,4421
4086,7694
4086,4428
4086,4437
4086,4439
4086,4446
4086,4458
4086,29202
4086,7096
4086,4499
4086,38784
4086,4508
4086,4593
4086,35009
4086,7789
4086,5485
4086,4679
4086,5987
4086,4595
4086,4698
4086,5973
4086,4643
4086,24966
4086,6598
4086,18833
4086,4681
4086,15497
4086,5269
4086,4599
4086,4543
4086,5553
4086,4910
4086,7436
4086,5064
4087,3880
4087,4024
4087,6907
4087,4696
4087,4349
4087,6070
4087,15708
4087,4411
4087,5261
4087,7167
4087,7580
4087,29202
4087,4866
4087,34531
4087,5970
4087,4499
4087,5055
4087,5301
4087,4868
4087,5246
4087,7668
4087,6248
4087,6226
4087,4678
4087,38785
4087,5485
4087,6249
4087,12419
4087,7620
4087,5987
4087,38786
4087,21932
4087,8917
4087,10195
4087,5267
4087,5973
4087,10398
4087,34023
4087,4681
4087,7100
4087,5269
4087,5304
4087,4787
4087,4599
4087,4543
4087,6728
4087,20657
4087,6330
4087,16858
4087,5609
4087,12631
4087,5486
4087,5035
4087,5610
4087,4910
4087,16996
4087,5064
4087,4603
4087,8362
4101,38787
4101,4696
4101,9108
4101,38788
4101,37128
4101,38789
4101,27053
4101,5194
4101,37305
4101,38790
4101,38791
4101,38792
4101,8909
4101,38793
4101,18527
4101,38794
4101,38795
4101,38796
4101,38797
4101,20181
4101,26599
4101,38798
4101,5198
4101,18529
4101,38799
4101,25694
4101,5199
4101,38800
4101,18530
4101,38801
4101,38802
4101,25696
4101,36549
4101,38803
4101,25698
4101,13588
4101,5201
4101,5202
4101,38804
4101,38805
4101,5493
4101,5606
4101,18531
4101,27720
4101,13062
4101,5973
4101,8861
4101,11472
4101,22565
4101,27882
4101,4643
4101,25700
4101,4681
4101,5058
4101,5539
4101,13591
4101,38806
4101,38807
4101,5064
4102,38808
4102,24843
4102,20203
4102,4036
4102,10518
4102,38809
4102,15408
4102,38810
4102,25940
4102,12158
4102,15411
4102,38320
4102,6564
4102,32373
4102,13492
4102,4984
4102,32824
4102,4349
4102,38811
4102,35839
4102,11777
4102,20995
4102,38812
4102,20997
4102,37869
4102,8617
4102,37870
4102,7120
4102,38813
4102,37871
4102,6127
4102,38814
4102,7787
4102,7788
4102,7126
4102,6799
4102,4931
4102,26785
4102,8620
4102,4726
4102,38815
4102,38816
4105,31618
4105,38817
4105,38818
4105,31611
4105,38819
4105,4696
4105,38820
4105,38821
4105,38822
4105,33557
4105,38823
4105,38824
4105,33560
4105,36431
4105,4393
4105,15729
4105,38825
4105,3813
4105,5776
4105,38826
4105,38827
4105,38828
4105,38829
4105,4439
4105,4446
4105,22770
4105,38830
4105,33140
4105,38831
4105,38832
4105,21306
4105,38833
4105,38834
4105,38835
4105,5779
4105,38836
4105,32143
4105,38837
4105,38838
4105,38839
4105,38840
4105,13093
4105,38841
4105,33143
4105,26034
4105,38842
4105,7668
4105,38843
4105,20963
4105,38844
4105,38845
4105,26380
4105,38846
4105,4698
4105,6077
4105,15733
4105,9457
4105,38847
4105,38848
4105,38849
4105,38850
4105,6228
4105,33578
4105,38851
4105,38852
4105,4599
4105,38853
4105,4543
4105,38854
4105,7739
4105,7208
4105,5553
4105,15734
4105,4701
4105,38855
4105,38856
4105,38857
4105,38858
4105,33583
4105,38859
4105,24525
4105,38860
4105,33587
4105,34353
4105,33336
4109,38861
4109,38862
4109,38863
4109,38864
4109,11417
4109,29197
4109,38865
4109,5399
4109,38866
4109,6877
4109,38867
4109,6072
4109,27355
4109,14253
4109,38868
4109,17798
4109,29216
4109,37701
4109,5403
4109,4681
4109,5537
4109,4599
4109,38869
4109,14256
4109,14257
4109,6886
4109,17803
4109,38870
4109,14258
4109,14260
4114,4349
4114,4355
4114,9408
4114,34115
4114,4391
4114,31040
4114,38871
4114,32783
4114,21687
4114,14313
4114,4495
4114,5779
4114,4499
4114,4500
4114,21214
4114,34730
4114,26184
4114,4593
4114,4868
4114,21628
4114,7789
4114,5246
4114,7668
4114,5485
4114,4679
4114,38872
4114,5987
4114,19525
4114,5265
4114,34776
4114,12066
4114,5606
4114,4698
4114,7470
4114,16833
4114,38873
4114,5973
4114,5057
4114,4539
4114,4643
4114,8556
4114,4681
4114,4785
4114,19672
4114,10598
4114,4599
4114,4543
4114,6728
4114,26824
4114,6330
4114,5553
4114,5539
4114,4701
4114,12631
4114,5486
4114,5249
4114,30068
4114,5064
4117,38874
4117,38875
4117,20365
4117,38876
4117,38877
4117,38878
4117,38879
4117,38880
4117,38881
4117,38882
4117,38883
4117,38884
4117,38885
4117,38886
4117,38887
4117,38888
4117,38889
4117,38890
4117,31340
4117,38891
4117,38892
4117,38893
4117,31341
4117,38894
4117,38895
4117,26112
4117,31342
4117,38896
4117,31362
4117,31347
4117,4681
4117,4785
4117,31348
4117,30128
4117,4786
4117,4787
4117,5553
4117,38897
4117,38898
4117,38899
4117,38900
4117,38901
4117,38902
4118,4046
4118,17941
4118,5749
4118,6120
4118,38317
4118,13243
4118,8902
4118,38903
4118,4234
4118,6290
4118,6712
4118,4235
4118,6671
4118,37613
4118,5086
4118,4289
4118,13245
4118,37616
4118,4985
4118,29920
4118,4359
4118,35007
4118,12438
4118,18301
4118,4365
4118,4368
4118,12245
4118,20328
4118,13247
4118,4377
4118,4378
4118,31938
4118,17853
4118,38904
4118,10194
4118,38905
4118,16233
4118,7693
4118,19542
4118,22720
4118,4427
4118,6452
4118,38906
4118,4458
4118,38907
4118,4457
4118,16965
4118,38908
4118,38909
4118,7766
4118,38910
4118,37713
4118,38911
4118,18305
4118,38912
4118,4507
4118,38913
4118,5981
4118,36171
4118,13911
4118,38652
4118,5351
4118,13342
4118,38914
4118,38915
4118,38916
4118,4520
4118,29094
4118,36177
4118,38917
4118,4523
4118,38653
4118,5302
4118,11747
4118,7426
4118,5485
4118,37720
4118,38654
4118,4761
4118,38918
4118,4679
4118,25587
4118,38919
4118,4534
4118,36194
4118,36757
4118,21932
4118,38920
4118,16643
4118,38921
4118,10195
4118,36199
4118,36201
4118,38922
4118,38923
4118,4539
4118,38924
4118,33730
4118,32636
4118,13343
4118,38925
4118,38926
4118,10398
4118,36206
4118,21938
4118,36208
4118,38927
4118,7262
4118,38928
4118,5269
4118,36211
4118,38929
4118,38930
4118,36212
4118,5304
4118,36214
4118,38931
4118,6456
4118,38932
4118,4599
4118,4543
4118,7264
4118,38933
4118,29849
4118,38934
4118,38935
4118,4701
4118,38936
4118,38937
4118,38938
4118,5305
4118,23041
4118,38939
4118,17772
4118,19445
4118,11679
4118,38940
4118,17774
4118,4768
4118,29112
4118,4729
4118,36244
4118,23807
4118,38941
4118,38942
4118,36247
4118,7272
4118,5358
4119,38943
4119,30542
4119,38944
4119,38945
4119,38946
4119,29482
4119,38947
4119,38948
4119,38949
4119,34656
4119,29488
4119,38950
4119,18581
4119,38951
4119,38952
4119,29493
4119,38953
4119,38954
4119,7513
4119,38955
4119,38956
4119,38957
4119,38958
4119,38959
4119,18833
4119,38960
4119,17771
4119,6456
4119,4599
4119,38961
4119,38935
4119,38962
4119,38963
4119,38964
4119,38965
4119,38966
4119,29509
4125,4349
4125,38967
4125,4358
4125,4364
4125,4410
4125,37550
4125,38968
4125,22855
4125,5818
4125,4437
4125,4439
4125,5597
4125,34502
4125,4446
4125,38969
4125,12640
4125,34078
4125,38970
4125,4868
4125,8412
4125,26112
4125,4783
4125,9413
4125,38971
4125,5534
4125,4596
4125,4698
4125,14254
4125,4681
4125,4787
4125,4599
4125,4543
4125,6330
4125,4701
4125,5035
4125,5610
4125,4910
4125,5063
4125,37575
4125,5064
4125,38972
4126,36012
4126,36015
4126,36016
4126,34807
4126,36018
4126,36020
4126,14219
4126,4439
4126,6317
4126,36021
4126,36024
4126,36025
4126,36026
4126,36027
4126,36028
4126,36029
4126,6321
4126,7426
4126,36030
4126,5485
4126,36031
4126,6322
4126,36032
4126,36033
4126,36034
4126,36035
4126,6077
4126,36036
4126,6325
4126,22565
4126,36038
4126,36039
4126,8189
4126,36040
4126,36041
4126,13809
4126,4599
4126,36044
4126,8983
4126,4701
4126,6331
4126,36046
4126,4844
4126,8355
4126,10973
4126,36053
4126,20874
4126,36054
4127,38973
4127,4316
4127,4317
4127,36626
4127,8906
4127,4393
4127,38974
4127,38975
4127,4419
4127,36628
4127,4676
4127,7096
4127,35824
4127,10411
4127,10412
4127,5970
4127,38976
4127,8915
4127,38977
4127,12582
4127,21920
4127,10413
4127,4593
4127,37717
4127,7426
4127,36755
4127,14023
4127,14848
4127,4698
4127,8917
4127,5267
4127,14025
4127,4643
4127,34023
4127,4599
4127,9132
4127,5827
4127,4543
4127,5249
4127,5064
4127,21701
4130,38978
4130,27409
4130,38979
4130,38980
4130,4437
4130,4588
4130,4589
4130,38981
4130,38982
4130,38983
4130,34464
4130,5779
4130,8271
4130,34465
4130,32741
4130,15224
4130,38984
4130,32125
4130,4594
4130,34470
4130,4595
4130,38985
4130,38986
4130,26040
4130,24535
4130,34472
4130,32408
4130,22565
4130,38987
4130,4598
4130,27099
4130,4906
4130,4787
4130,38988
4130,38989
4130,4599
4130,38990
4130,5827
4130,5553
4130,5539
4130,38991
4130,6079
4130,30969
4130,4600
4130,5610
4130,38992
4130,10858
4140,32397
4140,31013
4140,4350
4140,9497
4140,4359
4140,31014
4140,38993
4140,31016
4140,31017
4140,4677
4140,5821
4140,25506
4140,31019
4140,31020
4140,38994
4140,38995
4140,28072
4140,32398
4140,7793
4140,34555
4140,4599
4140,38996
4140,26049
4140,38997
4140,5249
4140,23206
4140,31021
4140,37106
4140,4768
4140,38998
4142,6905
4142,4209
4142,38999
4142,32655
4142,33067
4142,32657
4142,32658
4142,33183
4142,32660
4142,4676
4142,32661
4142,39000
4142,39001
4142,32662
4142,39002
4142,39003
4142,32742
4142,20438
4142,5485
4142,20444
4142,22414
4142,14547
4142,4533
4142,32664
4142,36427
4142,4599
4142,16204
4142,4543
4142,4871
4142,5357
4146,32187
4146,39004
4146,39005
4146,4323
4146,39006
4146,39007
4146,5261
4146,39008
4146,39009
4146,39010
4146,25085
4146,39011
4146,25087
4146,5970
4146,39012
4146,4506
4146,22614
4146,4508
4146,27834
4146,21764
4146,39013
4146,39014
4146,4868
4146,4677
4146,5246
4146,39015
4146,39016
4146,12419
4146,5987
4146,39017
4146,39018
4146,39019
4146,25092
4146,6726
4146,4930
4146,39020
4146,4681
4146,4599
4146,39021
4146,27525
4146,39022
4146,39023
4147,4302
4147,39024
4147,4382
4147,6100
4147,38630
4147,21722
4147,38631
4147,39025
4147,36641
4147,38632
4147,39026
4147,38633
4147,13911
4147,19546
4147,31362
4147,29213
4147,39027
4147,4642
4147,39028
4147,8692
4147,7428
4147,5464
4147,4599
4147,4601
4147,16208
4148,17627
4148,5053
4148,39029
4148,24933
4148,39030
4148,5530
4148,13728
4148,39031
4148,19522
4148,35439
4148,39032
4148,39033
4148,39034
4148,34727
4148,20060
4148,21688
4148,10122
4148,33028
4148,5532
4148,34731
4148,12749
4148,6970
4148,16475
4148,39035
4148,4761
4148,11781
4148,12750
4148,12751
4148,35282
4148,39036
4148,6971
4148,5056
4148,5057
4148,12594
4148,39037
4148,4681
4148,19528
4148,7056
4148,4599
4148,13431
4148,5827
4148,39038
4148,19529
4148,27450
4148,5539
4148,5609
4148,5404
4148,39039
4148,5406
4152,39040
4152,4268
4152,39041
4152,38382
4152,14017
4152,36733
4152,33889
4152,7249
4152,9245
4152,39042
4152,31928
4152,4676
4152,9343
4152,4452
4152,4454
4152,4466
4152,7096
4152,9345
4152,29093
4152,39043
4152,17944
4152,39044
4152,27835
4152,8412
4152,39045
4152,39046
4152,4783
4152,5485
4152,6249
4152,39047
4152,10593
4152,39048
4152,10594
4152,39049
4152,39050
4152,4698
4152,33613
4152,24950
4152,10397
4152,9260
4152,19465
4152,4599
4152,4543
4152,20934
4152,31108
4153,39051
4153,39052
4153,39053
4153,36492
4153,39054
4153,39055
4153,39056
4153,39057
4153,32903
4153,39058
4153,4393
4153,39059
4153,39060
4153,39061
4153,39062
4153,5531
4153,30250
4153,39063
4153,39064
4153,39065
4153,39066
4153,39067
4153,7663
4153,39068
4153,39069
4153,36811
4153,39070
4153,39071
4153,4506
4153,22614
4153,4508
4153,27834
4153,39072
4153,39073
4153,39074
4153,39075
4153,37921
4153,4868
4153,39076
4153,18585
4153,39077
4153,5534
4153,29215
4153,10269
4153,4698
4153,18593
4153,29216
4153,39078
4153,39079
4153,6077
4153,14254
4153,5973
4153,5057
4153,4681
4153,13809
4153,4599
4153,5538
4153,5827
4153,4543
4153,17802
4154,39080
4154,24094
4154,4358
4154,9408
4154,37642
4154,39081
4154,13282
4154,39082
4154,39083
4154,4392
4154,27436
4154,34190
4154,39084
4154,9265
4154,4452
4154,4454
4154,39085
4154,9266
4154,26077
4154,9267
4154,14899
4154,39086
4154,14900
4154,39087
4154,39088
4154,39089
4154,39090
4154,5779
4154,20330
4154,5351
4154,10426
4154,8412
4154,17314
4154,39091
4154,39092
4154,39093
4154,37652
4154,5987
4154,22414
4154,39094
4154,14910
4154,39095
4154,14911
4154,14912
4154,39096
4154,9268
4154,39097
4154,9269
4154,13940
4154,4681
4154,39098
4154,22498
4154,7793
4154,37225
4154,26079
4154,37654
4154,7794
4154,39099
4154,4599
4154,39100
4154,39101
4154,39102
4154,39103
4154,39104
4154,4701
4154,31612
4154,39105
4154,39106
4154,39107
4154,39108
4154,39109
4154,39110
4154,20331
4154,39111
4154,4910
4154,11071
4154,5249
4154,39112
4154,6006
4154,4703
4154,33427
4154,39113
4154,20075
4154,13953
4154,9270
4155,32114
4155,39114
4155,4246
4155,4253
4155,33763
4155,4758
4155,4984
4155,39115
4155,4363
4155,39116
4155,32121
4155,10264
4155,37591
4155,39117
4155,39118
4155,39119
4155,7172
4155,6794
4155,5779
4155,39120
4155,39121
4155,39122
4155,39123
4155,39124
4155,39125
4155,21310
4155,39126
4155,27841
4155,39127
4155,32127
4155,32128
4155,21539
4155,32177
4155,4698
4155,37924
4155,39128
4155,6381
4155,37594
4155,4906
4155,4787
4155,7056
4155,6383
4155,4599
4155,5827
4155,4543
4155,28868
4155,7208
4155,39129
4155,5609
4155,4701
4155,10270
4155,5249
4155,39130
4155,4703
4155,10707
4155,4768
4155,34165
4155,39131
4156,4393
4156,39132
4156,39133
4156,4439
4156,39134
4156,30683
4156,4499
4156,4507
4156,39135
4156,26603
4156,39136
4156,4523
4156,5485
4156,7669
4156,5202
4156,6566
4156,4679
4156,38805
4156,4698
4156,7470
4156,4643
4156,13590
4156,5269
4156,4599
4156,4543
4156,39137
4156,28361
4156,13591
4156,5486
4156,4910
4156,29222
4156,5249
4156,39138
4161,39139
4161,39140
4161,39141
4161,39142
4161,39143
4161,39144
4161,20425
4161,39145
4161,39146
4161,39147
4161,39148
4161,39149
4161,39150
4161,6102
4161,39151
4161,20440
4161,20441
4161,39152
4161,39153
4161,18191
4161,39154
4161,39155
4161,39156
4161,39157
4161,39158
4161,39159
4161,39160
4161,39161
4163,17987
4163,4410
4163,4484
4163,8412
4163,17934
4163,7425
4163,4678
4163,4783
4163,5485
4163,20143
4163,30747
4163,11919
4163,4698
4163,31047
4163,27844
4163,18833
4163,4681
4163,4785
4163,9350
4163,5269
4163,39162
4163,4786
4163,5304
4163,4787
4163,4699
4163,4599
4163,4543
4163,15925
4163,5609
4163,35669
4163,12631
4163,6459
4163,5610
4166,39163
4166,34208
4166,6120
4166,20831
4166,4215
4166,25251
4166,34210
4166,39164
4166,34211
4166,9653
4166,34212
4166,39165
4166,13245
4166,25252
4166,4340
4166,37143
4166,39166
4166,39167
4166,5372
4166,34213
4166,39168
4166,34215
4166,25255
4166,31767
4166,39169
4166,39170
4166,34217
4166,16441
4166,22459
4166,37146
4166,16443
4166,39171
4166,21432
4166,25258
4166,19145
4166,18304
4166,18305
4166,39172
4166,36446
4166,32073
4166,11260
4166,37148
4166,34219
4166,31846
4166,4521
4166,10427
4166,39173
4166,39174
4166,39175
4166,4761
4166,25283
4166,39176
4166,28072
4166,6297
4166,26863
4166,4539
4166,11352
4166,4599
4166,21673
4166,8492
4166,31847
4166,39177
4166,16448
4166,8509
4166,23326
4167,4186
4167,33012
4167,32046
4167,4758
4167,14896
4167,31271
4167,36804
4167,37933
4167,36526
4167,36805
4167,32140
4167,39178
4167,36806
4167,34236
4167,36807
4167,16201
4167,36528
4167,37551
4167,37936
4167,10248
4167,37937
4167,39179
4167,22490
4167,32239
4167,39180
4167,34712
4167,16853
4167,34298
4167,36530
4167,36812
4167,34713
4167,32049
4167,24324
4167,37939
4167,36814
4167,10744
4167,31280
4167,32173
4167,35472
4167,36815
4167,4870
4167,5493
4167,23497
4167,7471
4167,16856
4167,14761
4167,15308
4167,4599
4167,35534
4167,5609
4167,12722
4167,26049
4167,10775
4167,31148
4167,34404
4168,13911
4168,35811
4168,4599
4168,39181
4168,39182
4168,5000
4168,39183
4168,39184
4168,7436
4168,39185
4170,39186
4170,39187
4170,39188
4170,36133
4170,39189
4170,39190
4170,37230
4170,39191
4170,29081
4170,36143
4170,39192
4170,4316
4170,4317
4170,39193
4170,4323
4170,4349
4170,8905
4170,37231
4170,30137
4170,39194
4170,39195
4170,4393
4170,31039
4170,38974
4170,10194
4170,8909
4170,36628
4170,4437
4170,4446
4170,6979
4170,39196
4170,29089
4170,29090
4170,39197
4170,39198
4170,10411
4170,5970
4170,39199
4170,38976
4170,8915
4170,8916
4170,39200
4170,8188
4170,14022
4170,21920
4170,10413
4170,4868
4170,11422
4170,14023
4170,4698
4170,8917
4170,4539
4170,39201
4170,39202
4170,9873
4170,7793
4170,4599
4170,4543
4170,5486
4170,39203
4170,39204
4170,39205
4170,39206
4170,5064
4172,16570
4172,23602
4172,4142
4172,39207
4172,21855
4172,9594
4172,27246
4172,11413
4172,7052
4172,11414
4172,15508
4172,4349
4172,32578
4172,5398
4172,32579
4172,16576
4172,4356
4172,4359
4172,9598
4172,4367
4172,7402
4172,11417
4172,4393
4172,27436
4172,27250
4172,17584
4172,11418
4172,5261
4172,9342
4172,4420
4172,7693
4172,25282
4172,4437
4172,37551
4172,11419
4172,6616
4172,6876
4172,27252
4172,5399
4172,6877
4172,9599
4172,13584
4172,39208
4172,5970
4172,39209
4172,4508
4172,5981
4172,16501
4172,6295
4172,13911
4172,4593
4172,4868
4172,26158
4172,7426
4172,11422
4172,7406
4172,4698
4172,10195
4172,5973
4172,10398
4172,5403
4172,4681
4172,9602
4172,21141
4172,4599
4172,5538
4172,4543
4172,5553
4172,7475
4172,5305
4172,5486
4172,19551
4172,39210
4172,5249
4172,7431
4172,4768
4172,5898
4172,37516
4172,7272
4172,5064
4172,39211
4172,39212
4173,29169
4173,39213
4173,39214
4173,4237
4173,4758
4173,20667
4173,4349
4173,4393
4173,35296
4173,10264
4173,5547
4173,21739
4173,5088
4173,4437
4173,4439
4173,7660
4173,4446
4173,39215
4173,39216
4173,39217
4173,7096
4173,10412
4173,4495
4173,6794
4173,4499
4173,10267
4173,8188
4173,12582
4173,24324
4173,4593
4173,5485
4173,12419
4173,5987
4173,4698
4173,39218
4173,4643
4173,24966
4173,16856
4173,14761
4173,35998
4173,4681
4173,15308
4173,4599
4173,4543
4173,5553
4173,38468
4173,7430
4173,4910
4173,11437
4173,5064
4173,31542
4174,39219
4174,5350
4174,39220
4174,7580
4174,39221
4174,39222
4174,6876
4174,20180
4174,10410
4174,22690
4174,6968
4174,39223
4174,39224
4174,39225
4174,39090
4174,10412
4174,39226
4174,13342
4174,4868
4174,39227
4174,4523
4174,11781
4174,26678
4174,4595
4174,5493
4174,39228
4174,6971
4174,21634
4174,39229
4174,23497
4174,8917
4174,6726
4174,11425
4174,5355
4174,39230
4174,6498
4174,5403
4174,18022
4174,39231
4174,4786
4174,39232
4174,4599
4174,39233
4174,5827
4174,20668
4174,5609
4174,39234
4174,39235
4174,39236
4174,39237
4174,34003
4174,4910
4174,39238
4174,4874
4174,39239
4174,39240
4174,39241
4174,39242
4174,39243
4174,39244
4174,37741
4174,39245
4174,39246
4174,38085
4174,5406
4176,29238
4176,27819
4176,3956
4176,8757
4176,3976
4176,3975
4176,3978
4176,3980
4176,3986
4176,3988
4176,3992
4176,39247
4176,3997
4176,19661
4176,4019
4176,4024
4176,4034
4176,3918
4176,31033
4176,16496
4176,4058
4176,39248
4176,39249
4176,4084
4176,33937
4176,16988
4176,13797
4176,4127
4176,4138
4176,4140
4176,24145
4176,13908
4176,4152
4176,35755
4176,24346
4176,39250
4176,4186
4176,4185
4176,5031
4176,4194
4176,6310
4176,26552
4176,14489
4176,11617
4176,6311
4176,4216
4176,4215
4176,7690
4176,39251
4176,4234
4176,4237
4176,16961
4176,4248
4176,4247
4176,4250
4176,4253
4176,5968
4176,4258
4176,17197
4176,9244
4176,4264
4176,4267
4176,34134
4176,4271
4176,33763
4176,5086
4176,4276
4176,29746
4176,4280
4176,4286
4176,4290
4176,4292
4176,31293
4176,4302
4176,5054
4176,21866
4176,4310
4176,29153
4176,4314
4176,4316
4176,4317
4176,4319
4176,4322
4176,4323
4176,10741
4176,28108
4176,4332
4176,4333
4176,11646
4176,4340
4176,9769
4176,22303
4176,4349
4176,4350
4176,22238
4176,4355
4176,8615
4176,4359
4176,4353
4176,14896
4176,27825
4176,4358
4176,9408
4176,4362
4176,4363
4176,39252
4176,10263
4176,39253
4176,4364
4176,6978
4176,4367
4176,4368
4176,4371
4176,4372
4176,12720
4176,17994
4176,4374
4176,4375
4176,4354
4176,4377
4176,27826
4176,4378
4176,37951
4176,4383
4176,34115
4176,39254
4176,4388
4176,4387
4176,7249
4176,39255
4176,4394
4176,4391
4176,4393
4176,26499
4176,12058
4176,4396
4176,4398
4176,39256
4176,4399
4176,4400
4176,4404
4176,4411
4176,25145
4176,35940
4176,27436
4176,34190
4176,4329
4176,37567
4176,35688
4176,4410
4176,5547
4176,39257
4176,4417
4176,27827
4176,3813
4176,5261
4176,4418
4176,9342
4176,4420
4176,4421
4176,29595
4176,6316
4176,39258
4176,7422
4176,4423
4176,14019
4176,29678
4176,4425
4176,4427
4176,4429
4176,4428
4176,5777
4176,4435
4176,25282
4176,4437
4176,4440
4176,4439
4176,4438
4176,4443
4176,6317
4176,39259
4176,27829
4176,4676
4176,4447
4176,4446
4176,27239
4176,9343
4176,22657
4176,21685
4176,6452
4176,4450
4176,4452
4176,4454
4176,4453
4176,39260
4176,30250
4176,20429
4176,39261
4176,4458
4176,12639
4176,4457
4176,4460
4176,4466
4176,27831
4176,4467
4176,10410
4176,29202
4176,22690
4176,37428
4176,4472
4176,16966
4176,19324
4176,24650
4176,4475
4176,4478
4176,21623
4176,4479
4176,39262
4176,7096
4176,26221
4176,4481
4176,4465
4176,4484
4176,39263
4176,39264
4176,39265
4176,39266
4176,22888
4176,39267
4176,27832
4176,31488
4176,27972
4176,4492
4176,15817
4176,36861
4176,27833
4176,10412
4176,5970
4176,4486
4176,4495
4176,20260
4176,39268
4176,5779
4176,4499
4176,9454
4176,4507
4176,4506
4176,22614
4176,4508
4176,27834
4176,17944
4176,10267
4176,27835
4176,9225
4176,39269
4176,4510
4176,11199
4176,20762
4176,21917
4176,8188
4176,39270
4176,12582
4176,37220
4176,5351
4176,13911
4176,4511
4176,4593
4176,39271
4176,39272
4176,4868
4176,18829
4176,4514
4176,10744
4176,8412
4176,21310
4176,28538
4176,29659
4176,4520
4176,21740
4176,4524
4176,38310
4176,4525
4176,11747
4176,33942
4176,17314
4176,7425
4176,7426
4176,11470
4176,5485
4176,4783
4176,14024
4176,9413
4176,12419
4176,4679
4176,39273
4176,5987
4176,24356
4176,20766
4176,20633
4176,6103
4176,18508
4176,4533
4176,4534
4176,17201
4176,4536
4176,39274
4176,29759
4176,4698
4176,35825
4176,16643
4176,6839
4176,6726
4176,39275
4176,16347
4176,5973
4176,4538
4176,5057
4176,9457
4176,4539
4176,39276
4176,4540
4176,9687
4176,16138
4176,4723
4176,18833
4176,4681
4176,19672
4176,13590
4176,8189
4176,7262
4176,39277
4176,4906
4176,36213
4176,5304
4176,39278
4176,4599
4176,5538
4176,4543
4176,38468
4176,15711
4176,4701
4176,5486
4176,5000
4176,37229
4176,4910
4176,5249
4176,12167
4176,16355
4176,23630
4176,7111
4176,17735
4176,4684
4176,10754
4176,19782
4176,21097
4176,29261
4176,16996
4176,34192
4176,39279
4176,4768
4176,19329
4176,39280
4176,39281
4176,23807
4176,34165
4176,31051
4176,5898
4176,28996
4176,10275
4176,5064
4179,33838
4179,26403
4179,39282
4179,34849
4179,39283
4179,33839
4179,25249
4179,39284
4179,25250
4179,39285
4179,39286
4179,39287
4179,33840
4179,39288
4179,25256
4179,39289
4179,4445
4179,39290
4179,39291
4179,33841
4179,39292
4179,18640
4179,28538
4179,39293
4179,39294
4179,34858
4179,4761
4179,39295
4179,33843
4179,39296
4179,39297
4179,18398
4179,39298
4179,5754
4179,5827
4179,39299
4179,39300
4179,39301
4179,39302
4179,39303
4179,39304
4179,39305
4179,39306
4179,39307
4179,39308
4179,39309
4179,39310
4179,7970
4181,14489
4181,17789
4181,4314
4181,22203
4181,4393
4181,3813
4181,4421
4181,4429
4181,4439
4181,4499
4181,4500
4181,4508
4181,20065
4181,39311
4181,5485
4181,4679
4181,16395
4181,6103
4181,5606
4181,4698
4181,8692
4181,5973
4181,4643
4181,4681
4181,4599
4181,4543
4181,5553
4181,5539
4181,29221
4181,21642
4181,29227
4181,39312
4181,31613
4181,5064
4184,39313
4184,39314
4184,39315
4184,18462
4184,31450
4184,35471
4184,20061
4184,39316
4184,9501
4184,4821
4184,22494
4184,39317
4184,39318
4184,39319
4184,4532
4184,39320
4184,6004
4184,36571
4184,39321
4184,39322
4184,7793
4184,21983
4184,39323
4184,39324
4184,26049
4184,9504
4184,39325
4184,39326
4184,39327
4184,39328
4184,35977
4184,35978
4184,6200
4184,39329
4186,39330
4186,37708
4186,36437
4186,4720
4186,20753
4186,17986
4186,39331
4186,39332
4186,37041
4186,18299
4186,39333
4186,11646
4186,4340
4186,39334
4186,4345
4186,4349
4186,36149
4186,4359
4186,4358
4186,12438
4186,35870
4186,39335
4186,4368
4186,12245
4186,20328
4186,13247
4186,4377
4186,10394
4186,6448
4186,4393
4186,17121
4186,21875
4186,38198
4186,17853
4186,39336
4186,4411
4186,18303
4186,39337
4186,18506
4186,3813
4186,5261
4186,18001
4186,4427
4186,4439
4186,39338
4186,39339
4186,19442
4186,39340
4186,39341
4186,14961
4186,4458
4186,12639
4186,4460
4186,11673
4186,39342
4186,9913
4186,16872
4186,39343
4186,39344
4186,7096
4186,21897
4186,38239
4186,6246
4186,39345
4186,9345
4186,39346
4186,39347
4186,14021
4186,18304
4186,18305
4186,35008
4186,8915
4186,6294
4186,39348
4186,4499
4186,38504
4186,4502
4186,39349
4186,5981
4186,39350
4186,5602
4186,4510
4186,38308
4186,5301
4186,35652
4186,28630
4186,19584
4186,37271
4186,18015
4186,5351
4186,39351
4186,14283
4186,13342
4186,39352
4186,39353
4186,4513
4186,7332
4186,6247
4186,38916
4186,37717
4186,35009
4186,4520
4186,39354
4186,39355
4186,39356
4186,4524
4186,10427
4186,5302
4186,38310
4186,19326
4186,14024
4186,6250
4186,39357
4186,12419
4186,12788
4186,4761
4186,22564
4186,25283
4186,35010
4186,5987
4186,9673
4186,39358
4186,22414
4186,29213
4186,20633
4186,4992
4186,38327
4186,4534
4186,20143
4186,5266
4186,24536
4186,5606
4186,4698
4186,39176
4186,36757
4186,21932
4186,5353
4186,16643
4186,6726
4186,8692
4186,16347
4186,5267
4186,5973
4186,14025
4186,4539
4186,10397
4186,6980
4186,9952
4186,39359
4186,4643
4186,10398
4186,9131
4186,5356
4186,39360
4186,13344
4186,4681
4186,18022
4186,24560
4186,39361
4186,28942
4186,5269
4186,17771
4186,36787
4186,26840
4186,6456
4186,4599
4186,18024
4186,39362
4186,4543
4186,12038
4186,27115
4186,21985
4186,10866
4186,36222
4186,15835
4186,4701
4186,18306
4186,38937
4186,5305
4186,32505
4186,6459
4186,5486
4186,39363
4186,32758
4186,17772
4186,39364
4186,39365
4186,39366
4186,39367
4186,39368
4186,39369
4186,39370
4186,5249
4186,39371
4186,39372
4186,39373
4186,39374
4186,6006
4186,4703
4186,39375
4186,39376
4186,27255
4186,39377
4186,21960
4186,19445
4186,39378
4186,39379
4186,26867
4186,11428
4186,39380
4186,11679
4186,39381
4186,39382
4186,17774
4186,39383
4186,39384
4186,4768
4186,23807
4186,34025
4186,37516
4186,21970
4186,39385
4186,31148
4186,39386
4186,39387
4186,15277
4186,39388
4186,39389
4186,5358
4186,39390
4186,29925
4186,39391
4188,4276
4188,4349
4188,4358
4188,4393
4188,24949
4188,4439
4188,4446
4188,21620
4188,7096
4188,7663
4188,6320
4188,7789
4188,7668
4188,5485
4188,4761
4188,22635
4188,34663
4188,29584
4188,4698
4188,24950
4188,4681
4188,39392
4188,39393
4188,4599
4188,5538
4188,4543
4188,24951
4188,4701
4188,5486
4188,39394
4188,4910
4188,5249
4188,24953
4188,23849
4188,39395
4188,5064
4188,39396
4189,33187
4189,4720
4189,4204
4189,29847
4189,4280
4189,4286
4189,39397
4189,4359
4189,4364
4189,19612
4189,4377
4189,4393
4189,39398
4189,4411
4189,39399
4189,39400
4189,39257
4189,3813
4189,4427
4189,4437
4189,4439
4189,39401
4189,6452
4189,4457
4189,18305
4189,4508
4189,5301
4189,39402
4189,13911
4189,37271
4189,24852
4189,7698
4189,4761
4189,38920
4189,4930
4189,4539
4189,39403
4189,36212
4189,4599
4189,5827
4189,39404
4189,11053
4189,39405
4189,5249
4189,39406
4189,4703
4189,39407
4189,39408
4189,17359
4189,39409
4189,4768
4189,4729
4189,5357
4189,39410
4189,39411
4189,39412
4189,39413
4192,4280
4192,4286
4192,39414
4192,4323
4192,10741
4192,8184
4192,10327
4192,39415
4192,39416
4192,7658
4192,4411
4192,3813
4192,4420
4192,8185
4192,39417
4192,37552
4192,39418
4192,4482
4192,4486
4192,4506
4192,4508
4192,13911
4192,18581
4192,10744
4192,5246
4192,5485
4192,7698
4192,25587
4192,7427
4192,39419
4192,37221
4192,5057
4192,27493
4192,39420
4192,7100
4192,7793
4192,13590
4192,8189
4192,7794
4192,4599
4192,39421
4192,4701
4192,7474
4192,39422
4192,37437
4192,39423
4192,39424
4192,5249
4192,39425
4192,39426
4192,39427
4192,39428
4192,37440
4192,39386
4192,39429
4192,39430
4192,37443
4192,28974
4192,39431
4196,39432
4196,12056
4196,4382
4196,17121
4196,39433
4196,39434
4196,6672
4196,4419
4196,4439
4196,4676
4196,14831
4196,12639
4196,18005
4196,39435
4196,39262
4196,7506
4196,9345
4196,39000
4196,32662
4196,5301
4196,20438
4196,18829
4196,19546
4196,39436
4196,39437
4196,39438
4196,4595
4196,34123
4196,14547
4196,4533
4196,32664
4196,36427
4196,5269
4196,4599
4196,16204
4196,4871
4196,10866
4197,37502
4197,37499
4197,39439
4197,39440
4197,4189
4197,39441
4197,39442
4197,5530
4197,4415
4197,4430
4197,39443
4197,13803
4197,39444
4197,20060
4197,21688
4197,30774
4197,38016
4197,20765
4197,4698
4197,6077
4197,5057
4197,34538
4197,39445
4197,21281
4197,4599
4197,39446
4197,20767
4197,29608
4197,39447
4198,17987
4198,5054
4198,39448
4198,12720
4198,11156
4198,9342
4198,4420
4198,14491
4198,39449
4198,4437
4198,4439
4198,9343
4198,9383
4198,21909
4198,6294
4198,5301
4198,28630
4198,39450
4198,39451
4198,18829
4198,26605
4198,6247
4198,39452
4198,5263
4198,26606
4198,4524
4198,39453
4198,9413
4198,34662
4198,5202
4198,22564
4198,5987
4198,5265
4198,39454
4198,38327
4198,28720
4198,5266
4198,39455
4198,4698
4198,39456
4198,21932
4198,34664
4198,8861
4198,7259
4198,4930
4198,14025
4198,10397
4198,4643
4198,10398
4198,4681
4198,5269
4198,5304
4198,4599
4198,5827
4198,4543
4198,5058
4198,39457
4198,9875
4198,5898
4198,15762
4198,31148
4198,11437
4198,5064
4198,37064
4201,6059
4201,4306
4201,39458
4201,5054
4201,29153
4201,35673
4201,37304
4201,39459
4201,12720
4201,37305
4201,9342
4201,14491
4201,18528
4201,39460
4201,39461
4201,20181
4201,20528
4201,22612
4201,37131
4201,39462
4201,39463
4201,5199
4201,25695
4201,18530
4201,25696
4201,25698
4201,39464
4201,9410
4201,6074
4201,5201
4201,38805
4201,18444
4201,39465
4201,4698
4201,5564
4201,11472
4201,4643
4201,25700
4201,4681
4201,39466
4201,15472
4201,4599
4201,5058
4201,13591
4201,39467
4201,39468
4201,17072
4201,32251
4201,38806
4201,39469
4201,39470
4201,11437
4201,5064
4201,5406
4202,25252
4202,39168
4202,34215
4202,25255
4202,35972
4202,34216
4202,16441
4202,37146
4202,25258
4202,31846
4202,4521
4202,4761
4202,39471
4202,4539
4202,12121
4202,11352
4202,21673
4202,8492
4203,39472
4203,4437
4203,6317
4203,20018
4203,12639
4203,4495
4203,39473
4203,8188
4203,13911
4203,37271
4203,39474
4203,34660
4203,5485
4203,4679
4203,4992
4203,39475
4203,4698
4203,34124
4203,39476
4203,7794
4203,4599
4203,5538
4203,5827
4203,4543
4203,32250
4203,7430
4203,37034
4203,30435
4203,5249
4203,10271
4203,6335
4203,27851
4203,23424
4203,31148
4203,5064
4203,4603
4205,39477
4205,13380
4205,4696
4205,4340
4205,39478
4205,39479
4205,4358
4205,4365
4205,39335
4205,39480
4205,39481
4205,37342
4205,39482
4205,39483
4205,4411
4205,39484
4205,32800
4205,39485
4205,39486
4205,16924
4205,32072
4205,11260
4205,5981
4205,39487
4205,31794
4205,30775
4205,39488
4205,4761
4205,31795
4205,39489
4205,37721
4205,39176
4205,39490
4205,32807
4205,6297
4205,26863
4205,6659
4205,4539
4205,7100
4205,12121
4205,37723
4205,30776
4205,4599
4205,5827
4205,21673
4205,8492
4205,36777
4205,4701
4205,39491
4205,25702
4205,30231
4205,5249
4205,4703
4205,39492
4205,6235
4205,4729
4205,4768
4205,4952
4205,11928
4211,39493
4211,36346
4211,4387
4211,28496
4211,36347
4211,39494
4211,31703
4211,39495
4211,39496
4211,39497
4211,17754
4211,39498
4211,4457
4211,25726
4211,39499
4211,39500
4211,39501
4211,36169
4211,39502
4211,39503
4211,36349
4211,37716
4211,15784
4211,39504
4211,36195
4211,16446
4211,16833
4211,24076
4211,16447
4211,12121
4211,31170
4211,11352
4211,31712
4211,4599
4211,5827
4211,5001
4211,28994
4211,23207
4211,39505
4211,31773
4212,29988
4212,25715
4212,39506
4212,7053
4212,7203
4212,29989
4212,10964
4212,39507
4212,15783
4212,29991
4212,39508
4212,24005
4212,29992
4212,39509
4212,39510
4212,32868
4212,39511
4212,39512
4212,15784
4212,25506
4212,29993
4212,17220
4212,32631
4212,34574
4212,39513
4212,7206
4212,7099
4212,39514
4212,16446
4212,16257
4212,29994
4212,24076
4212,7101
4212,24077
4212,21673
4212,16543
4212,4768
4212,39515
4212,13950
4215,26372
4215,36392
4215,36393
4215,35699
4215,37474
4215,33140
4215,15006
4215,36395
4215,8028
4215,9567
4215,35703
4215,39516
4215,32008
4215,27441
4215,39517
4215,33143
4215,39518
4215,39519
4215,34349
4215,36398
4215,39520
4215,36399
4215,15733
4215,27447
4215,36400
4215,7100
4215,35709
4215,4699
4215,39521
4215,4599
4215,5538
4215,7739
4215,27450
4215,7208
4215,35710
4215,39522
4215,28339
4215,15734
4215,36403
4215,39523
4215,39524
4215,35711
4215,35712
4215,39525
4215,33336
4215,39526
4215,34353
4216,4234
4216,39527
4216,39528
4216,39529
4216,22687
4216,39530
4216,39531
4216,39532
4216,39533
4216,39534
4216,39535
4216,39536
4216,17933
4216,39537
4216,39538
4216,39539
4216,39540
4216,4595
4216,39541
4216,39542
4216,39543
4216,39544
4216,39545
4216,39546
4216,39547
4216,39548
4216,39549
4216,39550
4216,15228
4216,39551
4216,39552
4216,39553
4216,39554
4216,39555
4216,39556
4216,39557
4216,5610
4216,39558
4216,39559
4216,39560
4216,39561
4216,39562
4216,39563
4216,39564
4218,25853
4218,5530
4218,13728
4218,30679
4218,4415
4218,4421
4218,15493
4218,10120
4218,4465
4218,26814
4218,39565
4218,13733
4218,12591
4218,27060
4218,34535
4218,21688
4218,5532
4218,12749
4218,12593
4218,34661
4218,7698
4218,4679
4218,11781
4218,12751
4218,6971
4218,5056
4218,12067
4218,12011
4218,5057
4218,12594
4218,4681
4218,4599
4218,12069
4218,28682
4218,39566
4218,39567
4218,17494
4218,39568
4218,9730
4218,12596
4218,32252
4218,5064
4218,8362
4218,5406
4221,6059
4221,27819
4221,39569
4221,4757
4221,4186
4221,4248
4221,4249
4221,4253
4221,4254
4221,4258
4221,17197
4221,9244
4221,4259
4221,39570
4221,4268
4221,4267
4221,39571
4221,33763
4221,5086
4221,4276
4221,28448
4221,4280
4221,39572
4221,4290
4221,4291
4221,39573
4221,4299
4221,4298
4221,7692
4221,37331
4221,4303
4221,4302
4221,4306
4221,5054
4221,39574
4221,39575
4221,29153
4221,4313
4221,4314
4221,39576
4221,27595
4221,21455
4221,4322
4221,39577
4221,29647
4221,4326
4221,4328
4221,14462
4221,10741
4221,4333
4221,33554
4221,4335
4221,4336
4221,4337
4221,4342
4221,4344
4221,4345
4221,4349
4221,4350
4221,22238
4221,4355
4221,8615
4221,4358
4221,9408
4221,39578
4221,10985
4221,39579
4221,4363
4221,10263
4221,39580
4221,4364
4221,4367
4221,4369
4221,4372
4221,12720
4221,39581
4221,4370
4221,4354
4221,4377
4221,27826
4221,4379
4221,37951
4221,36733
4221,4383
4221,39254
4221,4387
4221,7249
4221,39083
4221,4393
4221,4391
4221,12058
4221,26499
4221,29576
4221,4398
4221,39582
4221,4399
4221,39583
4221,35761
4221,23796
4221,39584
4221,4404
4221,4414
4221,4410
4221,15044
4221,5547
4221,35940
4221,22687
4221,39585
4221,39257
4221,27436
4221,35688
4221,39586
4221,34190
4221,4415
4221,39587
4221,4418
4221,9342
4221,4420
4221,14491
4221,4421
4221,26300
4221,14219
4221,7694
4221,32738
4221,39588
4221,29678
4221,4425
4221,4427
4221,4429
4221,4428
4221,5777
4221,4435
4221,25282
4221,4437
4221,4439
4221,4438
4221,4442
4221,14312
4221,6317
4221,39259
4221,4676
4221,4447
4221,4446
4221,9343
4221,30579
4221,37551
4221,20924
4221,4452
4221,4453
4221,4454
4221,4456
4221,30250
4221,20429
4221,4458
4221,12639
4221,39589
4221,4460
4221,4457
4221,4463
4221,22547
4221,29202
4221,22690
4221,37428
4221,16966
4221,39590
4221,4475
4221,39591
4221,9566
4221,39592
4221,4478
4221,21623
4221,7096
4221,26221
4221,32783
4221,24017
4221,4473
4221,4484
4221,39266
4221,35843
4221,39593
4221,14313
4221,15817
4221,27833
4221,20060
4221,4495
4221,39268
4221,8618
4221,4499
4221,9454
4221,39594
4221,4500
4221,39595
4221,4506
4221,4507
4221,4508
4221,30551
4221,10267
4221,27835
4221,39596
4221,11199
4221,39597
4221,21917
4221,39270
4221,8188
4221,12582
4221,27837
4221,13911
4221,4511
4221,4593
4221,10744
4221,8412
4221,39598
4221,39599
4221,21310
4221,4518
4221,31280
4221,4520
4221,19546
4221,21740
4221,39600
4221,39293
4221,4524
4221,5302
4221,20065
4221,34688
4221,38310
4221,39601
4221,11747
4221,4526
4221,21312
4221,17314
4221,7425
4221,7426
4221,5485
4221,32663
4221,4761
4221,7126
4221,39602
4221,4679
4221,32168
4221,18444
4221,22414
4221,39603
4221,29213
4221,4532
4221,4531
4221,39604
4221,4533
4221,9257
4221,9258
4221,4698
4221,39605
4221,25677
4221,16643
4221,9456
4221,39606
4221,6839
4221,8692
4221,6799
4221,39607
4221,39608
4221,4643
4221,24982
4221,33079
4221,4540
4221,16138
4221,39609
4221,13940
4221,7793
4221,8189
4221,39610
4221,4906
4221,4599
4221,5538
4221,4543
4221,5058
4221,39611
4221,6728
4221,9460
4221,6330
4221,4701
4221,15314
4221,4910
4221,11071
4221,39612
4221,5249
4221,37333
4221,27850
4221,39613
4221,4703
4221,39614
4221,39615
4221,23630
4221,39616
4221,39617
4221,19329
4221,39618
4221,39281
4221,23807
4221,39619
4221,15762
4221,7436
4221,31613
4221,5064
4221,26793
4221,28429
4221,8362
4221,39620
4222,4985
4222,14216
4222,4355
4222,6978
4222,4365
4222,4368
4222,12245
4222,31483
4222,4377
4222,39621
4222,4398
4222,4427
4222,4443
4222,6452
4222,37173
4222,5981
4222,13912
4222,22927
4222,4523
4222,39622
4222,19625
4222,39623
4222,5269
4222,9602
4222,4599
4222,4543
4222,7264
4222,7208
4222,4701
4222,7474
4222,39624
4222,39625
4222,7476
4222,4768
4222,4729
4222,12297
4222,11868
4225,39626
4225,7765
4225,39627
4225,39628
4225,39629
4225,26678
4225,39630
4225,39631
4225,4599
4225,4701
4225,39632
4225,33933
4225,39633
4225,39634
4225,39635
4232,39636
4232,39637
4232,38349
4232,35184
4232,39638
4232,39639
4232,26797
4232,39640
4232,35334
4232,4452
4232,4454
4232,37235
4232,39641
4232,30179
4232,6724
4232,15923
4232,39642
4232,39643
4232,39644
4232,35187
4232,39645
4232,39646
4232,39647
4232,39648
4232,35336
4232,4904
4232,26034
4232,39649
4232,39650
4232,39651
4232,4761
4232,26798
4232,35189
4232,39652
4232,12066
4232,39653
4232,39654
4232,39229
4232,5973
4232,39655
4232,23377
4232,5355
4232,39656
4232,4643
4232,33301
4232,24758
4232,39657
4232,6498
4232,11886
4232,4681
4232,39658
4232,39659
4232,20452
4232,4599
4232,6728
4232,5553
4232,5486
4232,6500
4232,4910
4232,24018
4232,39660
4233,24145
4233,6375
4233,19522
4233,18574
4233,39661
4233,39662
4233,36679
4233,4411
4233,39663
4233,39664
4233,35440
4233,39117
4233,39119
4233,39665
4233,11316
4233,4487
4233,19524
4233,39666
4233,15817
4233,39667
4233,4495
4233,35278
4233,39668
4233,39669
4233,18580
4233,28218
4233,39124
4233,12111
4233,39670
4233,39671
4233,39672
4233,16475
4233,39673
4233,39674
4233,35282
4233,39675
4233,29584
4233,19526
4233,39676
4233,27311
4233,6381
4233,18595
4233,37594
4233,12114
4233,4906
4233,4787
4233,7056
4233,4599
4233,13431
4233,5827
4233,4543
4233,35068
4233,16928
4233,19529
4233,39677
4233,37595
4233,5609
4233,32248
4233,39678
4233,39679
4233,39680
4233,8509
4233,4703
4233,33995
4233,39681
4234,29169
4234,34190
4234,32738
4234,4439
4234,6317
4234,39682
4234,39683
4234,4506
4234,4508
4234,8965
4234,39684
4234,8967
4234,8966
4234,39685
4234,25818
4234,39686
4234,18583
4234,39687
4234,39688
4234,5485
4234,9413
4234,39689
4234,39690
4234,29213
4234,39691
4234,4698
4234,8971
4234,39692
4234,8973
4234,39693
4234,39694
4234,4599
4234,4543
4234,39695
4234,39677
4234,39696
4234,5553
4234,5539
4234,8981
4234,8982
4234,8983
4234,39697
4234,8985
4234,39698
4234,39699
4234,39700
4234,8988
4234,8989
4234,39701
4236,14311
4236,21455
4236,39702
4236,39703
4236,16122
4236,39704
4236,39705
4236,8153
4236,39706
4236,39707
4236,26017
4236,39708
4236,36312
4236,20425
4236,39709
4236,36313
4236,20427
4236,14312
4236,26797
4236,39710
4236,4899
4236,39711
4236,20429
4236,39712
4236,37235
4236,36315
4236,39713
4236,22956
4236,36316
4236,26025
4236,37236
4236,35668
4236,24154
4236,32540
4236,20433
4236,39714
4236,15923
4236,11013
4236,22413
4236,39715
4236,8160
4236,20435
4236,39716
4236,22958
4236,36317
4236,39717
4236,4904
4236,36318
4236,39718
4236,20439
4236,20440
4236,20441
4236,15206
4236,6619
4236,8691
4236,20446
4236,26038
4236,20447
4236,12066
4236,18191
4236,6726
4236,8169
4236,5973
4236,20448
4236,39719
4236,14838
4236,23377
4236,5355
4236,22362
4236,39720
4236,6498
4236,39721
4236,12364
4236,39722
4236,4681
4236,39723
4236,15497
4236,26045
4236,21442
4236,5464
4236,20452
4236,20453
4236,5827
4236,22364
4236,6728
4236,5553
4236,15925
4236,8693
4236,4998
4236,5486
4236,4600
4236,4910
4236,39724
4236,26390
4236,32553
4236,32554
4236,39725
4236,39726
4237,12058
4237,4411
4237,4421
4237,39727
4237,9246
4237,4437
4237,39728
4237,13584
4237,26720
4237,39729
4237,5055
4237,4508
4237,27834
4237,27062
4237,12582
4237,7424
4237,6278
4237,18581
4237,10696
4237,15058
4237,5246
4237,6226
4237,39730
4237,7698
4237,7427
4237,16203
4237,4595
4237,6103
4237,7791
4237,31077
4237,5606
4237,4698
4237,7470
4237,6076
4237,5973
4237,27493
4237,9131
4237,4681
4237,7100
4237,39731
4237,4599
4237,5538
4237,12069
4237,4543
4237,28682
4237,5035
4237,4910
4237,12421
4237,18675
4237,35458
4237,23324
4237,39378
4237,39409
4237,7436
4237,12072
4237,5064
4237,4603
4237,39732
4238,4358
4238,9408
4238,39733
4238,39579
4238,35760
4238,27826
4238,36733
4238,34115
4238,4388
4238,7249
4238,4393
4238,32424
4238,4420
4238,8685
4238,38795
4238,4428
4238,4676
4238,4446
4238,22690
4238,24268
4238,7098
4238,39594
4238,5055
4238,18530
4238,36173
4238,4511
4238,39734
4238,37132
4238,39735
4238,37111
4238,5246
4238,4524
4238,6074
4238,5201
4238,39319
4238,39736
4238,39737
4238,4681
4238,15472
4238,4599
4238,5553
4238,13591
4238,5486
4238,39738
4238,10972
4238,10974
4238,5064
4238,8362
4240,39739
4240,39740
4240,39741
4240,39742
4240,39743
4240,39744
4240,39745
4240,39746
4240,39119
4240,39747
4240,12202
4240,39748
4240,39749
4240,39750
4240,39751
4240,34687
4240,39752
4240,35704
4240,39753
4240,39754
4240,13093
4240,33143
4240,26034
4240,39755
4240,4761
4240,15732
4240,6595
4240,4595
4240,6799
4240,15733
4240,39756
4240,27447
4240,6381
4240,4681
4240,8189
4240,4906
4240,37033
4240,35708
4240,4699
4240,6383
4240,4599
4240,39757
4240,7739
4240,16928
4240,39758
4240,39759
4240,39760
4240,5486
4240,39761
4240,4910
4240,9604
4240,5381
4240,8509
4240,28225
4242,37313
4242,21533
4242,31392
4242,10741
4242,6070
4242,39762
4242,36698
4242,15708
4242,6071
4242,5261
4242,39763
4242,24267
4242,7167
4242,14515
4242,20259
4242,36699
4242,16966
4242,26675
4242,10412
4242,8915
4242,4506
4242,4508
4242,27834
4242,21920
4242,36549
4242,10413
4242,27839
4242,5246
4242,7668
4242,39764
4242,5247
4242,6226
4242,14023
4242,4679
4242,39765
4242,12065
4242,29213
4242,14848
4242,7791
4242,5606
4242,8917
4242,13062
4242,8692
4242,5973
4242,4643
4242,11886
4242,4681
4242,7100
4242,19672
4242,4599
4242,4543
4242,6330
4242,5553
4242,5486
4242,39766
4242,4910
4242,31148
4242,7436
4242,5064
4245,37951
4245,39767
4245,29456
4245,39257
4245,5547
4245,39587
4245,29678
4245,25282
4245,9343
4245,26221
4245,32219
4245,28069
4245,39595
4245,4759
4245,4760
4245,31538
4245,23780
4245,37301
4245,7788
4245,27840
4245,5485
4245,14024
4245,24845
4245,4762
4245,7126
4245,7127
4245,6103
4245,4597
4245,24846
4245,4698
4245,38873
4245,6799
4245,39768
4245,36919
4245,39769
4245,19672
4245,37302
4245,10254
4245,39770
4245,4599
4245,4543
4245,4766
4245,4701
4245,39771
4245,39772
4245,18836
4246,39773
4246,39041
4246,5547
4246,5261
4246,4439
4246,39774
4246,6317
4246,4446
4246,39775
4246,39776
4246,39777
4246,5970
4246,39778
4246,34772
4246,4868
4246,39779
4246,6249
4246,12419
4246,10593
4246,39780
4246,10594
4246,5987
4246,39050
4246,10595
4246,39781
4246,39782
4246,34777
4246,39783
4246,39784
4246,4698
4246,33613
4246,10195
4246,5267
4246,14025
4246,24950
4246,10397
4246,35027
4246,9260
4246,10398
4246,39785
4246,5356
4246,39786
4246,5269
4246,5304
4246,29156
4246,36788
4246,4599
4246,5827
4246,9351
4246,5553
4246,10866
4246,5609
4246,15711
4246,4701
4246,4910
4246,5249
4246,39787
4246,10601
4246,39788
4246,23531
4246,5898
4246,5358
4248,24521
4248,30005
4248,39789
4248,39790
4248,20048
4248,4266
4248,15492
4248,39791
4248,21683
4248,34235
4248,39792
4248,39793
4248,29977
4248,39581
4248,39178
4248,23944
4248,29576
4248,23796
4248,35761
4248,39794
4248,32738
4248,39795
4248,21250
4248,39796
4248,37448
4248,39589
4248,31276
4248,13733
4248,20060
4248,34712
4248,6878
4248,39797
4248,39798
4248,39799
4248,12749
4248,6970
4248,31280
4248,12593
4248,39600
4248,17314
4248,4678
4248,36815
4248,39800
4248,32663
4248,11781
4248,12750
4248,4595
4248,4870
4248,12751
4248,5493
4248,6103
4248,6971
4248,5056
4248,4698
4248,5057
4248,33078
4248,12594
4248,7471
4248,4681
4248,39801
4248,39802
4248,4786
4248,4787
4248,4699
4248,4599
4248,35533
4248,5609
4248,12631
4248,5059
4248,39803
4248,5406
4249,39007
4249,39009
4249,25085
4249,39804
4249,37418
4249,39805
4249,39806
4249,20441
4249,39017
4249,39019
4249,25092
4249,39807
4249,39020
4249,4681
4249,7900
4249,27610
4249,4703
4249,39808
4250,22170
4250,4349
4250,39809
4250,6070
4250,39810
4250,4393
4250,6071
4250,24267
4250,7167
4250,20259
4250,4437
4250,4439
4250,4446
4250,7096
4250,24268
4250,26601
4250,8188
4250,4593
4250,31393
4250,28113
4250,37111
4250,5246
4250,6226
4250,11422
4250,5485
4250,39811
4250,32490
4250,22333
4250,4698
4250,7470
4250,13062
4250,6228
4250,26612
4250,4599
4250,4543
4250,36689
4250,10752
4250,4910
4250,26560
4250,5249
4250,17492
4250,26569
4250,37106
4250,39812
4250,7436
4250,5064
4258,4696
4258,4326
4258,37372
4258,4359
4258,12438
4258,4365
4258,4368
4258,4377
4258,19969
4258,6448
4258,4398
4258,22652
4258,17853
4258,4427
4258,34203
4258,4457
4258,6537
4258,24005
4258,31163
4258,31548
4258,5981
4258,5485
4258,39813
4258,4539
4258,6980
4258,23206
4258,4768
4258,31551
4258,12297
4258,11928
4260,39814
4260,8153
4260,39815
4260,36082
4260,35334
4260,4452
4260,4454
4260,35185
4260,8550
4260,30179
4260,15923
4260,26483
4260,39643
4260,39816
4260,39646
4260,39647
4260,23376
4260,4868
4260,39817
4260,39818
4260,39819
4260,39650
4260,4783
4260,9413
4260,39048
4260,26798
4260,39652
4260,20447
4260,12066
4260,39820
4260,39229
4260,39821
4260,4698
4260,39655
4260,39822
4260,23377
4260,5355
4260,6498
4260,4681
4260,15497
4260,8822
4260,4599
4260,4543
4260,39823
4260,24018
4260,39824
4261,6059
4261,16422
4261,7232
4261,25256
4261,39289
4261,39825
4261,39826
4261,39827
4261,39828
4261,39829
4261,39830
4261,39831
4261,39832
4261,39833
4261,39834
4261,32995
4261,39835
4261,39836
4261,16924
4261,39837
4261,39838
4261,37536
4261,39839
4261,37109
4261,39840
4261,32644
4261,39841
4261,39842
4261,39843
4261,39844
4261,39845
4261,39846
4261,4761
4261,39847
4261,20633
4261,35338
4261,33943
4261,39848
4261,7621
4261,34538
4261,12121
4261,38054
4261,13132
4261,26614
4261,39849
4261,39850
4261,30231
4261,39851
4261,39852
4261,39853
4261,7436
4261,39854
4261,39855
4261,39856
4263,4458
4263,12639
4263,12640
4263,9248
4263,4495
4263,20260
4263,39270
4263,38310
4263,39857
4263,5485
4263,4698
4263,18193
4263,39858
4263,4681
4263,19672
4263,19586
4263,4599
4263,4543
4263,4701
4263,4910
4263,5249
4263,5064
4263,4603
4266,39859
4266,4696
4266,37207
4266,16828
4266,4985
4266,4359
4266,34414
4266,37334
4266,19969
4266,6448
4266,4398
4266,22924
4266,4427
4266,22459
4266,6452
4266,16965
4266,12803
4266,7468
4266,31166
4266,39860
4266,5981
4266,34824
4266,21655
4266,13912
4266,39861
4266,17220
4266,5202
4266,21795
4266,4761
4266,7099
4266,16203
4266,6980
4266,31170
4266,7101
4266,27100
4266,24580
4266,4599
4266,26266
4266,4701
4266,7475
4266,18465
4266,36227
4266,4703
4266,17586
4266,4768
4266,4729
4266,5639
4266,38286
4266,10092
4266,17946
4266,26808
4266,29923
4266,7113
4266,29924
4267,39862
4267,4202
4267,4205
4267,39863
4267,38223
4267,7692
4267,39864
4267,8184
4267,39865
4267,3813
4267,4420
4267,4437
4267,4439
4267,30781
4267,12639
4267,8186
4267,4482
4267,8187
4267,4499
4267,4506
4267,4508
4267,12582
4267,36567
4267,5485
4267,22494
4267,7470
4267,5057
4267,4681
4267,27100
4267,4599
4267,4543
4267,5553
4267,5249
4267,39866
4267,28687
4267,39867
4267,39868
4267,39869
4267,23807
4267,39870
4267,5064
4267,28085
4267,39871
4269,39872
4269,7398
4269,15449
4269,34985
4269,7401
4269,30194
4269,15451
4269,7402
4269,39873
4269,39874
4269,39875
4269,11418
4269,39876
4269,11419
4269,39877
4269,6876
4269,13971
4269,34989
4269,20110
4269,22615
4269,20111
4269,34533
4269,20113
4269,39878
4269,6073
4269,13647
4269,23615
4269,36278
4269,36886
4269,7406
4269,29768
4269,6971
4269,39879
4269,5564
4269,5565
4269,5403
4269,39880
4269,39881
4269,39882
4269,4599
4269,26160
4269,13649
4269,5059
4269,5064
4271,6059
4271,33328
4271,39883
4271,39884
4271,39885
4271,4411
4271,39886
4271,39887
4271,24267
4271,7167
4271,39888
4271,39889
4271,26256
4271,10863
4271,39890
4271,8915
4271,5055
4271,39891
4271,39892
4271,21920
4271,10413
4271,29209
4271,39893
4271,6226
4271,14023
4271,38128
4271,39894
4271,8917
4271,5973
4271,39201
4271,4643
4271,27735
4271,4681
4271,24560
4271,39895
4271,27410
4271,39896
4271,4599
4271,21984
4271,39897
4271,24690
4271,5538
4271,9132
4271,5058
4271,8492
4271,5486
4271,10968
4271,39898
4271,39899
4271,39900
4271,39901
4271,39902
4271,5357
4271,7436
4271,11437
4271,5064
4271,39903
4273,4364
4273,4411
4273,3813
4273,14515
4273,4458
4273,12639
4273,22658
4273,39904
4273,4486
4273,6617
4273,4507
4273,4508
4273,12582
4273,13911
4273,6835
4273,6247
4273,39905
4273,5485
4273,9413
4273,25587
4273,38453
4273,39906
4273,4539
4273,4681
4273,7100
4273,13590
4273,8189
4273,5269
4273,5304
4273,4599
4273,5538
4273,5827
4273,4543
4273,5539
4273,11071
4273,21968
4273,10275
4273,24436
4273,5064
4276,16958
4276,30650
4276,6712
4276,39907
4276,13245
4276,37041
4276,4359
4276,12438
4276,18301
4276,28910
4276,6978
4276,4368
4276,20328
4276,4377
4276,6448
4276,17853
4276,17584
4276,22924
4276,8485
4276,19542
4276,4427
4276,6452
4276,4457
4276,7468
4276,4508
4276,5981
4276,27566
4276,5301
4276,37123
4276,6249
4276,12419
4276,4761
4276,7099
4276,31982
4276,35825
4276,6980
4276,4681
4276,5269
4276,4599
4276,4543
4276,7264
4276,7475
4276,23041
4276,18465
4276,11071
4276,4768
4276,7436
4276,7113
4277,11417
4277,29202
4277,4484
4277,4499
4277,4593
4277,4679
4277,39908
4277,9257
4277,9258
4277,4698
4277,6077
4277,39909
4277,5267
4277,37209
4277,4643
4277,10398
4277,4681
4277,17641
4277,4599
4277,5827
4277,4543
4277,5539
4277,38468
4277,5486
4277,5249
4280,39910
4280,16873
4280,39911
4280,21140
4280,37220
4280,39912
4280,4868
4280,6074
4280,5987
4280,7470
4280,7259
4280,36209
4280,7262
4280,5269
4280,5304
4280,24759
4280,4599
4280,18024
4280,9132
4280,7264
4280,39913
4280,6330
4280,5553
4280,15711
4280,7429
4280,4701
4280,23041
4280,5486
4280,39914
4280,25702
4280,19445
4280,14410
4280,5064
4280,5358
4280,36254
4280,39915
4286,39916
4286,5261
4286,39917
4286,4436
4286,39918
4286,8550
4286,33647
4286,21623
4286,9454
4286,7098
4286,39919
4286,39920
4286,32691
4286,4868
4286,7425
4286,5485
4286,39921
4286,4679
4286,28020
4286,36739
4286,36740
4286,27288
4286,28023
4286,39922
4286,27289
4286,39923
4286,39924
4286,21635
4286,39925
4286,8556
4286,39926
4286,39927
4286,4599
4286,5538
4286,5827
4286,4543
4286,39928
4286,15151
4286,15152
4286,39929
4286,4701
4286,8560
4286,39930
4286,39931
4286,4910
4286,5249
4286,36747
4290,34959
4290,7657
4290,39932
4290,7658
4290,39933
4290,39934
4290,7660
4290,39935
4290,7404
4290,39936
4290,39937
4290,26972
4290,7098
4290,4508
4290,34713
4290,26973
4290,5604
4290,7789
4290,39938
4290,26112
4290,39939
4290,39940
4290,5485
4290,36614
4290,18830
4290,5493
4290,39941
4290,31077
4290,5056
4290,4698
4290,39942
4290,5057
4290,36819
4290,39943
4290,39944
4290,4681
4290,17801
4290,8189
4290,37048
4290,4599
4290,15756
4290,4543
4290,5609
4290,39945
4290,39946
4290,39947
4290,4910
4290,11071
4290,39948
4290,39949
4290,29590
4290,39950
4290,12123
4291,4410
4291,34190
4291,4420
4291,39951
4291,7422
4291,6316
4291,38047
4291,14019
4291,4437
4291,4439
4291,4454
4291,4508
4291,5351
4291,13911
4291,4520
4291,39952
4291,4539
4291,4599
4291,27690
4293,6059
4293,37951
4293,31928
4293,32659
4293,4420
4293,29678
4293,9343
4293,4453
4293,4454
4293,13584
4293,9248
4293,4508
4293,4868
4293,7789
4293,4524
4293,9254
4293,15206
4293,5987
4293,18444
4293,31362
4293,14547
4293,39953
4293,9257
4293,4698
4293,4681
4293,24560
4293,4599
4293,5827
4293,4543
4293,8693
4293,5889
4293,5486
4293,6500
4293,24952
4293,24018
4293,5249
4293,20671
4293,5064
4293,13852
4296,39954
4296,39955
4296,39956
4296,4457
4296,39957
4296,39958
4296,39959
4296,39960
4296,39961
4296,39962
4296,39963
4296,39964
4298,37342
4298,36727
4298,39965
4298,17853
4298,8485
4298,37241
4298,25726
4298,39966
4298,24107
4298,39967
4298,39968
4298,39969
4298,31846
4298,13912
4298,39970
4298,4761
4298,16444
4298,37721
4298,39971
4298,31796
4298,6659
4298,12121
4298,11352
4298,37723
4298,30776
4298,5827
4298,21673
4298,8492
4298,4700
4298,39972
4298,8509
4298,4768
4298,12297
4298,36731
4298,36783
4298,39973
4298,39974
4300,39975
4300,39976
4300,39977
4300,12582
4300,27225
4300,39978
4300,8412
4300,39979
4300,19546
4300,39980
4300,21631
4300,5987
4300,35691
4300,39981
4300,39982
4300,39983
4300,21634
4300,39984
4300,5353
4300,39985
4300,39986
4300,39987
4300,39988
4300,8556
4300,5356
4300,32437
4300,4681
4300,32704
4300,21639
4300,39989
4300,7361
4300,39990
4300,4599
4300,4543
4300,5609
4300,8560
4300,39991
4300,39992
4300,6500
4300,39993
4300,11071
4300,39994
4301,4437
4301,4499
4301,37730
4301,4500
4301,7665
4301,13911
4301,5351
4301,7788
4301,5485
4301,4761
4301,4679
4301,7791
4301,12067
4301,8692
4301,12011
4301,5973
4301,4643
4301,4681
4301,5269
4301,4599
4301,4543
4301,5553
4301,8492
4301,5539
4301,4701
4301,23041
4301,5249
4301,7431
4301,22217
4301,5064
4303,39192
4303,39995
4303,39996
4303,39997
4303,39998
4303,39999
4303,37746
4303,22656
4303,40000
4303,8909
4303,29088
4303,5261
4303,40001
4303,7580
4303,6979
4303,40002
4303,10410
4303,10411
4303,40003
4303,10412
4303,38976
4303,20260
4303,8915
4303,8188
4303,4868
4303,36179
4303,7668
4303,37237
4303,39764
4303,5485
4303,4761
4303,40004
4303,5606
4303,30602
4303,8917
4303,4599
4303,4543
4303,4701
4303,4910
4303,40005
4303,4768
4303,40006
4303,5064
4304,4439
4304,37233
4304,36496
4304,4458
4304,12639
4304,37235
4304,37236
4304,14021
4304,10412
4304,8915
4304,4499
4304,4507
4304,10267
4304,21920
4304,4593
4304,8412
4304,27839
4304,7789
4304,38310
4304,4783
4304,9413
4304,40007
4304,4679
4304,4698
4304,8917
4304,5973
4304,5057
4304,40008
4304,22565
4304,4643
4304,16138
4304,4681
4304,30697
4304,19672
4304,4599
4304,4543
4304,5553
4304,11053
4304,40009
4304,7432
4304,34165
4304,5064
4304,6011
4304,38282
4306,10394
4306,11156
4306,29848
4306,40010
4306,5261
4306,4429
4306,4676
4306,18002
4306,6292
4306,4458
4306,12639
4306,9383
4306,9345
4306,10395
4306,21909
4306,36976
4306,6294
4306,40011
4306,4499
4306,36977
4306,5301
4306,5351
4306,18015
4306,4593
4306,4868
4306,4520
4306,10396
4306,19326
4306,5485
4306,4679
4306,28720
4306,38508
4306,4698
4306,21932
4306,10397
4306,10398
4306,4681
4306,40012
4306,18022
4306,7262
4306,5269
4306,5304
4306,4599
4306,5827
4306,4543
4306,36218
4306,5539
4306,5305
4306,40013
4306,40014
4306,7272
4306,25861
4306,5064
4307,40015
4307,34082
4307,39011
4307,25087
4307,25088
4307,40016
4307,39012
4307,40017
4307,30774
4307,4761
4307,35614
4307,33843
4307,39017
4307,25092
4307,40018
4307,4539
4307,4681
4307,21281
4307,4906
4307,13941
4307,13132
4307,4599
4307,4543
4307,40019
4307,8492
4307,4700
4307,8983
4307,27610
4307,8509
4307,4703
4307,40020
4307,40021
4309,40022
4309,40023
4309,21874
4309,40024
4309,4420
4309,14491
4309,9343
4309,40025
4309,36754
4309,9345
4309,39267
4309,9347
4309,38916
4309,5246
4309,4524
4309,5302
4309,14558
4309,6249
4309,35010
4309,5267
4309,18833
4309,4681
4309,5269
4309,4906
4309,36788
4309,4599
4309,4543
4309,5553
4309,40026
4309,5305
4309,40027
4309,23630
4310,40028
4310,38452
4310,5695
4310,3813
4310,5261
4310,7580
4310,4428
4310,4676
4310,4446
4310,12639
4310,10412
4310,8915
4310,40029
4310,40030
4310,10413
4310,6278
4310,4868
4310,27839
4310,7668
4310,40031
4310,14023
4310,4821
4310,4679
4310,32504
4310,39077
4310,40032
4310,5606
4310,4698
4310,8917
4310,28072
4310,27135
4310,4643
4310,11886
4310,4681
4310,20870
4310,4599
4310,5486
4310,40033
4310,40034
4310,40035
4310,15785
4311,4322
4311,40036
4311,6672
4311,40037
4311,9343
4311,19442
4311,40038
4311,19443
4311,7506
4311,9345
4311,35008
4311,7509
4311,13342
4311,4868
4311,7789
4311,5246
4311,6248
4311,6226
4311,14558
4311,6249
4311,19444
4311,7620
4311,5267
4311,7259
4311,4930
4311,4681
4311,5269
4311,5304
4311,4599
4311,5538
4311,5553
4311,5539
4311,12721
4311,12631
4311,5486
4311,5035
4311,40039
4311,12072
4311,5064
4311,9387
4311,8362
4314,21248
4314,33092
4314,15044
4314,40040
4314,4415
4314,40041
4314,6565
4314,4447
4314,21250
4314,40042
4314,26814
4314,20060
4314,38105
4314,6970
4314,25199
4314,7789
4314,7667
4314,40043
4314,40044
4314,12750
4314,7427
4314,18588
4314,12751
4314,6971
4314,5973
4314,5057
4314,7670
4314,12594
4314,9131
4314,4681
4314,37048
4314,4599
4314,5539
4314,16578
4314,5059
4314,5898
4314,5064
4314,5406
4321,40045
4321,34632
4321,40046
4321,17353
4321,40047
4321,40048
4321,40049
4321,40050
4321,40051
4321,40052
4321,40053
4321,40054
4321,40055
4321,40056
4321,10180
4321,40057
4321,40058
4321,40059
4321,5827
4321,4768
4321,40060
4321,40061
4321,40062
4323,4216
4323,40063
4323,17630
4323,23944
4323,4393
4323,35687
4323,40064
4323,4415
4323,40065
4323,6317
4323,4447
4323,40066
4323,21250
4323,13803
4323,25854
4323,21687
4323,20060
4323,40067
4323,40068
4323,40069
4323,10122
4323,27732
4323,40070
4323,38105
4323,5532
4323,40071
4323,6970
4323,40072
4323,17314
4323,7698
4323,11781
4323,33482
4323,12750
4323,24676
4323,12066
4323,6971
4323,5056
4323,5057
4323,40073
4323,5355
4323,22565
4323,4599
4323,6728
4323,40074
4323,36219
4323,5609
4323,5404
4323,4910
4323,16578
4323,40075
4323,5249
4323,34721
4323,5059
4323,31319
4323,40076
4323,40077
4323,37798
4323,35167
4323,5406
4324,17121
4324,40078
4324,17584
4324,5261
4324,14219
4324,40079
4324,4439
4324,4485
4324,5970
4324,40080
4324,40081
4324,40082
4324,40083
4324,40084
4324,4868
4324,35009
4324,40085
4324,5534
4324,28072
4324,6799
4324,4643
4324,7262
4324,5269
4324,4599
4324,4543
4324,40086
4324,4701
4324,40087
4324,40088
4324,5064
4324,34886
4326,40089
4326,8485
4326,40090
4326,4457
4326,40091
4326,13934
4326,14021
4326,37148
4326,21920
4326,39962
4326,40092
4326,40093
4326,40094
4326,4761
4326,40095
4326,16833
4326,39623
4326,4539
4326,12121
4326,11352
4326,5827
4326,40096
4326,36731
4327,34215
4327,25255
4327,40097
4327,40098
4327,34216
4327,34217
4327,40099
4327,16441
4327,22459
4327,37146
4327,27830
4327,16443
4327,19145
4327,6042
4327,31768
4327,10010
4327,4508
4327,34219
4327,37149
4327,31846
4327,28538
4327,4521
4327,4761
4327,40100
4327,25283
4327,5987
4327,16446
4327,4539
4327,13590
4327,13914
4327,11352
4327,4599
4327,5827
4327,8492
4327,40101
4327,16448
4327,40102
4327,40103
4327,28970
4327,9604
4327,4768
4327,13949
4327,28225
4336,4393
4336,10264
4336,17584
4336,4437
4336,4439
4336,4446
4336,10265
4336,7096
4336,7172
4336,10412
4336,6794
4336,4499
4336,10266
4336,8188
4336,4593
4336,4868
4336,5485
4336,12419
4336,4679
4336,32174
4336,4698
4336,9456
4336,4994
4336,9457
4336,4643
4336,24982
4336,4681
4336,4906
4336,4599
4336,4543
4336,40104
4336,5553
4336,4701
4336,6500
4336,7430
4336,10270
4336,4910
4336,5249
4336,5898
4336,20075
4336,5064
4337,4398
4337,7422
4337,4427
4337,40105
4337,16965
4337,40106
4337,5981
4337,5301
4337,13912
4337,5351
4337,22927
4337,7426
4337,6249
4337,6839
4337,39275
4337,4539
4337,40107
4337,30697
4337,36213
4337,40108
4337,4599
4337,21950
4337,40109
4337,10866
4337,15711
4337,40110
4337,28971
4337,19445
4337,4768
4337,12297
4337,5358
4340,34077
4340,36627
4340,27827
4340,40111
4340,40112
4340,7096
4340,5970
4340,27132
4340,6278
4340,4868
4340,7668
4340,5485
4340,12419
4340,17315
4340,7427
4340,5987
4340,5606
4340,27135
4340,22861
4340,5356
4340,4681
4340,4599
4340,9132
4340,4543
4340,5486
4340,17318
4341,15817
4341,33330
4341,5779
4341,9454
4341,35993
4341,13093
4341,21310
4341,4523
4341,4679
4341,15732
4341,40113
4341,22786
4341,15304
4341,22312
4341,22787
4341,15733
4341,22789
4341,5781
4341,4906
4341,22313
4341,22793
4341,4599
4341,36000
4341,15734
4341,22796
4341,5249
4341,40114
4343,11417
4343,23611
4343,35470
4343,36941
4343,40115
4343,6876
4343,5399
4343,6877
4343,6072
4343,11421
4343,40116
4343,34270
4343,7406
4343,5403
4343,21141
4343,4599
4343,5827
4343,5064
4344,6978
4344,4377
4344,17853
4344,4427
4344,6452
4344,13912
4344,22927
4344,4523
4344,37718
4344,7206
4344,28072
4344,39623
4344,37209
4344,5269
4344,9602
4344,4599
4344,5827
4344,4543
4344,7264
4344,40117
4344,7208
4344,4701
4344,7474
4344,40118
4344,7476
4344,28971
4344,4768
4344,4729
4344,12297
4344,34582
4345,4499
4345,22614
4345,4508
4345,37109
4345,8412
4345,15710
4345,4520
4345,5485
4345,7698
4345,4679
4345,34663
4345,6103
4345,4698
4345,16347
4345,5973
4345,4539
4345,4643
4345,18833
4345,4681
4345,5269
4345,4906
4345,4599
4345,4701
4345,5249
4345,39396
4346,40119
4346,7052
4346,4368
4346,12245
4346,31483
4346,4378
4346,6448
4346,17853
4346,10194
4346,19542
4346,4426
4346,4448
4346,6452
4346,4458
4346,5981
4346,13912
4346,4761
4346,6980
4346,6981
4346,4599
4346,18024
4346,7476
4346,5249
4346,4768
4346,4729
4350,35340
4350,40120
4350,18579
4350,40121
4350,40122
4350,40123
4350,8412
4350,16474
4350,40124
4350,40125
4350,7789
4350,40126
4350,40127
4350,18584
4350,37073
4350,40128
4350,40129
4350,18587
4350,40130
4350,11919
4350,5126
4350,40131
4350,37815
4350,11319
4350,40132
4350,39128
4350,39858
4350,24740
4350,40133
4350,4681
4350,40134
4350,40135
4350,40136
4350,40137
4350,12293
4350,16476
4350,4906
4350,35355
4350,10751
4350,4599
4350,4543
4350,40138
4350,7208
4350,4701
4350,31947
4350,40139
4351,4411
4351,4410
4351,4458
4351,12639
4351,5970
4351,4508
4351,13911
4351,4868
4351,4527
4351,5485
4351,7620
4351,4679
4351,7791
4351,5606
4351,5973
4351,4681
4351,7100
4351,4599
4351,4543
4351,4910
4351,5064
4353,6448
4353,4398
4353,17853
4353,38483
4353,28913
4353,31489
4353,16250
4353,4508
4353,37096
4353,4677
4353,40140
4353,30897
4353,22030
4353,37209
4353,40141
4353,11352
4353,5058
4353,40142
4353,4768
4353,40143
4353,40144
4355,37611
4355,6712
4355,16961
4355,11861
4355,5086
4355,6443
4355,7052
4355,4289
4355,40145
4355,4985
4355,13246
4355,31547
4355,6445
4355,4359
4355,12438
4355,18301
4355,20328
4355,4377
4355,4378
4355,18091
4355,6448
4355,33505
4355,31938
4355,17853
4355,7764
4355,16233
4355,40146
4355,19542
4355,6452
4355,21432
4355,20005
4355,4492
4355,18305
4355,17840
4355,7468
4355,5981
4355,17220
4355,4761
4355,7099
4355,4539
4355,6980
4355,5269
4355,5304
4355,4599
4355,4543
4355,7264
4355,7208
4355,7475
4355,40147
4355,4768
4355,16978
4355,38286
4355,10092
4355,17946
4355,7113
4359,4696
4359,4358
4359,8245
4359,31040
4359,5547
4359,4439
4359,6317
4359,4676
4359,29090
4359,4458
4359,12639
4359,8915
4359,4499
4359,4500
4359,4508
4359,40148
4359,13911
4359,21920
4359,8412
4359,27839
4359,39599
4359,28538
4359,40149
4359,7668
4359,5485
4359,4679
4359,7791
4359,5606
4359,12067
4359,4698
4359,8917
4359,13062
4359,5973
4359,4643
4359,4681
4359,4599
4359,4543
4359,5539
4359,40150
4359,10969
4359,40151
4359,39616
4359,5063
4359,37575
4359,5064
4364,6448
4364,17853
4364,4427
4364,4457
4364,38483
4364,5981
4364,13912
4364,5351
4364,10268
4364,22927
4364,37718
4364,6249
4364,4761
4364,7206
4364,7099
4364,9673
4364,30995
4364,35825
4364,16643
4364,4538
4364,19625
4364,6980
4364,6598
4364,19672
4364,36719
4364,5269
4364,24077
4364,5304
4364,4599
4364,40152
4364,4543
4364,7264
4364,7208
4364,7209
4364,7475
4364,23041
4364,4768
4364,12297
4364,40153
4364,7113
4365,7052
4365,40154
4365,19969
4365,6448
4365,4398
4365,17853
4365,40155
4365,4426
4365,6452
4365,4492
4365,5981
4365,36368
4365,13912
4365,4511
4365,5485
4365,40156
4365,4761
4365,7099
4365,4539
4365,10328
4365,36719
4365,5269
4365,7101
4365,6981
4365,40157
4365,4599
4365,18024
4365,4543
4365,7208
4365,4701
4365,7209
4365,7475
4365,5249
4365,4729
4365,4768
4365,12297
4365,16978
4365,20075
4365,10092
4365,17946
4365,40158
4367,5970
4367,9125
4367,4499
4367,4500
4367,40159
4367,13342
4367,4868
4367,40160
4367,30991
4367,40161
4367,6592
4367,40162
4367,30992
4367,40163
4367,6248
4367,14023
4367,12419
4367,5987
4367,40164
4367,19525
4367,4595
4367,40165
4367,30995
4367,9130
4367,5267
4367,5973
4367,6599
4367,4681
4367,5269
4367,21942
4367,4599
4367,6728
4367,6330
4367,4701
4367,5486
4367,4910
4367,5249
4367,21970
4367,7272
4367,5064
4372,4419
4372,32190
4372,6979
4372,4452
4372,10409
4372,6292
4372,19443
4372,40166
4372,40167
4372,35976
4372,10411
4372,5909
4372,36754
4372,40168
4372,40169
4372,26156
4372,40170
4372,10395
4372,40171
4372,29093
4372,21909
4372,8915
4372,40172
4372,17944
4372,18015
4372,38652
4372,5351
4372,13342
4372,21920
4372,10413
4372,6247
4372,8412
4372,27839
4372,37717
4372,30992
4372,35009
4372,4520
4372,10396
4372,38310
4372,40173
4372,6248
4372,36185
4372,14023
4372,14558
4372,6249
4372,19444
4372,12419
4372,34662
4372,38918
4372,4679
4372,40174
4372,5987
4372,40175
4372,28720
4372,20143
4372,40176
4372,4698
4372,8917
4372,36757
4372,21932
4372,6726
4372,5267
4372,10397
4372,4643
4372,40177
4372,6598
4372,9131
4372,10398
4372,5356
4372,4681
4372,40178
4372,9350
4372,22498
4372,7261
4372,7262
4372,5269
4372,17771
4372,5304
4372,36788
4372,4599
4372,4543
4372,6330
4372,5553
4372,5539
4372,15711
4372,4701
4372,5305
4372,18598
4372,39405
4372,5486
4372,7272
4372,7436
4372,5064
4372,18035
4374,4508
4374,4761
4374,21539
4374,16446
4374,7768
4374,40179
4374,40180
4374,38189
4374,4681
4374,11352
4374,40181
4374,4599
4374,4543
4374,7208
4374,21673
4374,8492
4374,11282
4374,5000
4374,40182
4374,27660
4374,24436
4375,40183
4375,34082
4375,40184
4375,40185
4375,40186
4375,36700
4375,4508
4375,40187
4375,21356
4375,40188
4375,40189
4375,5485
4375,22635
4375,4698
4375,40190
4375,23377
4375,4681
4375,30337
4375,29276
4375,21442
4375,10598
4375,4599
4375,40191
4375,40192
4375,25861
4375,40193
4377,22170
4377,40194
4377,40195
4377,40196
4377,40197
4377,20326
4377,40198
4377,40199
4377,40200
4377,24094
4377,40201
4377,39082
4377,4392
4377,40202
4377,39084
4377,40203
4377,40204
4377,40205
4377,4454
4377,39085
4377,9266
4377,40206
4377,40207
4377,14900
4377,40208
4377,39090
4377,20330
4377,40209
4377,4508
4377,14905
4377,40210
4377,4593
4377,40211
4377,8412
4377,38310
4377,4679
4377,25587
4377,40212
4377,40213
4377,14908
4377,40214
4377,14910
4377,4698
4377,14912
4377,39096
4377,9268
4377,40215
4377,9687
4377,10398
4377,34023
4377,4681
4377,40216
4377,8189
4377,7262
4377,26079
4377,5269
4377,14914
4377,36212
4377,40217
4377,4787
4377,40218
4377,40219
4377,4599
4377,18024
4377,40220
4377,4543
4377,39102
4377,40221
4377,5553
4377,5539
4377,40222
4377,5609
4377,4701
4377,40223
4377,40224
4377,40225
4377,5486
4377,40226
4377,20331
4377,26049
4377,5249
4377,40227
4377,40228
4377,5357
4377,40229
4377,40230
4377,6011
4377,9270
4378,40231
4378,40232
4378,13733
4378,34727
4378,20060
4378,5351
4378,5532
4378,5971
4378,12749
4378,6970
4378,39293
4378,17314
4378,11781
4378,40233
4378,29613
4378,33819
4378,31362
4378,39050
4378,34775
4378,39603
4378,6971
4378,9257
4378,9259
4378,37967
4378,5057
4378,21672
4378,22565
4378,9260
4378,10598
4378,4599
4378,5827
4378,9460
4378,29586
4378,4701
4378,24157
4378,40234
4378,10344
4378,23807
4378,10275
4378,13852
4378,5406
4380,4391
4380,40235
4380,40236
4380,5970
4380,40237
4380,21909
4380,21910
4380,39348
4380,40172
4380,21915
4380,4499
4380,37248
4380,21919
4380,5351
4380,40238
4380,4868
4380,6247
4380,10744
4380,35009
4380,21740
4380,38310
4380,5485
4380,14558
4380,12419
4380,5987
4380,22414
4380,10989
4380,4698
4380,14025
4380,31047
4380,4643
4380,10398
4380,21938
4380,13590
4380,8189
4380,5269
4380,4599
4380,4543
4380,21950
4380,10866
4380,15711
4380,12722
4380,23807
4380,36247
4380,40239
4380,21701
4381,40240
4381,37001
4381,40241
4381,24753
4381,40242
4381,40243
4381,7580
4381,40244
4381,19442
4381,40245
4381,4479
4381,26221
4381,24017
4381,4508
4381,27834
4381,27835
4381,37004
4381,5351
4381,27839
4381,40162
4381,4520
4381,40246
4381,4524
4381,11747
4381,6248
4381,37006
4381,40247
4381,7426
4381,40248
4381,4783
4381,5485
4381,14558
4381,9413
4381,12419
4381,4679
4381,5987
4381,30601
4381,40249
4381,37007
4381,40250
4381,4698
4381,30602
4381,8917
4381,16643
4381,6077
4381,5267
4381,5973
4381,40251
4381,4643
4381,37008
4381,40252
4381,36647
4381,5356
4381,11886
4381,4681
4381,9350
4381,40136
4381,5269
4381,5304
4381,10751
4381,6456
4381,4599
4381,37009
4381,5538
4381,5827
4381,4543
4381,21950
4381,6330
4381,5553
4381,5539
4381,37010
4381,10866
4381,4701
4381,23041
4381,37011
4381,5486
4381,29712
4381,8355
4381,39368
4381,5249
4381,19445
4381,40253
4381,30154
4381,5063
4381,10275
4381,37575
4381,37012
4381,11437
4381,40254
4381,31613
4381,5064
4381,5358
4384,27831
4384,40255
4384,5377
4384,4486
4384,30550
4384,40256
4384,29362
4384,13911
4384,4520
4384,11470
4384,22279
4384,21795
4384,4761
4384,40257
4384,4679
4384,29368
4384,7791
4384,25799
4384,38384
4384,6659
4384,4539
4384,29370
4384,4681
4384,7100
4384,8189
4384,4599
4384,5538
4384,4543
4384,4824
4384,40258
4384,6886
4384,6660
4384,8355
4384,5249
4384,4703
4384,15785
4384,40259
4384,23807
4384,10275
4384,40260
4384,32227
4384,40261
4385,40262
4385,4427
4385,40263
4385,4457
4385,16965
4385,37093
4385,36712
4385,30651
4385,40264
4385,25643
4385,7468
4385,4508
4385,5981
4385,13912
4385,22927
4385,17220
4385,22494
4385,21795
4385,4761
4385,27381
4385,22029
4385,7099
4385,40265
4385,36703
4385,35874
4385,39275
4385,36202
4385,4539
4385,6980
4385,31170
4385,22498
4385,36719
4385,11352
4385,36213
4385,4599
4385,4701
4385,7475
4385,28971
4385,5249
4385,17586
4385,4768
4385,5639
4385,26808
4385,7113
4385,18034
4386,4458
4386,12639
4386,4475
4386,7096
4386,4495
4386,29655
4386,40266
4386,26034
4386,5485
4386,4761
4386,13062
4386,5973
4386,22565
4386,4643
4386,37625
4386,4681
4386,4785
4386,37723
4386,4787
4386,5464
4386,4599
4386,5538
4386,4543
4386,5553
4386,12439
4386,4910
4386,40267
4386,37126
4386,4768
4386,40268
4386,5064
4386,37064
4391,4410
4391,40269
4391,4454
4391,29202
4391,35976
4391,5970
4391,4868
4391,6247
4391,8412
4391,11747
4391,17314
4391,4783
4391,5485
4391,6249
4391,12419
4391,5987
4391,4698
4391,28631
4391,14025
4391,27844
4391,10398
4391,5356
4391,18833
4391,4785
4391,24560
4391,5269
4391,4786
4391,5304
4391,4787
4391,4699
4391,4599
4391,4543
4391,9460
4391,20668
4391,5609
4391,15208
4391,23807
4395,35976
4395,40270
4395,30686
4395,40271
4395,40272
4395,40273
4395,13911
4395,7698
4395,21538
4395,16395
4395,4950
4395,9131
4395,27100
4395,4951
4395,4599
4395,40274
4395,40275
4395,7700
4395,35662
4397,8412
4397,17934
4397,4678
4397,4783
4397,14558
4397,9413
4397,40276
4397,12419
4397,40277
4397,39438
4397,20143
4397,21539
4397,11919
4397,4698
4397,24757
4397,5267
4397,14025
4397,31047
4397,40278
4397,10398
4397,40279
4397,18833
4397,4785
4397,7261
4397,5269
4397,4786
4397,5304
4397,4787
4397,4699
4397,4599
4397,4543
4397,5609
4397,12631
4397,26117
4397,4600
4397,5610
4398,40280
4398,40281
4398,26675
4398,34532
4398,37149
4398,10413
4398,14023
4398,7698
4398,4761
4398,4992
4398,7791
4398,33943
4398,12068
4398,11886
4398,4681
4398,7100
4398,6234
4398,4599
4398,5486
4398,5006
4398,40282
4398,40283
4398,27805
4398,40284
4398,40285
4402,20060
4402,40286
4402,17314
4402,40044
4402,11781
4402,40287
4402,38433
4402,12750
4402,20066
4402,6971
4402,5056
4402,27135
4402,34536
4402,5057
4402,12594
4402,20020
4402,4681
4402,4599
4402,40074
4402,5553
4402,5539
4402,12632
4402,34720
4402,34721
4402,5898
4402,5064
4402,35167
4402,5406
4405,26591
4405,40288
4405,40289
4405,40290
4405,40291
4405,9110
4405,38651
4405,5196
4405,26598
4405,40292
4405,4472
4405,40293
4405,40294
4405,5055
4405,27062
4405,40295
4405,4868
4405,13588
4405,5202
4405,11228
4405,16203
4405,5267
4405,8861
4405,40296
4405,31048
4405,35656
4405,4643
4405,34023
4405,4681
4405,7100
4405,7261
4405,40297
4405,26612
4405,13590
4405,4599
4405,5058
4405,13591
4405,40298
4406,19437
4406,8909
4406,6672
4406,40299
4406,40300
4406,40301
4406,40302
4406,9345
4406,10411
4406,36165
4406,14557
4406,8915
4406,13342
4406,21920
4406,10413
4406,11052
4406,4868
4406,5263
4406,15710
4406,6248
4406,5485
4406,6249
4406,37238
4406,40303
4406,30995
4406,4698
4406,8917
4406,28519
4406,15754
4406,24757
4406,10195
4406,5267
4406,5973
4406,4930
4406,14025
4406,21938
4406,4681
4406,19672
4406,5269
4406,5304
4406,21442
4406,36788
4406,4599
4406,5538
4406,15925
4406,5486
4406,4910
4406,19445
4406,5064
4406,5358
4407,40304
4407,4508
4407,40305
4407,4511
4407,4524
4407,6074
4407,4599
4407,5538
4407,35618
4407,5539
4407,19233
4407,5486
4407,40306
4407,5249
4407,37333
4407,40307
4407,29157
4407,7436
4407,5064
4407,28429
4407,8362
4408,19443
4408,29202
4408,4484
4408,4508
4408,27834
4408,21627
4408,30991
4408,6592
4408,30992
4408,26112
4408,38405
4408,4679
4408,5987
4408,19525
4408,40308
4408,11919
4408,5606
4408,4698
4408,13062
4408,40309
4408,12011
4408,40310
4408,4643
4408,6598
4408,10398
4408,4681
4408,4785
4408,13590
4408,7262
4408,5269
4408,4906
4408,5304
4408,4599
4408,4543
4408,26824
4408,5553
4408,8492
4408,24951
4408,5486
4408,4910
4408,26049
4408,5249
4408,40239
4408,5064
4410,40311
4410,38403
4410,10744
4410,16203
4410,7513
4410,40312
4410,40313
4410,6103
4410,20655
4410,40314
4410,5973
4410,11424
4410,40315
4410,4681
4410,17641
4410,4599
4410,17642
4410,5486
4410,40316
4410,40317
4410,40318
4410,40319
4410,40320
4410,26130
4411,40321
4411,40322
4411,40323
4411,40324
4411,40325
4411,15730
4411,40326
4411,40327
4411,30251
4411,40328
4411,28274
4411,33894
4411,40329
4411,40330
4411,39646
4411,40331
4411,23525
4411,35336
4411,40332
4411,40333
4411,40334
4411,40335
4411,40336
4411,27444
4411,39819
4411,39519
4411,40337
4411,20858
4411,40338
4411,11919
4411,40339
4411,39653
4411,40340
4411,9257
4411,40341
4411,17425
4411,40342
4411,40343
4411,39656
4411,40344
4411,27844
4411,40345
4411,6498
4411,40346
4411,4681
4411,26897
4411,8822
4411,4787
4411,5464
4411,35709
4411,4599
4411,6728
4411,35710
4411,5553
4411,40347
4411,40348
4411,35711
4411,40349
4411,40350
4411,4910
4411,40351
4411,34951
4411,40352
4411,40353
4412,8505
4412,40354
4412,40355
4412,9253
4412,40356
4412,6836
4412,26534
4412,40357
4412,40095
4412,18444
4412,40358
4412,40359
4412,38646
4412,38186
4412,6003
4412,4539
4412,11424
4412,39218
4412,28499
4412,17029
4412,4599
4412,4543
4412,38468
4412,40360
4412,11071
4412,8509
4412,6006
4412,4703
4412,7903
4414,4457
4414,16965
4414,30651
4414,38138
4414,40361
4414,5981
4414,39861
4414,40362
4414,4761
4414,6659
4414,19672
4414,27100
4414,24580
4414,4599
4414,5827
4414,36227
4414,5249
4414,17586
4414,4768
4414,12297
4415,12639
4415,40363
4415,13342
4415,6278
4415,4868
4415,7332
4415,5604
4415,6248
4415,11470
4415,4783
4415,5485
4415,12419
4415,7620
4415,4679
4415,5987
4415,22414
4415,4698
4415,5353
4415,10195
4415,5267
4415,4930
4415,9687
4415,40364
4415,16138
4415,18833
4415,4681
4415,5269
4415,5304
4415,4599
4415,5538
4415,4543
4415,4910
4415,11071
4415,5249
4415,5064
4416,40365
4416,4290
4416,4319
4416,7096
4416,4499
4416,4500
4416,4508
4416,40366
4416,13911
4416,4593
4416,4523
4416,20065
4416,5485
4416,15206
4416,4679
4416,5987
4416,4698
4416,6077
4416,8692
4416,40367
4416,4643
4416,9260
4416,4681
4416,5269
4416,22653
4416,4787
4416,27845
4416,4599
4416,4543
4416,35195
4416,40368
4416,5539
4416,4701
4416,5249
4416,5357
4416,5064
4417,38007
4417,27832
4417,40369
4417,40370
4417,29487
4417,20762
4417,38050
4417,40371
4417,40372
4417,27077
4417,7425
4417,40373
4417,38065
4417,40374
4417,40375
4417,40376
4417,36717
4417,38051
4417,16347
4417,38021
4417,40377
4417,34538
4417,38024
4417,38054
4417,21281
4417,40378
4417,38028
4417,21282
4417,38029
4417,4599
4417,26614
4417,21283
4417,4701
4417,38030
4417,6459
4417,26289
4417,40379
4417,29501
4417,27610
4417,25093
4417,40380
4417,34231
4417,20075
4418,4457
4418,36988
4418,22614
4418,38049
4418,36714
4418,13911
4418,28991
4418,37346
4418,20763
4418,32644
4418,5485
4418,4761
4418,28992
4418,22414
4418,4534
4418,40381
4418,28072
4418,4539
4418,37347
4418,11352
4418,38054
4418,21281
4418,38028
4418,4599
4418,5827
4418,4543
4418,8492
4418,8509
4418,36995
4420,20431
4420,40382
4420,40383
4420,40384
4420,40385
4420,40386
4420,20434
4420,40387
4420,5601
4420,36700
4420,32741
4420,32742
4420,10744
4420,19546
4420,40388
4420,40389
4420,31362
4420,22414
4420,35691
4420,14547
4420,32664
4420,32177
4420,4905
4420,40390
4420,5607
4420,7100
4420,31348
4420,26079
4420,34124
4420,40391
4420,4787
4420,7361
4420,4599
4420,16204
4420,40392
4420,40393
4420,19550
4420,4871
4420,5609
4420,40394
4420,40395
4420,40396
4420,40397
4420,40398
4420,19551
4420,19810
4420,26049
4420,40399
4420,17492
4420,40400
4420,40401
4420,40402
4420,40403
4420,29131
4420,40404
4420,40405
4420,30068
4420,25413
4420,40406
4420,10860
4420,26130
4420,40407
4420,16208
4420,40408
4420,40409
4420,40410
4420,40411
4420,29287
4420,40412
4420,26514
4424,37730
4424,4508
4424,39270
4424,13499
4424,5485
4424,4698
4424,5057
4424,40413
4424,4643
4424,9687
4424,4681
4424,40414
4424,40415
4424,4699
4424,20452
4424,4599
4424,4543
4424,40416
4424,5553
4424,5539
4424,8693
4424,4701
4424,8560
4424,4601
4424,30435
4424,5001
4424,12421
4424,27850
4424,5064
4424,40417
4424,40418
4426,35201
4426,4508
4426,27834
4426,30694
4426,5351
4426,40419
4426,40420
4426,10744
4426,8412
4426,4520
4426,21740
4426,4524
4426,11747
4426,40421
4426,18585
4426,5485
4426,9413
4426,18586
4426,40422
4426,4870
4426,6103
4426,10269
4426,4698
4426,16643
4426,40423
4426,7471
4426,16138
4426,36069
4426,4681
4426,17801
4426,8189
4426,13809
4426,4599
4426,4543
4426,6330
4426,5553
4426,5539
4426,4701
4426,12721
4426,40424
4426,5035
4426,5249
4426,40425
4426,10275
4426,5063
4426,5064
4426,40426
4426,37443
4428,40427
4428,36393
4428,40428
4428,33140
4428,40429
4428,40430
4428,35702
4428,40431
4428,40432
4428,8028
4428,15732
4428,36399
4428,15733
4428,40433
4428,40434
4428,40435
4428,35709
4428,40436
4428,35711
4433,38239
4433,40363
4433,4507
4433,38784
4433,13911
4433,6278
4433,4868
4433,14253
4433,11747
4433,4783
4433,5485
4433,12419
4433,4679
4433,5987
4433,4698
4433,5353
4433,16643
4433,10195
4433,27135
4433,9687
4433,16138
4433,18833
4433,4681
4433,20870
4433,5269
4433,5304
4433,27845
4433,4599
4433,4543
4433,6330
4433,5553
4433,40437
4433,10866
4433,15711
4433,4701
4433,12631
4433,4910
4433,26049
4433,5249
4433,5064
4434,6059
4434,4415
4434,15046
4434,13803
4434,40438
4434,13733
4434,21687
4434,20060
4434,4496
4434,38103
4434,5532
4434,34731
4434,6970
4434,35009
4434,12593
4434,17314
4434,6248
4434,11781
4434,12066
4434,6971
4434,5056
4434,5353
4434,6077
4434,38922
4434,5057
4434,4681
4434,5304
4434,4699
4434,4599
4434,6728
4434,5539
4434,10866
4434,5404
4434,5486
4434,37450
4434,5064
4434,5406
4437,14021
4437,5055
4437,4508
4437,38802
4437,36549
4437,10413
4437,40439
4437,6226
4437,14023
4437,39765
4437,8917
4437,40440
4437,4681
4437,4599
4437,35618
4437,6330
4437,5249
4437,32931
4437,5064
4439,35185
4439,34730
4439,4904
4439,4593
4439,40441
4439,4868
4439,26034
4439,5485
4439,15206
4439,26798
4439,12066
4439,39654
4439,15496
4439,4698
4439,35767
4439,6726
4439,23377
4439,5355
4439,6498
4439,4681
4439,30337
4439,15497
4439,40442
4439,27859
4439,4599
4439,35194
4439,4543
4439,6728
4439,5553
4439,20668
4439,27386
4439,15208
4440,14312
4440,40443
4440,40444
4440,20433
4440,14313
4440,40445
4440,40446
4440,11013
4440,39715
4440,8160
4440,8271
4440,26033
4440,40447
4440,22958
4440,33465
4440,40448
4440,39717
4440,8412
4440,36318
4440,40449
4440,8691
4440,22414
4440,26038
4440,8169
4440,40450
4440,22362
4440,6498
4440,12364
4440,16138
4440,16139
4440,4906
4440,26045
4440,40451
4440,21442
4440,4699
4440,4599
4440,12365
4440,22364
4440,40452
4440,8693
4440,4998
4440,4600
4440,40453
4441,40454
4441,24017
4441,40455
4441,12062
4441,29271
4441,15337
4441,29272
4441,7665
4441,40456
4441,23376
4441,4904
4441,4868
4441,40457
4441,9252
4441,40458
4441,6496
4441,4783
4441,9413
4441,12419
4441,40459
4441,36740
4441,26798
4441,5987
4441,18444
4441,12066
4441,38786
4441,40460
4441,15496
4441,4698
4441,35767
4441,6003
4441,5973
4441,23377
4441,5355
4441,16747
4441,24966
4441,6498
4441,9260
4441,9687
4441,36647
4441,29274
4441,5356
4441,4681
4441,7100
4441,30337
4441,15497
4441,5464
4441,12224
4441,4599
4441,12225
4441,4543
4441,6728
4441,9460
4441,6330
4441,4701
4441,24018
4441,5898
4441,27861
4444,18302
4444,34218
4444,40461
4444,24107
4444,6402
4444,29439
4444,40462
4444,40463
4444,4499
4444,22614
4444,4508
4444,36349
4444,26802
4444,37148
4444,13911
4444,31708
4444,5485
4444,4761
4444,4679
4444,25283
4444,22414
4444,4534
4444,36195
4444,16446
4444,12067
4444,28072
4444,12011
4444,4539
4444,16447
4444,31170
4444,11352
4444,37723
4444,31712
4444,4599
4444,5827
4444,4543
4444,21673
4444,8492
4444,5249
4444,8509
4444,40464
4444,36783
4445,22170
4445,12639
4445,4479
4445,4507
4445,38784
4445,4508
4445,27835
4445,40465
4445,13911
4445,5351
4445,40466
4445,7332
4445,8412
4445,28538
4445,35009
4445,7789
4445,7668
4445,11747
4445,7426
4445,4527
4445,5485
4445,4679
4445,25587
4445,6103
4445,4698
4445,16643
4445,5267
4445,5973
4445,9687
4445,4681
4445,7261
4445,8189
4445,5269
4445,4599
4445,4543
4445,4701
4445,40151
4445,5249
4445,40467
4445,4768
4445,23807
4450,4508
4450,17944
4450,10744
4450,8412
4450,4678
4450,4783
4450,5485
4450,12419
4450,5987
4450,20143
4450,30747
4450,21539
4450,11919
4450,5606
4450,27844
4450,5607
4450,4681
4450,4785
4450,7261
4450,4786
4450,5304
4450,4787
4450,4699
4450,4599
4450,9351
4450,4543
4450,5609
4450,12631
4450,4910
4450,26049
4450,17492
4453,40468
4453,40469
4453,40470
4453,5970
4453,40471
4453,27835
4453,38308
4453,4868
4453,20866
4453,40472
4453,7426
4453,5485
4453,12419
4453,40473
4453,5987
4453,17201
4453,4698
4453,6076
4453,36200
4453,40474
4453,10398
4453,5356
4453,34023
4453,4681
4453,38927
4453,5269
4453,5304
4453,4787
4453,40475
4453,6456
4453,40476
4453,4599
4453,5538
4453,40477
4453,4543
4453,7264
4453,36217
4453,6728
4453,5553
4453,15711
4453,4701
4453,39405
4453,5486
4453,17260
4453,40478
4453,40479
4453,40480
4453,40481
4453,40482
4459,8412
4459,40483
4459,4525
4459,21932
4459,8556
4459,10398
4459,16138
4459,5304
4459,5464
4459,4599
4459,5538
4459,5553
4459,40484
4459,5249
4459,5358
4463,40485
4463,40486
4463,40487
4463,40488
4463,40489
4463,22632
4463,40490
4463,27355
4463,40491
4463,26184
4463,40366
4463,37922
4463,10744
4463,17793
4463,8412
4463,17794
4463,6910
4463,40149
4463,29210
4463,4525
4463,5247
4463,5485
4463,9413
4463,4679
4463,29212
4463,5534
4463,19390
4463,29213
4463,29215
4463,40492
4463,4698
4463,8692
4463,5356
4463,16138
4463,4681
4463,40415
4463,4599
4463,4543
4464,27353
4464,4499
4464,40493
4464,40489
4464,4508
4464,40366
4464,37922
4464,40494
4464,39311
4464,19388
4464,40495
4464,5485
4464,40496
4464,40497
4464,16395
4464,5534
4464,40498
4464,12011
4464,5267
4464,5973
4464,40499
4464,40500
4464,4643
4464,40177
4464,10398
4464,4681
4464,5537
4464,40501
4464,36209
4464,8189
4464,5269
4464,4599
4464,9132
4464,5827
4464,4543
4464,6330
4464,5553
4464,5539
4464,4701
4464,7429
4464,35727
4464,40118
4464,5486
4464,7700
4464,6660
4464,25702
4464,28472
4464,5249
4464,5063
4464,10275
4464,37575
4464,5064
4465,37267
4465,40502
4465,6835
4465,40503
4465,8412
4465,40504
4465,40505
4465,39357
4465,5987
4465,37274
4465,28566
4465,40506
4465,6839
4465,40507
4465,8692
4465,5565
4465,5269
4465,4599
4465,4543
4465,5567
4465,40508
4465,40509
4465,5249
4465,13649
4465,40510
4465,40511
4465,11437
4465,5064
4465,8362
4467,9456
4467,26755
4467,40512
4467,40513
4467,40514
4467,40515
4467,4906
4467,4599
4467,6330
4467,5553
4467,4701
4467,40516
4467,25563
4467,5486
4467,40517
4467,40518
4467,40519
4467,4909
4467,40520
4467,40521
4467,40522
4468,40523
4468,40524
4468,25463
4468,4508
4468,6295
4468,19862
4468,19863
4468,22927
4468,40525
4468,7332
4468,34661
4468,40526
4468,40527
4468,10864
4468,31583
4468,4761
4468,7620
4468,40528
4468,40529
4468,16395
4468,40530
4468,28968
4468,40531
4468,37222
4468,12011
4468,4930
4468,6659
4468,4681
4468,21366
4468,27410
4468,4599
4468,5538
4468,20657
4468,5553
4468,40532
4468,40533
4468,4603
4469,40534
4469,4488
4469,37236
4469,14021
4469,15923
4469,40535
4469,8688
4469,19689
4469,40536
4469,14022
4469,21920
4469,4904
4469,14285
4469,27839
4469,40537
4469,14023
4469,4821
4469,38249
4469,33482
4469,14848
4469,12066
4469,15496
4469,30602
4469,8917
4469,40538
4469,5057
4469,5355
4469,22362
4469,29274
4469,4681
4469,7793
4469,12224
4469,27859
4469,4599
4469,5827
4469,6728
4469,40539
4469,15152
4469,5609
4469,36744
4469,35413
4469,6500
4469,10968
4469,15208
4469,5610
4469,25702
4469,40540
4469,40541
4469,4703
4469,35388
4469,40542
4469,40543
4469,40544
4469,40545
4472,40546
4472,13911
4472,20598
4472,40547
4472,9413
4472,12036
4472,40548
4472,38301
4472,5378
4472,29458
4472,40549
4472,40550
4472,11749
4472,40551
4472,25799
4472,40552
4472,32097
4472,4539
4472,37223
4472,4823
4472,40553
4472,4599
4472,4543
4472,40554
4472,40555
4472,40556
4472,27115
4472,40557
4472,28339
4472,29460
4472,4701
4472,6777
4472,5486
4472,40558
4472,10331
4472,40559
4472,40560
4472,40561
4472,32982
4472,10332
4472,40408
4472,5382
4472,40562
4472,24436
4472,40563
4473,40564
4473,8412
4473,40565
4473,40566
4473,40567
4473,40568
4473,33924
4473,40569
4473,40570
4473,40571
4473,34469
4473,12065
4473,40572
4473,40573
4473,40574
4473,33926
4473,40575
4473,40576
4473,4698
4473,40577
4473,39943
4473,33927
4473,40578
4473,15643
4473,4681
4473,40579
4473,27099
4473,40580
4473,40581
4473,4787
4473,40582
4473,4599
4473,4543
4473,35533
4473,5553
4473,5539
4473,35535
4473,40583
4473,32050
4473,15925
4473,5609
4473,33931
4473,5486
4473,40584
4473,25702
4473,8988
4473,33933
4474,40534
4474,40585
4474,8688
4474,40586
4474,14285
4474,7789
4474,40587
4474,40588
4474,40589
4474,15206
4474,6619
4474,26798
4474,40590
4474,4596
4474,26038
4474,39654
4474,15496
4474,6726
4474,40591
4474,40592
4474,8169
4474,21217
4474,5057
4474,9457
4474,23377
4474,22362
4474,39720
4474,6498
4474,12364
4474,5356
4474,4681
4474,40593
4474,4787
4474,27859
4474,4599
4474,40594
4474,4543
4474,12366
4474,22364
4474,6728
4474,40595
4474,8693
4474,4701
4474,4998
4474,40596
4474,40597
4474,6500
4474,40598
4474,5610
4474,4910
4474,40599
4474,5249
4474,40600
4474,40601
4478,40602
4478,28916
4478,40603
4478,40604
4478,13912
4478,37096
4478,36885
4478,10744
4478,40362
4478,40605
4478,8451
4478,33942
4478,40606
4478,40140
4478,40607
4478,6296
4478,37174
4478,30897
4478,4698
4478,22030
4478,39275
4478,40608
4478,4539
4478,6980
4478,40609
4478,13590
4478,16993
4478,31171
4478,7101
4478,36213
4478,12083
4478,8490
4478,4599
4478,4543
4478,8492
4478,40610
4478,5249
4479,40611
4479,40612
4479,35676
4479,4642
4479,31217
4479,40613
4479,40614
4479,40615
4479,40616
4479,40617
4479,4599
4479,35618
4479,40618
4479,40619
4479,40620
4479,40621
4479,8528
4479,40622
4479,40623
4479,40624
4479,40625
4479,4910
4479,40626
4479,40627
4479,40628
4479,40629
4479,40630
4479,22335
4479,40631
4479,40632
4479,40633
4479,40634
4479,5357
4479,5064
4480,4524
4480,5302
4480,4526
4480,24536
4480,5268
4480,7261
4480,5304
4480,4599
4480,4543
4480,5553
4480,4701
4480,15644
4480,5486
4480,9674
4480,36247
4480,5064
4480,8362
4480,5358
4481,33205
4481,11422
4481,5485
4481,12419
4481,5987
4481,5606
4481,40635
4481,5973
4481,16856
4481,17427
4481,20020
4481,4681
4481,28388
4481,4599
4481,4543
4481,5553
4481,40636
4481,5486
4481,34947
4481,4910
4481,40637
4481,40638
4481,40639
4481,37126
4481,40640
4481,5064
4481,8362
4481,37064
4484,38803
4484,40641
4484,29659
4484,6796
4484,9252
4484,4678
4484,5202
4484,25587
4484,6619
4484,40642
4484,7791
4484,5606
4484,7470
4484,27720
4484,6077
4484,40643
4484,4681
4484,13590
4484,27385
4484,7361
4484,4599
4484,5827
4484,35618
4484,5058
4484,40644
4484,19233
4484,13591
4484,6079
4484,29221
4484,5249
4484,40645
4484,27805
4484,5898
4485,4478
4485,27353
4485,13911
4485,40162
4485,4641
4485,7668
4485,5485
4485,4679
4485,40497
4485,16395
4485,5606
4485,12067
4485,12011
4485,5267
4485,5973
4485,4643
4485,6598
4485,10398
4485,4681
4485,7100
4485,5269
4485,4699
4485,4599
4485,4543
4485,6728
4485,26824
4485,6330
4485,5553
4485,5539
4485,4701
4485,5486
4485,5249
4485,5064
4486,4508
4486,13911
4486,5246
4486,40646
4486,4679
4486,40647
4486,32177
4486,8692
4486,5973
4486,27384
4486,17755
4486,9131
4486,40648
4486,4681
4486,7100
4486,4599
4486,4543
4486,6330
4486,11053
4486,4910
4486,40649
4486,40601
4486,5898
4486,5064
4487,40650
4487,40651
4487,35976
4487,5909
4487,9125
4487,37717
4487,30992
4487,40652
4487,6248
4487,6249
4487,12419
4487,5987
4487,32504
4487,40303
4487,30994
4487,5629
4487,30995
4487,5267
4487,18021
4487,39986
4487,10398
4487,17203
4487,21938
4487,4681
4487,32703
4487,5269
4487,40653
4487,4599
4487,5538
4487,5553
4487,5486
4487,12439
4487,4910
4487,21970
4487,5064
4492,4508
4492,5246
4492,40458
4492,7668
4492,21537
4492,5485
4492,4679
4492,39765
4492,16395
4492,40654
4492,30601
4492,6103
4492,7791
4492,8917
4492,13062
4492,5973
4492,5355
4492,8556
4492,22113
4492,4681
4492,7100
4492,19672
4492,4787
4492,4699
4492,10598
4492,32247
4492,4599
4492,5538
4492,4543
4492,6728
4492,6330
4492,5553
4492,5539
4492,40655
4492,37944
4492,12631
4492,34732
4492,5486
4492,40656
4492,40657
4492,29712
4492,12439
4492,4910
4492,12421
4492,26049
4492,35207
4492,40658
4492,7436
4492,5064
4493,8412
4493,40659
4493,4525
4493,4526
4493,11422
4493,5485
4493,9413
4493,4698
4493,4681
4493,26612
4493,13590
4493,4599
4493,4543
4493,5058
4493,5539
4493,13591
4493,28501
4493,10973
4493,40660
4493,40661
4493,5064
4494,38802
4494,36549
4494,40662
4494,24852
4494,40439
4494,6226
4494,39905
4494,5485
4494,25587
4494,39765
4494,12750
4494,16395
4494,40663
4494,5606
4494,4698
4494,13062
4494,8692
4494,5973
4494,6297
4494,4930
4494,5057
4494,4539
4494,40664
4494,40073
4494,4643
4494,6598
4494,9687
4494,9131
4494,7360
4494,4681
4494,7793
4494,13590
4494,8189
4494,36211
4494,19465
4494,4599
4494,4543
4494,22928
4494,5539
4494,4701
4494,40665
4494,29221
4494,5249
4494,40666
4494,4703
4494,27660
4494,40667
4494,40533
4494,40229
4494,24436
4494,40254
4494,5064
4494,40668
4494,37443
4494,40669
4496,40670
4496,40671
4496,40672
4496,40673
4496,40674
4496,40675
4496,40676
4496,40677
4496,40678
4496,40679
4496,40680
4496,14128
4496,4527
4496,27227
4496,40681
4496,5378
4496,37030
4496,40682
4496,37113
4496,40683
4496,40684
4496,40685
4496,22113
4496,40686
4496,40687
4496,40688
4496,40689
4496,40690
4496,40691
4496,40692
4496,10329
4496,4599
4496,40693
4496,8492
4496,27115
4496,40694
4496,40695
4496,32050
4496,40696
4496,40697
4496,40698
4496,40699
4496,40700
4496,10332
4496,40701
4496,40702
4496,40703
4496,40704
4499,40705
4499,40706
4499,5353
4499,7470
4499,40707
4499,40708
4499,8038
4499,5267
4499,5973
4499,40709
4499,40710
4499,40711
4499,40712
4499,40713
4499,5304
4499,40714
4499,40715
4499,4599
4499,9132
4499,5827
4499,40716
4499,5553
4499,40717
4499,40718
4499,40719
4499,40720
4499,12439
4499,40721
4499,19445
4499,8362
4499,5358
4499,40722
4501,40723
4501,40724
4501,40725
4501,4541
4501,4681
4501,39278
4501,40726
4501,4599
4501,17428
4501,5827
4501,4543
4501,35068
4501,7739
4501,40727
4501,40728
4501,40729
4501,5553
4501,28339
4501,15734
4501,40730
4501,15644
4501,40731
4501,12631
4501,29279
4501,40732
4501,40733
4501,40597
4501,5486
4501,40734
4501,40735
4501,39993
4501,36127
4501,40736
4501,40737
4501,4910
4501,33332
4501,33333
4501,33334
4501,5249
4501,6081
4501,40738
4501,40739
4501,4703
4501,5785
4501,5488
4501,39382
4501,40740
4501,5064
4501,38085
4501,40741
4502,4508
4502,5351
4502,37717
4502,4520
4502,10396
4502,12419
4502,5987
4502,40742
4502,39358
4502,39438
4502,5265
4502,23118
4502,40743
4502,36194
4502,10989
4502,21932
4502,39176
4502,10195
4502,40744
4502,14025
4502,4539
4502,10397
4502,40745
4502,10398
4502,5268
4502,5356
4502,40746
4502,4681
4502,9350
4502,7261
4502,7262
4502,21941
4502,17771
4502,36211
4502,36787
4502,24759
4502,36788
4502,4599
4502,5538
4502,5539
4502,15711
4502,5486
4502,5249
4502,27660
4502,27805
4502,40747
4502,21963
4502,5064
4503,6059
4503,14024
4503,6249
4503,26677
4503,10989
4503,24757
4503,28631
4503,5267
4503,5973
4503,14025
4503,4643
4503,20020
4503,4681
4503,9350
4503,7261
4503,5269
4503,5304
4503,4787
4503,36788
4503,4599
4503,5538
4503,4543
4503,31561
4503,21673
4503,5553
4503,10866
4503,5486
4503,12439
4503,25702
4503,4910
4503,40182
4503,7436
4503,5064
4503,5358
4504,38432
4504,38405
4504,14516
4504,40748
4504,5973
4504,5057
4504,33079
4504,40749
4504,4681
4504,40750
4504,7100
4504,7793
4504,27845
4504,4599
4504,4543
4504,20657
4504,31561
4504,5553
4504,22637
4504,36219
4504,40751
4504,37944
4504,4701
4504,5486
4504,6660
4504,4910
4505,40752
4505,40753
4505,36036
4505,6324
4505,40754
4505,40755
4505,20020
4505,5356
4505,27736
4505,7100
4505,27737
4505,6326
4505,40756
4505,4599
4505,5827
4505,4543
4505,40757
4505,6330
4505,5539
4505,27741
4505,40758
4505,4701
4505,40759
4505,40760
4505,40761
4505,40762
4505,40763
4505,6332
4505,40764
4505,12439
4505,40765
4505,25702
4505,33333
4505,40766
4505,32518
4505,36234
4505,38280
4505,10973
4505,20874
4505,7436
4505,40767
4506,38310
4506,19326
4506,5485
4506,21926
4506,38311
4506,40768
4506,40175
4506,20143
4506,40176
4506,4698
4506,21932
4506,40769
4506,14025
4506,10397
4506,39986
4506,40770
4506,9687
4506,10398
4506,9131
4506,34022
4506,11886
4506,17203
4506,21938
4506,4681
4506,40012
4506,19672
4506,7262
4506,38928
4506,5269
4506,5304
4506,6456
4506,4599
4506,18024
4506,4543
4506,5539
4506,40771
4506,4701
4506,23041
4506,5486
4506,39368
4506,5249
4506,36250
4506,5064
4506,5358
4507,34219
4507,31846
4507,28538
4507,40772
4507,4761
4507,40773
4507,31795
4507,25283
4507,40774
4507,40775
4507,40776
4507,40777
4507,40778
4507,28072
4507,18398
4507,4539
4507,40779
4507,40780
4507,4681
4507,11352
4507,37723
4507,4599
4507,21673
4507,8492
4507,4700
4507,31847
4507,16448
4507,40781
4507,8509
4507,39492
4507,7436
4507,6011
4508,32929
4508,40782
4508,7426
4508,40783
4508,40784
4508,40785
4508,40786
4508,4698
4508,16643
4508,40787
4508,6077
4508,4643
4508,10966
4508,6228
4508,4681
4508,29155
4508,26357
4508,7056
4508,4599
4508,35618
4508,33220
4508,4543
4508,7739
4508,40788
4508,19529
4508,5553
4508,28339
4508,32050
4508,18597
4508,19233
4508,15644
4508,6079
4508,5486
4508,40789
4508,30154
4509,4359
4509,33434
4509,4377
4509,9383
4509,9345
4509,10411
4509,8915
4509,40790
4509,13342
4509,4868
4509,8412
4509,30991
4509,30992
4509,40791
4509,6248
4509,40472
4509,6249
4509,19444
4509,9413
4509,5987
4509,38327
4509,28720
4509,5629
4509,40663
4509,38986
4509,32177
4509,21216
4509,40792
4509,4698
4509,34664
4509,36757
4509,21932
4509,8917
4509,24757
4509,35825
4509,28631
4509,11676
4509,5267
4509,14025
4509,40724
4509,9952
4509,39359
4509,40793
4509,6598
4509,40794
4509,10398
4509,5268
4509,11886
4509,16138
4509,17203
4509,37942
4509,34023
4509,18833
4509,4681
4509,40795
4509,9350
4509,7261
4509,40796
4509,19672
4509,7262
4509,38928
4509,39277
4509,5269
4509,21941
4509,36212
4509,27100
4509,36787
4509,5304
4509,6456
4509,4599
4509,40797
4509,40152
4509,40798
4509,18024
4509,40799
4509,35618
4509,9351
4509,4543
4509,7264
4509,6330
4509,5553
4509,8492
4509,40800
4509,20872
4509,10866
4509,15711
4509,4701
4509,21954
4509,15644
4509,32505
4509,23041
4509,6459
4509,5486
4509,6886
4509,5249
4509,19445
4509,40801
4509,5898
4509,40802
4509,36250
4509,8362
4509,40803
4509,36254
4510,40804
4510,16112
4510,10398
4510,5269
4510,5304
4510,4599
4510,5538
4510,4543
4510,7103
4510,27847
4510,4701
4510,5486
4510,40805
4510,5249
4510,9674
4510,15785
4510,13852
4510,5358
4511,40806
4511,16643
4511,27135
4511,38922
4511,39986
4511,9687
4511,10398
4511,16138
4511,4681
4511,7100
4511,7261
4511,40807
4511,4542
4511,5269
4511,17771
4511,4786
4511,5304
4511,4787
4511,36788
4511,13809
4511,4599
4511,5538
4511,40808
4511,12225
4511,4543
4511,7264
4511,13810
4511,7103
4511,20657
4511,6330
4511,5553
4511,15711
4511,4701
4511,5486
4511,5249
4511,6081
4511,40809
4511,20874
4511,5064
4512,7426
4512,11470
4512,11422
4512,5485
4512,22494
4512,9413
4512,6566
4512,36756
4512,40810
4512,5987
4512,18508
4512,39465
4512,4536
4512,9257
4512,5606
4512,9258
4512,4698
4512,7470
4512,40811
4512,25677
4512,16643
4512,39471
4512,5267
4512,21672
4512,40812
4512,4643
4512,16747
4512,40813
4512,9687
4512,10398
4512,40814
4512,16138
4512,40815
4512,4681
4512,4599
4512,5538
4512,4543
4512,9460
4512,5553
4512,5539
4512,4701
4512,5486
4512,5249
4512,40259
4512,34955
4512,5898
4512,7436
4512,5064
4513,40816
4513,40817
4513,37031
4513,40818
4513,40819
4513,37113
4513,40820
4513,12113
4513,37032
4513,40821
4513,22113
4513,6381
4513,6382
4513,4699
4513,4599
4513,40822
4513,40823
4513,5553
4513,40824
4513,12631
4513,11282
4513,40825
4513,40826
4513,40827
4513,40828
4513,40829
4513,40830
4513,40831
4513,40832
4513,32786
4513,40833
4514,18444
4514,39465
4514,19548
4514,40834
4514,20020
4514,40835
4514,40836
4514,7361
4514,16204
4514,19549
4514,19550
4514,20657
4514,39181
4514,34732
4514,40837
4514,21367
4514,40838
4514,37451
4514,14548
4514,32743
4514,40839
4514,40840
4514,37193
4514,40841
4514,4601
4514,19551
4514,34126
4514,39210
4514,19552
4514,4874
4514,21008
4514,33042
4514,5898
4514,5357
4514,40842
4515,22170
4515,40843
4515,40844
4515,40845
4515,40846
4515,40847
4515,40848
4515,40849
4515,40850
4515,14223
4515,40851
4515,40852
4515,6077
4515,8861
4515,40853
4515,40854
4515,40855
4515,40664
4515,40856
4515,10966
4515,40857
4515,40858
4515,4681
4515,40859
4515,8189
4515,33820
4515,25570
4515,4599
4515,4543
4515,40860
4515,4701
4515,40861
4515,40862
4515,32492
4515,40863
4515,40864
4515,11071
4515,30699
4515,40865
4515,38280
4515,40866
4515,40867
4515,40868
4515,34373
4515,5357
4515,40869
4515,40870
4515,6200
4515,40871
4515,40872
4515,7482
4516,4542
4516,4599
4516,4543
4516,20657
4516,4701
4516,12722
4516,7430
4516,11071
4516,5249
4516,11437
4516,5064
4516,8362
4516,38303
4517,38766
4517,40873
4517,40874
4517,40875
4517,23900
4517,13940
4517,4723
4517,22498
4517,7793
4517,40876
4517,40877
4517,34124
4517,37654
4517,12562
4517,4599
4517,21984
4517,8559
4517,36573
4517,35382
4517,4601
4517,40878
4517,40879
4517,40880
4517,40881
4517,5249
4517,40882
4517,40883
4517,40884
4517,40885
4517,40886
4517,39325
4517,40887
4517,40888
4517,35977
4517,35978
4517,40889
4518,19548
4518,40890
4518,40891
4518,4539
4518,40892
4518,22113
4518,8189
4518,40893
4518,40836
4518,31062
4518,7361
4518,4599
4518,5827
4518,4543
4518,19550
4518,40894
4518,29499
4518,40895
4518,40896
4518,40838
4518,40897
4518,40898
4518,37193
4518,40899
4518,40900
4518,40901
4518,40902
4518,40903
4518,39210
4518,40904
4518,40905
4518,19552
4518,32307
4518,4874
4518,5249
4518,38469
4518,40906
4518,40907
4518,20075
4519,26863
4519,4539
4519,11352
4519,4599
4519,8492
4519,4701
4519,5249
4519,40908
4519,13949
4519,40909
4519,40910
4520,40911
4520,40912
4520,40913
4520,40914
4520,4539
4520,37723
4520,4599
4520,22928
4520,8492
4520,8509
4520,40915
4520,40916
4521,40278
4521,40917
4521,9131
4521,40918
4521,4681
4521,40919
4521,39162
4521,17771
4521,36212
4521,4951
4521,4787
4521,4599
4521,40152
4521,40920
4521,40921
4521,4543
4521,40922
4521,5553
4521,5539
4521,40923
4521,4701
4521,23041
4521,5486
4521,40924
4521,17772
4521,6335
4521,9674
4521,40925
4521,5358
4521,36254
4522,16138
4522,13344
4522,4681
4522,40926
4522,40927
4522,4542
4522,5269
4522,40928
4522,36787
4522,5304
4522,40929
4522,4599
4522,4543
4522,6330
4522,5553
4522,35206
4522,4701
4522,5486
4522,19445
4522,5358
4523,40930
4523,40931
4523,40796
4523,38027
4523,39277
4523,22653
4523,4599
4523,4543
4523,20145
4523,40932
4523,40933
4523,4701
4523,39849
4523,6459
4523,40934
4523,40935
4523,40936
4523,5249
4523,20075
4523,40937
4523,40938
4523,39386
4523,40939
4523,29509
4523,40940
4524,40911
4524,28072
4524,39275
4524,40941
4524,38925
4524,38926
4524,36205
4524,34023
4524,36206
4524,20838
4524,40942
4524,37225
4524,40943
4524,9688
4524,38928
4524,5269
4524,32808
4524,36211
4524,38929
4524,37723
4524,38930
4524,40944
4524,36212
4524,26540
4524,21282
4524,40945
4524,36213
4524,12083
4524,6456
4524,39278
4524,4599
4524,17428
4524,13431
4524,40946
4524,4543
4524,19529
4524,21673
4524,8492
4524,4700
4524,38647
4524,10866
4524,38934
4524,15711
4524,4701
4524,39177
4524,40947
4524,23041
4524,7902
4524,40948
4524,5249
4524,40949
4524,34315
4524,8509
4524,4703
4524,19445
4524,20075
4524,40950
4524,5358
4525,14547
4525,32664
4525,9456
4525,39607
4525,19548
4525,5057
4525,38295
4525,21637
4525,24982
4525,14761
4525,17427
4525,32665
4525,8189
4525,34124
4525,4906
4525,40951
4525,21442
4525,7361
4525,10255
4525,27845
4525,40952
4525,4599
4525,16204
4525,40953
4525,36044
4525,19550
4525,29278
4525,6728
4525,4871
4525,5553
4525,22637
4525,40954
4525,8983
4525,37944
4525,4701
4525,12721
4525,33081
4525,20454
4525,19397
4525,12722
4525,12631
4525,34732
4525,40955
4525,14548
4525,40956
4525,5035
4525,40957
4525,14550
4525,8355
4525,4910
4525,11071
4525,32307
4525,5249
4525,17586
4526,40958
4526,40959
4526,40960
4526,38591
4526,27100
4526,4599
4526,13431
4526,35068
4526,21673
4526,8492
4526,4701
4526,13591
4526,6079
4526,7209
4526,40961
4526,40962
4526,40963
4526,40964
4526,5486
4526,40965
4526,40379
4526,40966
4526,38410
4526,40967
4526,4844
4526,12439
4526,5001
4526,28472
4526,40968
4526,10197
4526,16386
4526,5249
4526,40969
4526,40970
4526,40971
4526,10971
4526,40972
4526,4703
4526,34955
4526,20075
4526,40973
4526,40974
4526,40975
4526,29384
4526,40976
4526,40977
4527,4599
4527,4543
4527,6330
4527,21673
4527,5539
4527,8492
4527,31847
4527,4701
4527,40978
4527,40979
4527,40980
4527,26289
4527,40118
4527,40033
4527,40981
4527,40982
4527,38410
4527,7700
4527,40983
4527,12439
4527,8694
4527,40984
4527,40985
4527,40986
4527,40987
4527,40988
4527,40989
4527,40990
4527,5249
4527,28501
4527,6081
4527,9689
4527,40991
4527,40992
4527,40993
4527,32931
4527,7105
4527,40994
4527,26280
4527,40995
4527,40996
4527,40997
4527,40998
4527,40999
4527,41000
4527,41001
4527,5007
4527,20075
4527,7436
4527,41002
4527,41003
4527,41004
4527,41005
4527,41006
4527,41007
4527,41008
4527,37286
4527,10977
4527,41009
4527,41010
4527,26281
4527,5358
4527,41011
4528,4599
4528,7264
4528,26824
4528,6330
4528,5553
4528,5539
4528,41012
4528,10866
4528,15711
4528,41013
4528,4701
4528,41014
4528,41015
4528,39405
4528,32487
4528,40965
4528,5000
4528,41016
4528,27293
4528,41017
4528,41018
4528,41019
4528,41020
4528,16386
4528,5249
4528,6081
4528,15277
4528,11437
4528,5064
4528,41008
4528,8362
